#,Date-Time (CDT),Temperature   (°C)(W-CT 22155177),Electrical Conductivity   (µS/cm)(W-CT 22155177),Specific Conductivity   (µS/cm)(W-CT 22155177),Salinity   (PSU)(W-CT 22155177),Total Dissolved Solids   (mg/L)(W-CT 22155177),Water Detect,Host Connected,Low Power Warning,Button Down,Button Up,End of File
1,03/02/2026 17:30:00,25.61,0.0,0.0,0.01,0.00,Out,,,,,
2,03/02/2026 17:32:50,,,,,,,Logged,,,,
3,03/02/2026 17:33:53,,,,,,,Logged,,,,
4,03/02/2026 17:34:56,,,,,,,Logged,,,,
5,03/02/2026 17:36:14,,,,,,,Logged,,,,
6,03/02/2026 17:37:19,,,,,,,Logged,,,,
7,03/02/2026 17:38:22,,,,,,,Logged,,,,
8,03/02/2026 17:39:29,,,,,,,Logged,,,,
9,03/02/2026 17:40:00,23.99,0.0,0.0,0.01,0.00,,,,,,
10,03/02/2026 17:40:34,,,,,,,Logged,,,,
11,03/02/2026 17:41:39,,,,,,,Logged,,,,
12,03/02/2026 17:42:45,,,,,,,Logged,,,,
13,03/02/2026 17:50:00,22.35,577.7,611.8,0.30,375.51,In,,,,,
14,03/02/2026 18:00:00,22.23,575.6,611.2,0.30,374.15,,,,,,
15,03/02/2026 18:10:00,22.10,572.9,610.1,0.30,372.40,,,,,,
16,03/02/2026 18:20:00,21.95,569.6,608.6,0.29,370.26,,,,,,
17,03/02/2026 18:30:00,21.78,568.1,609.3,0.29,369.26,,,,,,
18,03/02/2026 18:40:00,21.63,566.0,609.2,0.29,367.92,,,,,,
19,03/02/2026 18:50:00,21.46,564.6,609.9,0.30,366.99,,,,,,
20,03/02/2026 19:00:00,21.28,562.9,610.6,0.30,365.90,,,,,,
21,03/02/2026 19:10:00,21.09,561.1,611.3,0.30,364.72,,,,,,
22,03/02/2026 19:20:00,20.93,559.8,612.2,0.30,363.87,,,,,,
23,03/02/2026 19:30:00,20.75,558.0,612.7,0.30,362.69,,,,,,
24,03/02/2026 19:40:00,20.59,556.9,613.8,0.30,362.00,,,,,,
25,03/02/2026 19:50:00,20.44,555.8,614.8,0.30,361.29,,,,,,
26,03/02/2026 20:00:00,20.28,554.4,615.3,0.30,360.34,,,,,,
27,03/02/2026 20:10:00,20.13,552.7,615.7,0.30,359.24,,,,,,
28,03/02/2026 20:20:00,19.96,551.3,616.5,0.30,358.35,,,,,,
29,03/02/2026 20:30:00,19.81,549.2,616.4,0.30,356.99,,,,,,
30,03/02/2026 20:40:00,19.65,548.1,617.4,0.30,356.24,,,,,,
31,03/02/2026 20:50:00,19.50,546.8,618.2,0.30,355.45,,,,,,
32,03/02/2026 21:00:00,19.36,545.9,619.3,0.30,354.85,,,,,,
33,03/02/2026 21:10:00,19.19,544.8,620.4,0.30,354.11,,,,,,
34,03/02/2026 21:20:00,19.05,543.0,620.6,0.30,352.94,,,,,,
35,03/02/2026 21:30:00,18.89,542.1,622.0,0.30,352.39,,,,,,
36,03/02/2026 21:40:00,18.77,540.9,622.4,0.30,351.60,,,,,,
37,03/02/2026 21:50:00,18.62,539.3,622.8,0.30,350.57,,,,,,
38,03/02/2026 22:00:00,18.49,540.0,625.5,0.30,350.99,,,,,,
39,03/02/2026 22:10:00,18.35,539.0,626.5,0.30,350.38,,,,,,
40,03/02/2026 22:20:00,18.20,537.9,627.4,0.30,349.64,,,,,,
41,03/02/2026 22:30:00,18.07,537.5,629.0,0.30,349.41,,,,,,
42,03/02/2026 22:40:00,17.97,537.3,630.4,0.30,349.22,,,,,,
43,03/02/2026 22:50:00,17.88,536.8,631.2,0.30,348.91,,,,,,
44,03/02/2026 23:00:00,17.79,537.0,632.8,0.30,349.03,,,,,,
45,03/02/2026 23:10:00,17.68,536.6,634.1,0.31,348.81,,,,,,
46,03/02/2026 23:20:00,17.59,536.8,635.8,0.31,348.95,,,,,,
47,03/02/2026 23:30:00,17.49,536.7,637.3,0.31,348.88,,,,,,
48,03/02/2026 23:40:00,17.39,536.7,638.8,0.31,348.86,,,,,,
49,03/02/2026 23:50:00,17.31,536.2,639.5,0.31,348.50,,,,,,
50,03/03/2026 00:00:00,17.23,535.4,639.8,0.31,348.00,,,,,,
51,03/03/2026 00:10:00,17.16,535.7,641.4,0.31,348.24,,,,,,
52,03/03/2026 00:20:00,17.06,535.6,642.7,0.31,348.12,,,,,,
53,03/03/2026 00:30:00,16.97,534.7,643.2,0.31,347.53,,,,,,
54,03/03/2026 00:40:00,16.89,535.1,644.9,0.31,347.79,,,,,,
55,03/03/2026 00:50:00,16.82,536.4,647.8,0.31,348.69,,,,,,
56,03/03/2026 01:00:00,16.75,535.7,648.0,0.31,348.23,,,,,,
57,03/03/2026 01:10:00,16.71,536.2,649.3,0.31,348.51,,,,,,
58,03/03/2026 01:20:00,16.64,536.1,650.3,0.31,348.48,,,,,,
59,03/03/2026 01:30:00,16.57,536.5,651.8,0.31,348.70,,,,,,
60,03/03/2026 01:40:00,16.52,536.9,653.2,0.31,349.01,,,,,,
61,03/03/2026 01:50:00,16.46,537.1,654.6,0.31,349.12,,,,,,
62,03/03/2026 02:00:00,16.40,537.4,655.9,0.31,349.34,,,,,,
63,03/03/2026 02:10:00,16.35,537.6,657.0,0.32,349.46,,,,,,
64,03/03/2026 02:20:00,16.31,537.8,657.9,0.32,349.57,,,,,,
65,03/03/2026 02:30:00,16.25,538.6,659.8,0.32,350.11,,,,,,
66,03/03/2026 02:40:00,16.21,538.7,660.7,0.32,350.18,,,,,,
67,03/03/2026 02:50:00,16.15,538.8,661.9,0.32,350.25,,,,,,
68,03/03/2026 03:00:00,16.10,539.2,663.1,0.32,350.49,,,,,,
69,03/03/2026 03:10:00,16.06,540.1,665.0,0.32,351.08,,,,,,
70,03/03/2026 03:20:00,16.03,541.2,666.8,0.32,351.78,,,,,,
71,03/03/2026 03:30:00,16.00,542.3,668.7,0.32,352.49,,,,,,
72,03/03/2026 03:40:00,15.97,543.0,670.2,0.32,352.97,,,,,,
73,03/03/2026 03:50:00,15.93,542.8,670.6,0.32,352.83,,,,,,
74,03/03/2026 04:00:00,15.90,543.0,671.4,0.32,352.98,,,,,,
75,03/03/2026 04:10:00,15.88,544.0,672.9,0.32,353.62,,,,,,
76,03/03/2026 04:20:00,15.83,545.3,675.3,0.32,354.45,,,,,,
77,03/03/2026 04:30:00,15.82,546.8,677.4,0.32,355.39,,,,,,
78,03/03/2026 04:40:00,15.81,547.3,678.1,0.33,355.74,,,,,,
79,03/03/2026 04:50:00,15.80,548.9,680.3,0.33,356.76,,,,,,
80,03/03/2026 05:00:00,15.78,549.2,681.1,0.33,356.96,,,,,,
81,03/03/2026 05:10:00,15.76,546.8,678.4,0.33,355.44,,,,,,
82,03/03/2026 05:20:00,15.77,539.3,669.0,0.32,350.58,,,,,,
83,03/03/2026 05:30:00,15.76,551.1,683.7,0.33,358.21,,,,,,
84,03/03/2026 05:40:00,15.73,551.0,684.1,0.33,358.17,,,,,,
85,03/03/2026 05:50:00,15.72,552.0,685.6,0.33,358.80,,,,,,
86,03/03/2026 06:00:00,15.73,553.9,687.7,0.33,360.02,,,,,,
87,03/03/2026 06:10:00,15.73,555.1,689.4,0.33,360.82,,,,,,
88,03/03/2026 06:20:00,15.72,555.7,690.3,0.33,361.22,,,,,,
89,03/03/2026 06:30:00,15.70,556.8,691.8,0.33,361.89,,,,,,
90,03/03/2026 06:40:00,15.70,556.7,691.8,0.33,361.84,,,,,,
91,03/03/2026 06:50:00,15.69,558.6,694.4,0.33,363.11,,,,,,
92,03/03/2026 07:00:00,15.69,560.7,696.9,0.33,364.43,,,,,,
93,03/03/2026 07:10:00,15.69,561.4,697.9,0.34,364.93,,,,,,
94,03/03/2026 07:20:00,15.68,564.2,701.6,0.34,366.74,,,,,,
95,03/03/2026 07:30:00,15.69,565.5,702.9,0.34,367.61,,,,,,
96,03/03/2026 07:40:00,15.70,566.9,704.4,0.34,368.48,,,,,,
97,03/03/2026 07:50:00,15.73,569.9,707.6,0.34,370.46,,,,,,
98,03/03/2026 08:00:00,15.76,572.1,709.9,0.34,371.86,,,,,,
99,03/03/2026 08:10:00,15.81,573.4,710.5,0.34,372.71,,,,,,
100,03/03/2026 08:20:00,15.84,575.0,711.9,0.34,373.74,,,,,,
101,03/03/2026 08:30:00,15.88,576.9,713.5,0.34,374.97,,,,,,
102,03/03/2026 08:40:00,15.92,578.5,714.8,0.34,376.03,,,,,,
103,03/03/2026 08:50:00,15.98,580.7,716.5,0.34,377.48,,,,,,
104,03/03/2026 09:00:00,16.05,582.4,717.1,0.34,378.53,,,,,,
105,03/03/2026 09:10:00,16.10,584.5,718.9,0.35,379.95,,,,,,
106,03/03/2026 09:20:00,16.20,587.9,721.2,0.35,382.15,,,,,,
107,03/03/2026 09:30:00,16.28,590.9,723.4,0.35,384.11,,,,,,
108,03/03/2026 09:40:00,16.38,595.1,726.7,0.35,386.81,,,,,,
109,03/03/2026 09:50:00,16.48,597.9,728.2,0.35,388.63,,,,,,
110,03/03/2026 10:00:00,16.63,600.5,728.5,0.35,390.30,,,,,,
111,03/03/2026 10:10:00,16.80,604.8,730.5,0.35,393.11,,,,,,
112,03/03/2026 10:20:00,16.95,607.4,731.1,0.35,394.83,,,,,,
113,03/03/2026 10:30:00,17.07,612.6,734.9,0.35,398.19,,,,,,
114,03/03/2026 10:40:00,17.17,614.4,735.3,0.35,399.34,,,,,,
115,03/03/2026 10:50:00,17.30,617.3,736.5,0.36,401.27,,,,,,
116,03/03/2026 11:00:00,17.59,619.6,733.8,0.35,402.75,,,,,,
117,03/03/2026 11:10:00,17.72,622.6,734.9,0.36,404.69,,,,,,
118,03/03/2026 11:20:00,17.98,629.0,737.9,0.36,408.88,,,,,,
119,03/03/2026 11:30:00,18.17,631.3,736.9,0.36,410.32,,,,,,
120,03/03/2026 11:40:00,18.45,636.8,738.3,0.36,413.94,,,,,,
121,03/03/2026 11:50:00,18.75,640.7,737.6,0.36,416.48,,,,,,
122,03/03/2026 12:00:00,19.03,644.4,736.7,0.36,418.85,,,,,,
123,03/03/2026 12:10:00,19.33,650.2,738.0,0.36,422.60,,,,,,
124,03/03/2026 12:20:00,19.58,653.3,737.2,0.36,424.68,,,,,,
125,03/03/2026 12:30:00,19.84,656.5,736.2,0.36,426.70,,,,,,
126,03/03/2026 12:40:00,20.10,661.6,737.4,0.36,430.01,,,,,,
127,03/03/2026 12:50:00,20.48,667.6,737.7,0.36,433.96,,,,,,
128,03/03/2026 13:00:00,20.81,672.7,737.6,0.36,437.26,,,,,,
129,03/03/2026 13:10:00,21.02,674.1,735.6,0.36,438.17,,,,,,
130,03/03/2026 13:20:00,21.24,677.0,735.1,0.36,440.07,,,,,,
131,03/03/2026 13:30:00,21.59,682.2,734.8,0.36,443.43,,,,,,
132,03/03/2026 13:40:00,21.88,686.3,734.5,0.36,446.13,,,,,,
133,03/03/2026 13:50:00,22.16,689.9,733.7,0.36,448.44,,,,,,
134,03/03/2026 14:00:00,22.40,693.5,733.5,0.36,450.76,,,,,,
135,03/03/2026 14:10:00,22.71,699.0,734.3,0.36,454.37,,,,,,
136,03/03/2026 14:20:00,22.93,700.8,732.7,0.36,455.52,,,,,,
137,03/03/2026 14:30:00,23.23,705.1,732.3,0.36,458.29,,,,,,
138,03/03/2026 14:40:00,23.42,706.3,730.6,0.36,459.09,,,,,,
139,03/03/2026 14:50:00,23.59,707.0,728.6,0.36,459.58,,,,,,
140,03/03/2026 15:00:00,23.80,704.9,723.0,0.35,458.16,,,,,,
141,03/03/2026 15:10:00,24.13,707.1,720.2,0.35,459.59,,,,,,
142,03/03/2026 15:20:00,24.24,709.7,721.1,0.35,461.29,,,,,,
143,03/03/2026 15:30:00,24.35,708.6,718.4,0.35,460.60,,,,,,
144,03/03/2026 15:40:00,24.42,706.9,715.7,0.35,459.50,,,,,,
145,03/03/2026 15:50:00,24.50,710.4,717.9,0.35,461.76,,,,,,
146,03/03/2026 16:00:00,24.60,710.9,716.9,0.35,462.08,,,,,,
147,03/03/2026 16:10:00,24.74,711.9,715.8,0.35,462.74,,,,,,
148,03/03/2026 16:20:00,24.80,706.2,709.2,0.35,459.04,,,,,,
149,03/03/2026 16:30:00,24.87,696.1,698.0,0.34,452.44,,,,,,
150,03/03/2026 16:40:00,24.90,692.0,693.4,0.34,449.82,,,,,,
151,03/03/2026 16:50:00,24.93,683.8,684.8,0.33,444.49,,,,,,
152,03/03/2026 17:00:00,24.94,679.1,680.0,0.33,441.43,,,,,,
153,03/03/2026 17:10:00,24.97,676.8,677.3,0.33,439.94,,,,,,
154,03/03/2026 17:20:00,24.98,670.4,670.7,0.33,435.77,,,,,,
155,03/03/2026 17:30:00,24.93,667.7,668.8,0.33,434.03,,,,,,
156,03/03/2026 17:40:00,24.89,664.3,665.8,0.32,431.79,,,,,,
157,03/03/2026 17:50:00,24.89,659.9,661.4,0.32,428.93,,,,,,
158,03/03/2026 18:00:00,24.90,655.7,657.1,0.32,426.18,,,,,,
159,03/03/2026 18:10:00,24.88,652.8,654.4,0.32,424.30,,,,,,
160,03/03/2026 18:20:00,24.83,649.3,651.6,0.32,422.02,,,,,,
161,03/03/2026 18:30:00,24.76,646.3,649.5,0.32,420.07,,,,,,
162,03/03/2026 18:40:00,24.66,642.3,646.9,0.31,417.49,,,,,,
163,03/03/2026 18:50:00,24.60,638.5,644.0,0.31,415.05,,,,,,
164,03/03/2026 19:00:00,24.55,634.5,640.5,0.31,412.44,,,,,,
165,03/03/2026 19:10:00,24.50,629.2,635.9,0.31,408.96,,,,,,
166,03/03/2026 19:20:00,24.44,626.2,633.6,0.31,407.00,,,,,,
167,03/03/2026 19:30:00,24.38,623.8,632.1,0.31,405.48,,,,,,
168,03/03/2026 19:40:00,24.31,619.3,628.4,0.31,402.52,,,,,,
169,03/03/2026 19:50:00,24.21,613.9,624.3,0.30,399.03,,,,,,
170,03/03/2026 20:00:00,24.08,610.4,622.4,0.30,396.76,,,,,,
171,03/03/2026 20:10:00,23.95,605.8,619.5,0.30,393.79,,,,,,
172,03/03/2026 20:20:00,23.81,604.9,620.4,0.30,393.17,,,,,,
173,03/03/2026 20:30:00,23.69,602.7,619.7,0.30,391.76,,,,,,
174,03/03/2026 20:40:00,23.57,600.2,618.8,0.30,390.13,,,,,,
175,03/03/2026 20:50:00,23.47,598.9,618.8,0.30,389.28,,,,,,
176,03/03/2026 21:00:00,23.28,595.1,617.4,0.30,386.81,,,,,,
177,03/03/2026 21:10:00,23.15,592.5,616.4,0.30,385.10,,,,,,
178,03/03/2026 21:20:00,23.00,591.5,617.5,0.30,384.45,,,,,,
179,03/03/2026 21:30:00,22.85,582.9,610.4,0.30,378.91,,,,,,
180,03/03/2026 21:40:00,22.70,580.4,609.8,0.30,377.28,,,,,,
181,03/03/2026 21:50:00,22.57,579.7,610.9,0.30,376.82,,,,,,
182,03/03/2026 22:00:00,22.42,577.3,610.4,0.30,375.23,,,,,,
183,03/03/2026 22:10:00,22.29,576.4,611.1,0.30,374.64,,,,,,
184,03/03/2026 22:20:00,22.14,575.1,611.9,0.30,373.81,,,,,,
185,03/03/2026 22:30:00,21.98,575.8,614.7,0.30,374.27,,,,,,
186,03/03/2026 22:40:00,21.83,575.4,616.4,0.30,374.00,,,,,,
187,03/03/2026 22:50:00,21.69,580.0,623.4,0.30,377.02,,,,,,
188,03/03/2026 23:00:00,21.58,579.8,624.7,0.30,376.90,,,,,,
189,03/03/2026 23:10:00,21.47,580.0,626.4,0.30,376.97,,,,,,
190,03/03/2026 23:20:00,21.33,580.9,629.5,0.30,377.61,,,,,,
191,03/03/2026 23:30:00,21.20,582.9,633.4,0.31,378.88,,,,,,
192,03/03/2026 23:40:00,21.07,584.1,636.6,0.31,379.69,,,,,,
193,03/03/2026 23:50:00,20.97,586.0,640.1,0.31,380.89,,,,,,
194,03/04/2026 00:00:00,20.87,587.3,643.1,0.31,381.72,,,,,,
195,03/04/2026 00:10:00,20.74,589.0,646.8,0.31,382.87,,,,,,
196,03/04/2026 00:20:00,20.63,590.6,650.2,0.31,383.91,,,,,,
197,03/04/2026 00:30:00,20.55,593.1,654.3,0.32,385.52,,,,,,
198,03/04/2026 00:40:00,20.44,594.8,657.7,0.32,386.60,,,,,,
199,03/04/2026 00:50:00,20.36,596.1,660.4,0.32,387.48,,,,,,
200,03/04/2026 01:00:00,20.27,599.5,665.6,0.32,389.68,,,,,,
201,03/04/2026 01:10:00,20.18,601.1,668.8,0.32,390.74,,,,,,
202,03/04/2026 01:20:00,20.10,603.1,672.3,0.33,392.04,,,,,,
203,03/04/2026 01:30:00,20.04,603.7,674.0,0.33,392.44,,,,,,
204,03/04/2026 01:40:00,19.96,605.2,676.8,0.33,393.35,,,,,,
205,03/04/2026 01:50:00,19.88,606.9,680.0,0.33,394.50,,,,,,
206,03/04/2026 02:00:00,19.80,608.8,683.4,0.33,395.75,,,,,,
207,03/04/2026 02:10:00,19.73,610.1,686.0,0.33,396.56,,,,,,
208,03/04/2026 02:20:00,19.67,611.5,688.5,0.33,397.46,,,,,,
209,03/04/2026 02:30:00,19.61,614.4,692.9,0.34,399.37,,,,,,
210,03/04/2026 02:40:00,19.55,615.4,695.0,0.34,400.00,,,,,,
211,03/04/2026 02:50:00,19.47,618.5,699.8,0.34,402.03,,,,,,
212,03/04/2026 03:00:00,19.41,619.1,701.5,0.34,402.41,,,,,,
213,03/04/2026 03:10:00,19.36,620.4,703.7,0.34,403.23,,,,,,
214,03/04/2026 03:20:00,19.32,621.5,705.7,0.34,403.97,,,,,,
215,03/04/2026 03:30:00,19.27,623.1,708.3,0.34,405.01,,,,,,
216,03/04/2026 03:40:00,19.25,624.4,710.0,0.34,405.84,,,,,,
217,03/04/2026 03:50:00,19.19,625.6,712.5,0.34,406.65,,,,,,
218,03/04/2026 04:00:00,19.17,626.0,713.3,0.35,406.91,,,,,,
219,03/04/2026 04:10:00,19.16,626.4,713.8,0.35,407.13,,,,,,
220,03/04/2026 04:20:00,19.13,627.1,715.4,0.35,407.64,,,,,,
221,03/04/2026 04:30:00,19.09,627.6,716.6,0.35,407.96,,,,,,
222,03/04/2026 04:40:00,19.06,628.1,717.6,0.35,408.29,,,,,,
223,03/04/2026 04:50:00,19.04,628.7,718.7,0.35,408.68,,,,,,
224,03/04/2026 05:00:00,19.03,629.1,719.3,0.35,408.92,,,,,,
225,03/04/2026 05:10:00,19.02,629.3,719.7,0.35,409.03,,,,,,
226,03/04/2026 05:20:00,19.00,629.5,720.3,0.35,409.17,,,,,,
227,03/04/2026 05:30:00,18.97,629.7,721.0,0.35,409.32,,,,,,
228,03/04/2026 05:40:00,18.96,630.0,721.6,0.35,409.49,,,,,,
229,03/04/2026 05:50:00,18.94,630.1,722.0,0.35,409.57,,,,,,
230,03/04/2026 06:00:00,18.93,629.8,721.7,0.35,409.36,,,,,,
231,03/04/2026 06:10:00,18.92,630.0,722.2,0.35,409.50,,,,,,
232,03/04/2026 06:20:00,18.92,630.1,722.4,0.35,409.56,,,,,,
233,03/04/2026 06:30:00,18.91,629.8,722.2,0.35,409.40,,,,,,
234,03/04/2026 06:40:00,18.91,630.4,722.9,0.35,409.73,,,,,,
235,03/04/2026 06:50:00,18.90,628.9,721.3,0.35,408.82,,,,,,
236,03/04/2026 07:00:00,18.90,629.4,721.9,0.35,409.08,,,,,,
237,03/04/2026 07:10:00,18.89,628.9,721.5,0.35,408.80,,,,,,
238,03/04/2026 07:20:00,18.90,630.4,723.1,0.35,409.78,,,,,,
239,03/04/2026 07:30:00,18.91,631.2,723.8,0.35,410.27,,,,,,
240,03/04/2026 07:40:00,18.92,631.9,724.4,0.35,410.75,,,,,,
241,03/04/2026 07:50:00,18.95,632.6,724.7,0.35,411.19,,,,,,
242,03/04/2026 08:00:00,19.00,633.7,725.1,0.35,411.93,,,,,,
243,03/04/2026 08:10:00,19.07,635.8,726.3,0.35,413.30,,,,,,
244,03/04/2026 08:20:00,19.14,637.4,726.9,0.35,414.34,,,,,,
245,03/04/2026 08:30:00,19.19,638.5,727.3,0.35,415.04,,,,,,
246,03/04/2026 08:40:00,19.24,639.7,727.8,0.35,415.79,,,,,,
247,03/04/2026 08:50:00,19.27,640.8,728.6,0.35,416.55,,,,,,
248,03/04/2026 09:00:00,19.31,641.8,728.9,0.35,417.20,,,,,,
249,03/04/2026 09:10:00,19.36,643.5,730.0,0.35,418.28,,,,,,
250,03/04/2026 09:20:00,19.41,644.6,730.4,0.35,419.02,,,,,,
251,03/04/2026 09:30:00,19.44,646.0,731.3,0.35,419.90,,,,,,
252,03/04/2026 09:40:00,19.50,647.8,732.5,0.36,421.08,,,,,,
253,03/04/2026 09:50:00,19.54,650.1,734.2,0.36,422.56,,,,,,
254,03/04/2026 10:00:00,19.65,651.6,734.0,0.36,423.54,,,,,,
255,03/04/2026 10:10:00,19.78,654.2,734.7,0.36,425.23,,,,,,
256,03/04/2026 10:20:00,19.89,656.2,735.1,0.36,426.51,,,,,,
257,03/04/2026 10:30:00,19.98,657.4,734.9,0.36,427.34,,,,,,
258,03/04/2026 10:40:00,20.12,659.4,734.8,0.36,428.62,,,,,,
259,03/04/2026 10:50:00,20.29,661.6,734.2,0.36,430.03,,,,,,
260,03/04/2026 11:00:00,20.44,663.7,734.0,0.36,431.38,,,,,,
261,03/04/2026 11:10:00,20.57,666.1,734.4,0.36,432.99,,,,,,
262,03/04/2026 11:20:00,20.67,668.7,735.6,0.36,434.63,,,,,,
263,03/04/2026 11:30:00,20.79,671.8,736.9,0.36,436.67,,,,,,
264,03/04/2026 11:40:00,20.87,672.9,736.9,0.36,437.40,,,,,,
265,03/04/2026 11:50:00,20.94,674.1,736.9,0.36,438.17,,,,,,
266,03/04/2026 12:00:00,21.05,675.7,736.9,0.36,439.18,,,,,,
267,03/04/2026 12:10:00,21.12,676.3,736.4,0.36,439.62,,,,,,
268,03/04/2026 12:20:00,21.18,676.7,735.7,0.36,439.86,,,,,,
269,03/04/2026 12:30:00,21.30,677.6,734.7,0.36,440.46,,,,,,
270,03/04/2026 12:40:00,21.46,678.0,732.4,0.36,440.70,,,,,,
271,03/04/2026 12:50:00,21.70,679.5,730.1,0.36,441.65,,,,,,
272,03/04/2026 13:00:00,21.75,679.0,728.7,0.35,441.32,,,,,,
273,03/04/2026 13:10:00,21.87,678.3,726.0,0.35,440.92,,,,,,
274,03/04/2026 13:20:00,22.03,674.5,719.4,0.35,438.42,,,,,,
275,03/04/2026 13:30:00,22.21,674.4,716.3,0.35,438.34,,,,,,
276,03/04/2026 13:40:00,22.24,677.1,718.7,0.35,440.14,,,,,,
277,03/04/2026 13:50:00,22.38,674.8,714.2,0.35,438.65,,,,,,
278,03/04/2026 14:00:00,22.56,674.3,710.8,0.35,438.31,,,,,,
279,03/04/2026 14:10:00,22.71,674.7,708.8,0.34,438.56,,,,,,
280,03/04/2026 14:20:00,22.82,673.0,705.4,0.34,437.46,,,,,,
281,03/04/2026 14:30:00,23.06,668.4,696.7,0.34,434.46,,,,,,
282,03/04/2026 14:40:00,23.28,666.2,691.1,0.34,433.01,,,,,,
283,03/04/2026 14:50:00,23.39,666.1,689.5,0.34,432.99,,,,,,
284,03/04/2026 15:00:00,23.39,665.7,688.9,0.34,432.68,,,,,,
285,03/04/2026 15:10:00,23.42,666.4,689.2,0.34,433.18,,,,,,
286,03/04/2026 15:20:00,23.51,664.5,685.9,0.33,431.90,,,,,,
287,03/04/2026 15:30:00,23.54,662.4,683.3,0.33,430.56,,,,,,
288,03/04/2026 15:40:00,23.54,660.4,681.3,0.33,429.24,,,,,,
289,03/04/2026 15:50:00,23.63,655.7,675.1,0.33,426.20,,,,,,
290,03/04/2026 16:00:00,23.59,653.7,673.7,0.33,424.89,,,,,,
291,03/04/2026 16:10:00,23.59,652.8,672.7,0.33,424.29,,,,,,
292,03/04/2026 16:20:00,23.67,652.0,670.7,0.33,423.80,,,,,,
293,03/04/2026 16:30:00,23.72,651.1,669.0,0.33,423.23,,,,,,
294,03/04/2026 16:40:00,23.71,649.5,667.6,0.32,422.18,,,,,,
295,03/04/2026 16:50:00,23.72,644.6,662.5,0.32,419.02,,,,,,
296,03/04/2026 17:00:00,23.73,642.4,660.0,0.32,417.56,,,,,,
297,03/04/2026 17:10:00,23.72,638.9,656.5,0.32,415.27,,,,,,
298,03/04/2026 17:20:00,23.72,636.4,653.9,0.32,413.64,,,,,,
299,03/04/2026 17:30:00,23.69,635.4,653.4,0.32,413.02,,,,,,
300,03/04/2026 17:40:00,23.68,634.1,652.2,0.32,412.19,,,,,,
301,03/04/2026 17:50:00,23.64,632.8,651.4,0.32,411.33,,,,,,
302,03/04/2026 18:00:00,23.58,632.2,651.6,0.32,410.93,,,,,,
303,03/04/2026 18:10:00,23.55,627.9,647.7,0.31,408.16,,,,,,
304,03/04/2026 18:20:00,23.53,624.5,644.4,0.31,405.92,,,,,,
305,03/04/2026 18:30:00,23.50,622.4,642.7,0.31,404.58,,,,,,
306,03/04/2026 18:40:00,23.44,621.2,642.2,0.31,403.80,,,,,,
307,03/04/2026 18:50:00,23.38,620.4,642.3,0.31,403.23,,,,,,
308,03/04/2026 19:00:00,23.33,617.5,640.0,0.31,401.36,,,,,,
309,03/04/2026 19:10:00,23.25,615.4,638.9,0.31,400.04,,,,,,
310,03/04/2026 19:20:00,23.19,614.4,638.7,0.31,399.35,,,,,,
311,03/04/2026 19:30:00,23.14,613.9,638.9,0.31,399.04,,,,,,
312,03/04/2026 19:40:00,23.06,610.2,636.1,0.31,396.65,,,,,,
313,03/04/2026 19:50:00,22.96,605.7,632.9,0.31,393.73,,,,,,
314,03/04/2026 20:00:00,22.87,601.9,630.1,0.31,391.22,,,,,,
315,03/04/2026 20:10:00,22.56,598.0,630.3,0.31,388.69,,,,,,
316,03/04/2026 20:20:00,21.87,585.2,626.3,0.30,380.36,,,,,,
317,03/04/2026 20:30:00,21.64,415.6,447.1,0.22,270.12,,,,,,
318,03/04/2026 20:40:00,21.67,326.5,351.0,0.17,212.20,,,,,,
319,03/04/2026 20:50:00,21.40,330.0,356.9,0.17,214.49,,,,,,
320,03/04/2026 21:00:00,21.25,330.2,358.4,0.17,214.61,,,,,,
321,03/04/2026 21:10:00,21.09,343.5,374.2,0.18,223.27,,,,,,
322,03/04/2026 21:20:00,20.94,374.7,409.6,0.20,243.56,,,,,,
323,03/04/2026 21:30:00,20.80,395.4,433.6,0.21,257.00,,,,,,
324,03/04/2026 21:40:00,20.72,390.8,429.3,0.21,253.99,,,,,,
325,03/04/2026 21:50:00,20.66,398.8,438.7,0.21,259.22,,,,,,
326,03/04/2026 22:00:00,20.60,410.3,452.0,0.22,266.69,,,,,,
327,03/04/2026 22:10:00,20.53,418.8,462.2,0.22,272.20,,,,,,
328,03/04/2026 22:20:00,20.44,426.2,471.4,0.23,277.06,,,,,,
329,03/04/2026 22:30:00,20.35,429.4,475.9,0.23,279.11,,,,,,
330,03/04/2026 22:40:00,20.27,432.4,480.1,0.23,281.03,,,,,,
331,03/04/2026 22:50:00,20.18,433.4,482.3,0.23,281.72,,,,,,
332,03/04/2026 23:00:00,20.09,432.5,482.2,0.23,281.12,,,,,,
333,03/04/2026 23:10:00,20.01,430.8,481.3,0.23,280.04,,,,,,
334,03/04/2026 23:20:00,19.91,428.7,479.9,0.23,278.64,,,,,,
335,03/04/2026 23:30:00,19.85,425.4,477.0,0.23,276.49,,,,,,
336,03/04/2026 23:40:00,19.78,418.9,470.4,0.23,272.25,,,,,,
337,03/04/2026 23:50:00,19.71,407.2,458.1,0.22,264.69,,,,,,
338,03/05/2026 00:00:00,19.65,389.7,439.0,0.21,253.30,,,,,,
339,03/05/2026 00:10:00,19.61,371.6,419.0,0.20,241.52,,,,,,
340,03/05/2026 00:20:00,19.58,344.1,388.3,0.19,223.64,,,,,,
341,03/05/2026 00:30:00,19.54,310.8,351.1,0.17,202.02,,,,,,
342,03/05/2026 00:40:00,19.48,273.8,309.7,0.15,177.96,,,,,,
343,03/05/2026 00:50:00,19.47,264.4,299.2,0.14,171.86,,,,,,
344,03/05/2026 01:00:00,19.47,266.3,301.3,0.14,173.12,,,,,,
345,03/05/2026 01:10:00,19.46,259.2,293.4,0.14,168.50,,,,,,
346,03/05/2026 01:20:00,19.44,254.3,287.9,0.14,165.31,,,,,,
347,03/05/2026 01:30:00,19.42,255.9,289.9,0.14,166.36,,,,,,
348,03/05/2026 01:40:00,19.39,261.3,296.2,0.14,169.86,,,,,,
349,03/05/2026 01:50:00,19.36,264.7,300.3,0.14,172.04,,,,,,
350,03/05/2026 02:00:00,19.33,267.0,303.1,0.14,173.57,,,,,,
351,03/05/2026 02:10:00,19.30,267.6,304.0,0.15,173.96,,,,,,
352,03/05/2026 02:20:00,19.27,268.9,305.6,0.15,174.77,,,,,,
353,03/05/2026 02:30:00,19.25,269.6,306.6,0.15,175.24,,,,,,
354,03/05/2026 02:40:00,19.22,270.9,308.4,0.15,176.10,,,,,,
355,03/05/2026 02:50:00,19.18,272.7,310.7,0.15,177.26,,,,,,
356,03/05/2026 03:00:00,19.14,275.5,314.1,0.15,179.07,,,,,,
357,03/05/2026 03:10:00,19.10,281.2,320.9,0.15,182.76,,,,,,
358,03/05/2026 03:20:00,19.07,289.9,331.1,0.16,188.42,,,,,,
359,03/05/2026 03:30:00,19.03,299.8,342.8,0.16,194.89,,,,,,
360,03/05/2026 03:40:00,19.00,310.0,354.7,0.17,201.49,,,,,,
361,03/05/2026 03:50:00,18.97,320.4,366.8,0.18,208.24,,,,,,
362,03/05/2026 04:00:00,18.94,330.2,378.4,0.18,214.62,,,,,,
363,03/05/2026 04:10:00,18.90,340.0,389.9,0.19,220.98,,,,,,
364,03/05/2026 04:20:00,18.86,346.4,397.6,0.19,225.13,,,,,,
365,03/05/2026 04:30:00,18.84,351.4,403.6,0.19,228.42,,,,,,
366,03/05/2026 04:40:00,18.83,355.3,408.2,0.20,230.96,,,,,,
367,03/05/2026 04:50:00,18.81,357.0,410.3,0.20,232.06,,,,,,
368,03/05/2026 05:00:00,18.79,357.6,411.2,0.20,232.44,,,,,,
369,03/05/2026 05:10:00,18.77,357.2,410.9,0.20,232.15,,,,,,
370,03/05/2026 05:20:00,18.75,355.6,409.3,0.20,231.12,,,,,,
371,03/05/2026 05:30:00,18.73,354.0,407.7,0.19,230.10,,,,,,
372,03/05/2026 05:40:00,18.70,351.8,405.4,0.19,228.65,,,,,,
373,03/05/2026 05:50:00,18.68,349.9,403.5,0.19,227.45,,,,,,
374,03/05/2026 06:00:00,18.65,348.6,402.3,0.19,226.62,,,,,,
375,03/05/2026 06:10:00,18.63,347.6,401.3,0.19,225.93,,,,,,
376,03/05/2026 06:20:00,18.61,347.1,401.0,0.19,225.64,,,,,,
377,03/05/2026 06:30:00,18.59,347.3,401.3,0.19,225.71,,,,,,
378,03/05/2026 06:40:00,18.56,348.1,402.5,0.19,226.26,,,,,,
379,03/05/2026 06:50:00,18.54,349.5,404.4,0.19,227.19,,,,,,
380,03/05/2026 07:00:00,18.51,352.1,407.7,0.19,228.89,,,,,,
381,03/05/2026 07:10:00,18.48,356.0,412.5,0.20,231.41,,,,,,
382,03/05/2026 07:20:00,18.46,360.9,418.4,0.20,234.60,,,,,,
383,03/05/2026 07:30:00,18.44,367.3,426.0,0.20,238.74,,,,,,
384,03/05/2026 07:40:00,18.44,373.2,432.8,0.21,242.56,,,,,,
385,03/05/2026 07:50:00,18.45,380.8,441.6,0.21,247.55,,,,,,
386,03/05/2026 08:00:00,18.46,390.0,452.1,0.22,253.48,,,,,,
387,03/05/2026 08:10:00,18.48,398.3,461.4,0.22,258.87,,,,,,
388,03/05/2026 08:20:00,18.52,407.2,471.4,0.23,264.68,,,,,,
389,03/05/2026 08:30:00,18.58,417.0,482.0,0.23,271.06,,,,,,
390,03/05/2026 08:40:00,18.66,425.9,491.3,0.24,276.80,,,,,,
391,03/05/2026 08:50:00,18.73,434.5,500.3,0.24,282.43,,,,,,
392,03/05/2026 09:00:00,18.83,444.7,510.8,0.25,289.04,,,,,,
393,03/05/2026 09:10:00,18.92,451.6,517.8,0.25,293.55,,,,,,
394,03/05/2026 09:20:00,19.03,461.2,527.3,0.25,299.76,,,,,,
395,03/05/2026 09:30:00,19.16,467.8,533.2,0.26,304.07,,,,,,
396,03/05/2026 09:40:00,19.23,475.3,540.8,0.26,308.95,,,,,,
397,03/05/2026 09:50:00,19.28,479.9,545.5,0.26,311.96,,,,,,
398,03/05/2026 10:00:00,19.34,487.6,553.4,0.27,316.92,,,,,,
399,03/05/2026 10:10:00,19.55,493.3,557.1,0.27,320.62,,,,,,
400,03/05/2026 10:20:00,19.75,498.0,559.7,0.27,323.70,,,,,,
401,03/05/2026 10:30:00,19.91,503.5,563.8,0.27,327.30,,,,,,
402,03/05/2026 10:40:00,20.09,508.6,567.1,0.27,330.60,,,,,,
403,03/05/2026 10:50:00,20.30,514.0,570.3,0.28,334.08,,,,,,
404,03/05/2026 11:00:00,20.46,517.4,571.9,0.28,336.32,,,,,,
405,03/05/2026 11:10:00,20.72,523.6,575.3,0.28,340.36,,,,,,
406,03/05/2026 11:20:00,20.93,527.3,576.5,0.28,342.71,,,,,,
407,03/05/2026 11:30:00,21.11,531.5,578.7,0.28,345.46,,,,,,
408,03/05/2026 11:40:00,21.28,535.2,580.7,0.28,347.91,,,,,,
409,03/05/2026 11:50:00,21.49,539.7,582.6,0.28,350.78,,,,,,
410,03/05/2026 12:00:00,21.68,543.6,584.3,0.28,353.35,,,,,,
411,03/05/2026 12:10:00,21.86,546.1,584.7,0.28,354.99,,,,,,
412,03/05/2026 12:20:00,22.08,549.7,585.6,0.28,357.27,,,,,,
413,03/05/2026 12:30:00,22.39,554.5,586.7,0.28,360.41,,,,,,
414,03/05/2026 12:40:00,22.70,557.9,586.2,0.28,362.63,,,,,,
415,03/05/2026 12:50:00,22.91,560.0,585.6,0.28,363.98,,,,,,
416,03/05/2026 13:00:00,23.15,562.3,585.1,0.28,365.49,,,,,,
417,03/05/2026 13:10:00,23.47,566.0,584.8,0.28,367.93,,,,,,
418,03/05/2026 13:20:00,23.81,568.6,583.2,0.28,369.61,,,,,,
419,03/05/2026 13:30:00,24.04,571.3,583.0,0.28,371.32,,,,,,
420,03/05/2026 13:40:00,24.28,567.0,575.7,0.28,368.52,,,,,,
421,03/05/2026 13:50:00,24.47,565.9,572.4,0.28,367.86,,,,,,
422,03/05/2026 14:00:00,24.58,564.8,569.9,0.28,367.11,,,,,,
423,03/05/2026 14:10:00,24.73,564.7,567.9,0.28,367.05,,,,,,
424,03/05/2026 14:20:00,24.89,563.6,564.9,0.27,366.33,,,,,,
425,03/05/2026 14:30:00,24.98,560.9,561.1,0.27,364.57,,,,,,
426,03/05/2026 14:40:00,25.12,551.7,550.3,0.27,358.61,,,,,,
427,03/05/2026 14:50:00,25.26,550.1,547.1,0.27,357.58,,,,,,
428,03/05/2026 15:00:00,25.36,548.5,544.4,0.26,356.52,,,,,,
429,03/05/2026 15:10:00,25.54,549.1,543.0,0.26,356.92,,,,,,
430,03/05/2026 15:20:00,25.59,542.6,535.9,0.26,352.67,,,,,,
431,03/05/2026 15:30:00,25.76,541.5,533.0,0.26,352.00,,,,,,
432,03/05/2026 15:40:00,25.79,545.5,536.6,0.26,354.56,,,,,,
433,03/05/2026 15:50:00,25.85,542.2,532.6,0.26,352.41,,,,,,
434,03/05/2026 16:00:00,25.91,539.6,529.5,0.26,350.75,,,,,,
435,03/05/2026 16:10:00,25.92,534.1,524.0,0.25,347.14,,,,,,
436,03/05/2026 16:20:00,25.95,536.7,526.3,0.26,348.88,,,,,,
437,03/05/2026 16:30:00,25.89,531.4,521.6,0.25,345.42,,,,,,
438,03/05/2026 16:40:00,25.80,514.0,505.5,0.24,334.08,,,,,,
439,03/05/2026 16:50:00,25.76,507.4,499.5,0.24,329.80,,,,,,
440,03/05/2026 17:00:00,25.70,503.4,496.2,0.24,327.22,,,,,,
441,03/05/2026 17:10:00,25.58,501.1,495.1,0.24,325.74,,,,,,
442,03/05/2026 17:20:00,25.42,493.2,488.9,0.24,320.59,,,,,,
443,03/05/2026 17:30:00,25.30,492.0,488.9,0.24,319.80,,,,,,
444,03/05/2026 17:40:00,25.14,489.6,488.2,0.24,318.26,,,,,,
445,03/05/2026 17:50:00,25.03,488.9,488.6,0.24,317.77,,,,,,
446,03/05/2026 18:00:00,24.88,503.0,504.3,0.24,326.98,,,,,,
447,03/05/2026 18:10:00,24.74,500.7,503.4,0.24,325.46,,,,,,
448,03/05/2026 18:20:00,24.63,498.5,502.4,0.24,324.05,,,,,,
449,03/05/2026 18:30:00,24.46,496.5,502.2,0.24,322.73,,,,,,
450,03/05/2026 18:40:00,24.32,494.2,501.4,0.24,321.23,,,,,,
451,03/05/2026 18:50:00,24.16,490.9,499.7,0.24,319.08,,,,,,
452,03/05/2026 19:00:00,24.01,488.8,499.2,0.24,317.75,,,,,,
453,03/05/2026 19:10:00,23.88,487.4,499.2,0.24,316.80,,,,,,
454,03/05/2026 19:20:00,23.71,485.1,498.6,0.24,315.32,,,,,,
455,03/05/2026 19:30:00,23.56,483.0,498.0,0.24,313.94,,,,,,
456,03/05/2026 19:40:00,23.44,481.4,497.7,0.24,312.88,,,,,,
457,03/05/2026 19:50:00,23.29,479.7,497.7,0.24,311.84,,,,,,
458,03/05/2026 20:00:00,23.14,478.3,497.7,0.24,310.87,,,,,,
459,03/05/2026 20:10:00,22.99,477.1,498.2,0.24,310.13,,,,,,
460,03/05/2026 20:20:00,22.83,476.0,498.6,0.24,309.37,,,,,,
461,03/05/2026 20:30:00,22.70,475.1,499.2,0.24,308.83,,,,,,
462,03/05/2026 20:40:00,22.55,474.4,500.2,0.24,308.38,,,,,,
463,03/05/2026 20:50:00,22.40,474.2,501.6,0.24,308.24,,,,,,
464,03/05/2026 21:00:00,22.22,474.2,503.6,0.24,308.21,,,,,,
465,03/05/2026 21:10:00,22.03,473.9,505.4,0.24,308.03,,,,,,
466,03/05/2026 21:20:00,21.88,475.0,508.3,0.25,308.74,,,,,,
467,03/05/2026 21:30:00,21.73,475.0,510.0,0.25,308.74,,,,,,
468,03/05/2026 21:40:00,21.59,476.1,512.8,0.25,309.45,,,,,,
469,03/05/2026 21:50:00,21.45,476.9,515.3,0.25,309.97,,,,,,
470,03/05/2026 22:00:00,21.31,477.7,517.8,0.25,310.52,,,,,,
471,03/05/2026 22:10:00,21.20,478.7,520.3,0.25,311.17,,,,,,
472,03/05/2026 22:20:00,21.08,479.4,522.4,0.25,311.63,,,,,,
473,03/05/2026 22:30:00,20.98,480.5,524.8,0.25,312.35,,,,,,
474,03/05/2026 22:40:00,20.88,481.4,527.0,0.25,312.89,,,,,,
475,03/05/2026 22:50:00,20.78,476.9,523.3,0.25,309.97,,,,,,
476,03/05/2026 23:00:00,20.67,483.7,532.0,0.26,314.37,,,,,,
477,03/05/2026 23:10:00,20.59,483.8,533.2,0.26,314.50,,,,,,
478,03/05/2026 23:20:00,20.51,479.4,529.3,0.25,311.61,,,,,,
479,03/05/2026 23:30:00,20.42,485.0,536.5,0.26,315.24,,,,,,
480,03/05/2026 23:40:00,20.35,486.0,538.5,0.26,315.90,,,,,,
481,03/05/2026 23:50:00,20.29,486.7,540.2,0.26,316.37,,,,,,
482,03/06/2026 00:00:00,20.21,487.4,541.9,0.26,316.82,,,,,,
483,03/06/2026 00:10:00,20.14,487.5,542.8,0.26,316.84,,,,,,
484,03/06/2026 00:20:00,20.08,488.6,544.9,0.26,317.58,,,,,,
485,03/06/2026 00:30:00,20.03,489.7,546.8,0.26,318.32,,,,,,
486,03/06/2026 00:40:00,19.96,491.1,549.3,0.26,319.24,,,,,,
487,03/06/2026 00:50:00,19.91,492.7,551.7,0.27,320.27,,,,,,
488,03/06/2026 01:00:00,19.84,493.0,552.9,0.27,320.42,,,,,,
489,03/06/2026 01:10:00,19.79,496.0,557.0,0.27,322.43,,,,,,
490,03/06/2026 01:20:00,19.74,498.6,560.6,0.27,324.12,,,,,,
491,03/06/2026 01:30:00,19.69,502.1,565.2,0.27,326.39,,,,,,
492,03/06/2026 01:40:00,19.64,504.2,568.2,0.27,327.75,,,,,,
493,03/06/2026 01:50:00,19.58,508.0,573.2,0.28,330.18,,,,,,
494,03/06/2026 02:00:00,19.55,513.0,579.3,0.28,333.44,,,,,,
495,03/06/2026 02:10:00,19.49,528.0,597.1,0.29,343.21,,,,,,
496,03/06/2026 02:20:00,19.45,529.2,599.0,0.29,343.98,,,,,,
497,03/06/2026 02:30:00,19.41,532.0,602.7,0.29,345.78,,,,,,
498,03/06/2026 02:40:00,19.36,530.1,601.3,0.29,344.57,,,,,,
499,03/06/2026 02:50:00,19.32,531.7,603.7,0.29,345.61,,,,,,
500,03/06/2026 03:00:00,19.28,532.9,605.7,0.29,346.37,,,,,,
501,03/06/2026 03:10:00,19.24,535.1,608.8,0.29,347.84,,,,,,
502,03/06/2026 03:20:00,19.19,535.3,609.7,0.29,347.95,,,,,,
503,03/06/2026 03:30:00,19.15,536.6,611.8,0.29,348.81,,,,,,
504,03/06/2026 03:40:00,19.11,538.0,613.9,0.30,349.71,,,,,,
505,03/06/2026 03:50:00,19.07,539.7,616.5,0.30,350.82,,,,,,
506,03/06/2026 04:00:00,19.01,540.2,617.9,0.30,351.11,,,,,,
507,03/06/2026 04:10:00,18.97,541.1,619.5,0.30,351.73,,,,,,
508,03/06/2026 04:20:00,18.92,542.2,621.5,0.30,352.40,,,,,,
509,03/06/2026 04:30:00,18.87,542.0,622.2,0.30,352.33,,,,,,
510,03/06/2026 04:40:00,18.85,545.6,626.6,0.30,354.63,,,,,,
511,03/06/2026 04:50:00,18.79,546.3,628.1,0.30,355.07,,,,,,
512,03/06/2026 05:00:00,18.75,546.4,628.9,0.30,355.15,,,,,,
513,03/06/2026 05:10:00,18.72,547.0,630.2,0.30,355.55,,,,,,
514,03/06/2026 05:20:00,18.67,547.5,631.3,0.30,355.86,,,,,,
515,03/06/2026 05:30:00,18.67,549.2,633.5,0.31,357.01,,,,,,
516,03/06/2026 05:40:00,18.64,551.1,636.0,0.31,358.21,,,,,,
517,03/06/2026 05:50:00,18.62,551.8,637.2,0.31,358.70,,,,,,
518,03/06/2026 06:00:00,18.60,555.7,642.1,0.31,361.22,,,,,,
519,03/06/2026 06:10:00,18.57,553.2,639.6,0.31,359.57,,,,,,
520,03/06/2026 06:20:00,18.53,552.2,638.9,0.31,358.91,,,,,,
521,03/06/2026 06:30:00,18.50,556.4,644.3,0.31,361.65,,,,,,
522,03/06/2026 06:40:00,18.48,554.5,642.4,0.31,360.44,,,,,,
523,03/06/2026 06:50:00,18.45,559.7,648.9,0.31,363.78,,,,,,
524,03/06/2026 07:00:00,18.44,559.7,649.2,0.31,363.83,,,,,,
525,03/06/2026 07:10:00,18.42,559.3,649.0,0.31,363.58,,,,,,
526,03/06/2026 07:20:00,18.42,561.3,651.3,0.31,364.82,,,,,,
527,03/06/2026 07:30:00,18.41,562.5,652.9,0.31,365.61,,,,,,
528,03/06/2026 07:40:00,18.40,563.2,653.8,0.32,366.10,,,,,,
529,03/06/2026 07:50:00,18.40,564.1,654.9,0.32,366.69,,,,,,
530,03/06/2026 08:00:00,18.40,565.6,656.7,0.32,367.65,,,,,,
531,03/06/2026 08:10:00,18.40,567.8,659.1,0.32,369.08,,,,,,
532,03/06/2026 08:20:00,18.44,569.4,660.4,0.32,370.09,,,,,,
533,03/06/2026 08:30:00,18.47,571.2,662.0,0.32,371.29,,,,,,
534,03/06/2026 08:40:00,18.53,572.5,662.6,0.32,372.13,,,,,,
535,03/06/2026 08:50:00,18.58,570.4,659.3,0.32,370.74,,,,,,
536,03/06/2026 09:00:00,18.62,571.6,660.0,0.32,371.53,,,,,,
537,03/06/2026 09:10:00,18.64,572.5,660.6,0.32,372.10,,,,,,
538,03/06/2026 09:20:00,18.69,573.4,661.0,0.32,372.68,,,,,,
539,03/06/2026 09:30:00,18.75,573.4,660.0,0.32,372.74,,,,,,
540,03/06/2026 09:40:00,18.77,574.3,660.8,0.32,373.30,,,,,,
541,03/06/2026 09:50:00,18.82,576.1,662.0,0.32,374.49,,,,,,
542,03/06/2026 10:00:00,18.90,578.0,662.9,0.32,375.68,,,,,,
543,03/06/2026 10:10:00,18.98,580.3,664.3,0.32,377.21,,,,,,
544,03/06/2026 10:20:00,19.06,581.2,664.1,0.32,377.79,,,,,,
545,03/06/2026 10:30:00,19.16,583.5,665.0,0.32,379.26,,,,,,
546,03/06/2026 10:40:00,19.35,585.3,664.2,0.32,380.47,,,,,,
547,03/06/2026 10:50:00,19.50,587.8,664.5,0.32,382.09,,,,,,
548,03/06/2026 11:00:00,19.65,594.9,670.2,0.32,386.69,,,,,,
549,03/06/2026 11:10:00,19.73,591.4,665.1,0.32,384.42,,,,,,
550,03/06/2026 11:20:00,19.92,594.6,665.6,0.32,386.49,,,,,,
551,03/06/2026 11:30:00,20.03,596.1,665.5,0.32,387.47,,,,,,
552,03/06/2026 11:40:00,20.12,596.3,664.4,0.32,387.63,,,,,,
553,03/06/2026 11:50:00,20.24,598.3,664.7,0.32,388.93,,,,,,
554,03/06/2026 12:00:00,20.39,599.2,663.5,0.32,389.51,,,,,,
555,03/06/2026 12:10:00,20.54,598.9,660.8,0.32,389.31,,,,,,
556,03/06/2026 12:20:00,20.76,601.6,660.4,0.32,391.03,,,,,,
557,03/06/2026 12:30:00,20.91,603.4,660.2,0.32,392.21,,,,,,
558,03/06/2026 12:40:00,21.04,603.5,658.2,0.32,392.27,,,,,,
559,03/06/2026 12:50:00,21.34,606.9,657.5,0.32,394.47,,,,,,
560,03/06/2026 13:00:00,21.46,606.6,655.4,0.32,394.29,,,,,,
561,03/06/2026 13:10:00,21.55,607.2,654.6,0.32,394.71,,,,,,
562,03/06/2026 13:20:00,21.72,607.4,652.2,0.32,394.79,,,,,,
563,03/06/2026 13:30:00,22.04,608.6,649.0,0.31,395.62,,,,,,
564,03/06/2026 13:40:00,22.34,610.7,646.9,0.31,396.96,,,,,,
565,03/06/2026 13:50:00,22.60,611.8,644.2,0.31,397.65,,,,,,
566,03/06/2026 14:00:00,22.87,613.6,642.3,0.31,398.82,,,,,,
567,03/06/2026 14:10:00,23.24,615.7,639.2,0.31,400.19,,,,,,
568,03/06/2026 14:20:00,23.42,614.8,636.0,0.31,399.65,,,,,,
569,03/06/2026 14:30:00,23.50,613.5,633.4,0.31,398.78,,,,,,
570,03/06/2026 14:40:00,23.61,611.8,630.1,0.31,397.65,,,,,,
571,03/06/2026 14:50:00,23.74,609.1,625.7,0.30,395.94,,,,,,
572,03/06/2026 15:00:00,23.82,609.6,625.1,0.30,396.27,,,,,,
573,03/06/2026 15:10:00,23.95,609.5,623.3,0.30,396.17,,,,,,
574,03/06/2026 15:20:00,24.08,608.3,620.2,0.30,395.37,,,,,,
575,03/06/2026 15:30:00,24.21,606.7,616.9,0.30,394.38,,,,,,
576,03/06/2026 15:40:00,24.27,606.0,615.4,0.30,393.90,,,,,,
577,03/06/2026 15:50:00,24.34,604.5,613.0,0.30,392.95,,,,,,
578,03/06/2026 16:00:00,24.37,602.5,610.6,0.30,391.64,,,,,,
579,03/06/2026 16:10:00,24.37,600.3,608.3,0.30,390.20,,,,,,
580,03/06/2026 16:20:00,24.34,598.8,607.2,0.29,389.19,,,,,,
581,03/06/2026 16:30:00,24.36,597.6,605.7,0.29,388.42,,,,,,
582,03/06/2026 16:40:00,24.37,596.1,604.1,0.29,387.44,,,,,,
583,03/06/2026 16:50:00,24.42,595.2,602.5,0.29,386.88,,,,,,
584,03/06/2026 17:00:00,24.41,593.6,601.1,0.29,385.82,,,,,,
585,03/06/2026 17:10:00,24.38,590.8,598.6,0.29,384.04,,,,,,
586,03/06/2026 17:20:00,24.36,588.9,596.9,0.29,382.79,,,,,,
587,03/06/2026 17:30:00,24.36,588.0,596.0,0.29,382.20,,,,,,
588,03/06/2026 17:40:00,24.34,586.0,594.2,0.29,380.87,,,,,,
589,03/06/2026 17:50:00,24.29,582.9,591.7,0.29,378.89,,,,,,
590,03/06/2026 18:00:00,24.21,579.5,589.2,0.29,376.65,,,,,,
591,03/06/2026 18:10:00,24.15,577.0,587.5,0.28,375.03,,,,,,
592,03/06/2026 18:20:00,24.07,575.5,586.9,0.28,374.07,,,,,,
593,03/06/2026 18:30:00,23.99,574.7,587.2,0.28,373.58,,,,,,
594,03/06/2026 18:40:00,23.88,572.3,586.0,0.28,371.98,,,,,,
595,03/06/2026 18:50:00,23.79,569.6,584.4,0.28,370.23,,,,,,
596,03/06/2026 19:00:00,23.69,567.6,583.6,0.28,368.93,,,,,,
597,03/06/2026 19:10:00,23.59,564.6,581.8,0.28,367.00,,,,,,
598,03/06/2026 19:20:00,23.50,563.1,581.4,0.28,366.04,,,,,,
599,03/06/2026 19:30:00,23.40,562.9,582.5,0.28,365.87,,,,,,
600,03/06/2026 19:40:00,23.30,560.5,581.2,0.28,364.32,,,,,,
601,03/06/2026 19:50:00,23.19,560.8,582.9,0.28,364.50,,,,,,
602,03/06/2026 20:00:00,23.08,559.6,583.1,0.28,363.73,,,,,,
603,03/06/2026 20:10:00,22.97,557.9,582.8,0.28,362.66,,,,,,
604,03/06/2026 20:20:00,22.86,556.7,582.9,0.28,361.83,,,,,,
605,03/06/2026 20:30:00,22.75,556.0,583.6,0.28,361.41,,,,,,
606,03/06/2026 20:40:00,22.63,554.4,583.4,0.28,360.33,,,,,,
607,03/06/2026 20:50:00,22.52,553.0,583.3,0.28,359.45,,,,,,
608,03/06/2026 21:00:00,22.42,550.2,581.7,0.28,357.61,,,,,,
609,03/06/2026 21:10:00,22.31,550.7,583.7,0.28,357.95,,,,,,
610,03/06/2026 21:20:00,22.20,550.5,584.8,0.28,357.80,,,,,,
611,03/06/2026 21:30:00,22.09,549.3,585.0,0.28,357.04,,,,,,
612,03/06/2026 21:40:00,22.00,548.7,585.7,0.28,356.66,,,,,,
613,03/06/2026 21:50:00,21.88,549.1,587.5,0.28,356.89,,,,,,
614,03/06/2026 22:00:00,21.76,549.2,589.3,0.29,356.97,,,,,,
615,03/06/2026 22:10:00,21.68,549.5,590.8,0.29,357.20,,,,,,
616,03/06/2026 22:20:00,21.57,549.6,592.2,0.29,357.22,,,,,,
617,03/06/2026 22:30:00,21.48,549.7,593.6,0.29,357.33,,,,,,
618,03/06/2026 22:40:00,21.39,549.7,594.8,0.29,357.29,,,,,,
619,03/06/2026 22:50:00,21.30,550.0,596.3,0.29,357.47,,,,,,
620,03/06/2026 23:00:00,21.21,551.1,598.7,0.29,358.19,,,,,,
621,03/06/2026 23:10:00,21.14,551.6,600.3,0.29,358.53,,,,,,
622,03/06/2026 23:20:00,21.06,552.8,602.6,0.29,359.31,,,,,,
623,03/06/2026 23:30:00,20.99,552.8,603.6,0.29,359.30,,,,,,
624,03/06/2026 23:40:00,20.91,552.6,604.5,0.29,359.17,,,,,,
625,03/06/2026 23:50:00,20.83,553.0,606.1,0.29,359.46,,,,,,
626,03/07/2026 00:00:00,20.76,552.9,607.0,0.29,359.40,,,,,,
627,03/07/2026 00:10:00,20.69,553.1,608.2,0.29,359.54,,,,,,
628,03/07/2026 00:20:00,20.61,553.0,609.1,0.29,359.45,,,,,,
629,03/07/2026 00:30:00,20.54,553.1,610.3,0.29,359.53,,,,,,
630,03/07/2026 00:40:00,20.49,552.8,610.6,0.30,359.31,,,,,,
631,03/07/2026 00:50:00,20.45,553.1,611.5,0.30,359.50,,,,,,
632,03/07/2026 01:00:00,20.41,553.4,612.5,0.30,359.71,,,,,,
633,03/07/2026 01:10:00,20.37,554.1,613.7,0.30,360.14,,,,,,
634,03/07/2026 01:20:00,20.34,554.3,614.4,0.30,360.31,,,,,,
635,03/07/2026 01:30:00,20.30,554.9,615.6,0.30,360.67,,,,,,
636,03/07/2026 01:40:00,20.27,555.9,617.3,0.30,361.34,,,,,,
637,03/07/2026 01:50:00,20.24,555.8,617.6,0.30,361.27,,,,,,
638,03/07/2026 02:00:00,20.20,556.4,618.8,0.30,361.65,,,,,,
639,03/07/2026 02:10:00,20.17,556.7,619.5,0.30,361.83,,,,,,
640,03/07/2026 02:20:00,20.15,557.4,620.6,0.30,362.30,,,,,,
641,03/07/2026 02:30:00,20.14,558.5,622.1,0.30,363.06,,,,,,
642,03/07/2026 02:40:00,20.13,559.3,623.0,0.30,363.57,,,,,,
643,03/07/2026 02:50:00,20.13,559.8,623.6,0.30,363.90,,,,,,
644,03/07/2026 03:00:00,20.11,561.0,625.1,0.30,364.65,,,,,,
645,03/07/2026 03:10:00,20.10,561.7,626.1,0.30,365.11,,,,,,
646,03/07/2026 03:20:00,20.09,563.2,627.9,0.30,366.09,,,,,,
647,03/07/2026 03:30:00,20.09,563.8,628.5,0.30,366.45,,,,,,
648,03/07/2026 03:40:00,20.09,565.1,630.0,0.30,367.33,,,,,,
649,03/07/2026 03:50:00,20.10,565.7,630.7,0.30,367.72,,,,,,
650,03/07/2026 04:00:00,20.10,567.2,632.3,0.31,368.69,,,,,,
651,03/07/2026 04:10:00,20.09,568.8,634.3,0.31,369.75,,,,,,
652,03/07/2026 04:20:00,20.09,570.7,636.4,0.31,370.98,,,,,,
653,03/07/2026 04:30:00,20.09,572.6,638.4,0.31,372.20,,,,,,
654,03/07/2026 04:40:00,20.10,574.5,640.3,0.31,373.40,,,,,,
655,03/07/2026 04:50:00,20.10,576.4,642.5,0.31,374.66,,,,,,
656,03/07/2026 05:00:00,20.08,577.9,644.4,0.31,375.62,,,,,,
657,03/07/2026 05:10:00,20.07,582.3,649.6,0.31,378.49,,,,,,
658,03/07/2026 05:20:00,20.05,580.4,647.6,0.31,377.25,,,,,,
659,03/07/2026 05:30:00,20.03,582.3,650.1,0.31,378.49,,,,,,
660,03/07/2026 05:40:00,20.02,584.4,652.7,0.32,379.85,,,,,,
661,03/07/2026 05:50:00,20.00,586.6,655.4,0.32,381.27,,,,,,
662,03/07/2026 06:00:00,19.98,588.2,657.6,0.32,382.34,,,,,,
663,03/07/2026 06:10:00,19.94,588.8,658.7,0.32,382.70,,,,,,
664,03/07/2026 06:20:00,19.88,588.5,659.3,0.32,382.51,,,,,,
665,03/07/2026 06:30:00,19.77,586.8,659.2,0.32,381.41,,,,,,
666,03/07/2026 06:40:00,19.61,578.1,651.9,0.32,375.76,,,,,,
667,03/07/2026 06:50:00,19.55,597.8,675.1,0.33,388.56,,,,,,
668,03/07/2026 07:00:00,18.42,143.2,166.2,0.08,93.09,,,,,,
669,03/07/2026 07:10:00,18.11,111.7,130.5,0.06,72.58,,,,,,
670,03/07/2026 07:20:00,17.85,110.0,129.4,0.06,71.48,,,,,,
671,03/07/2026 07:30:00,17.76,127.7,150.6,0.07,82.98,,,,,,
672,03/07/2026 07:40:00,17.52,103.6,122.8,0.06,67.31,,,,,,
673,03/07/2026 07:50:00,17.34,103.9,123.8,0.06,67.51,,,,,,
674,03/07/2026 08:00:00,17.24,181.3,216.7,0.10,117.87,,,,,,
675,03/07/2026 08:10:00,17.14,230.0,275.4,0.13,149.47,,,,,,
676,03/07/2026 08:20:00,17.00,232.7,279.7,0.13,151.27,,,,,,
677,03/07/2026 08:30:00,16.82,214.1,258.5,0.12,139.19,,,,,,
678,03/07/2026 08:40:00,16.67,199.5,241.8,0.11,129.65,,,,,,
679,03/07/2026 08:50:00,16.54,184.8,224.8,0.11,120.13,,,,,,
680,03/07/2026 09:00:00,16.39,173.5,211.8,0.10,112.77,,,,,,
681,03/07/2026 09:10:00,16.32,168.5,206.1,0.10,109.52,,,,,,
682,03/07/2026 09:20:00,16.24,164.7,201.9,0.10,107.08,,,,,,
683,03/07/2026 09:30:00,16.17,162.7,199.8,0.09,105.77,,,,,,
684,03/07/2026 09:40:00,16.11,163.0,200.4,0.09,105.94,,,,,,
685,03/07/2026 09:50:00,16.10,165.0,202.9,0.10,107.26,,,,,,
686,03/07/2026 10:00:00,16.08,169.2,208.2,0.10,109.97,,,,,,
687,03/07/2026 10:10:00,16.03,173.2,213.3,0.10,112.55,,,,,,
688,03/07/2026 10:20:00,16.06,175.3,215.9,0.10,113.97,,,,,,
689,03/07/2026 10:30:00,16.10,176.9,217.6,0.10,114.98,,,,,,
690,03/07/2026 10:40:00,16.11,178.5,219.5,0.10,116.04,,,,,,
691,03/07/2026 10:50:00,16.21,181.0,222.0,0.11,117.66,,,,,,
692,03/07/2026 11:00:00,16.28,183.0,224.0,0.11,118.97,,,,,,
693,03/07/2026 11:10:00,16.27,185.3,226.9,0.11,120.42,,,,,,
694,03/07/2026 11:20:00,16.22,188.2,230.7,0.11,122.32,,,,,,
695,03/07/2026 11:30:00,16.18,191.7,235.2,0.11,124.60,,,,,,
696,03/07/2026 11:40:00,16.14,196.8,241.7,0.11,127.89,,,,,,
697,03/07/2026 11:50:00,16.10,202.0,248.4,0.12,131.30,,,,,,
698,03/07/2026 12:00:00,16.09,208.2,256.2,0.12,135.35,,,,,,
699,03/07/2026 12:10:00,16.07,214.0,263.3,0.12,139.08,,,,,,
700,03/07/2026 12:20:00,16.04,217.9,268.4,0.13,141.63,,,,,,
701,03/07/2026 12:30:00,15.98,223.6,275.9,0.13,145.35,,,,,,
702,03/07/2026 12:40:00,15.89,226.7,280.4,0.13,147.36,,,,,,
703,03/07/2026 12:50:00,15.82,229.8,284.7,0.13,149.38,,,,,,
704,03/07/2026 13:00:00,15.76,231.6,287.4,0.14,150.56,,,,,,
705,03/07/2026 13:10:00,15.68,234.7,291.8,0.14,152.54,,,,,,
706,03/07/2026 13:20:00,15.57,235.2,293.4,0.14,152.91,,,,,,
707,03/07/2026 13:30:00,15.50,234.8,293.3,0.14,152.62,,,,,,
708,03/07/2026 13:40:00,15.47,234.0,292.6,0.14,152.09,,,,,,
709,03/07/2026 13:50:00,15.42,234.9,294.1,0.14,152.66,,,,,,
710,03/07/2026 14:00:00,15.41,238.1,298.1,0.14,154.74,,,,,,
711,03/07/2026 14:10:00,15.43,236.5,296.0,0.14,153.73,,,,,,
712,03/07/2026 14:20:00,15.44,230.0,287.9,0.14,149.53,,,,,,
713,03/07/2026 14:30:00,15.41,228.7,286.4,0.13,148.67,,,,,,
714,03/07/2026 14:40:00,15.37,231.4,290.0,0.14,150.40,,,,,,
715,03/07/2026 14:50:00,15.37,234.9,294.4,0.14,152.70,,,,,,
716,03/07/2026 15:00:00,15.38,236.9,296.9,0.14,154.00,,,,,,
717,03/07/2026 15:10:00,15.38,240.6,301.5,0.14,156.38,,,,,,
718,03/07/2026 15:20:00,15.37,244.3,306.2,0.14,158.79,,,,,,
719,03/07/2026 15:30:00,15.33,244.9,307.4,0.14,159.21,,,,,,
720,03/07/2026 15:40:00,15.28,246.7,310.1,0.15,160.39,,,,,,
721,03/07/2026 15:50:00,15.25,247.8,311.6,0.15,161.07,,,,,,
722,03/07/2026 16:00:00,15.20,250.0,314.7,0.15,162.49,,,,,,
723,03/07/2026 16:10:00,15.15,252.8,318.7,0.15,164.33,,,,,,
724,03/07/2026 16:20:00,15.09,258.9,327.0,0.15,168.30,,,,,,
725,03/07/2026 16:30:00,15.01,266.4,337.1,0.16,173.16,,,,,,
726,03/07/2026 16:40:00,14.95,274.9,348.5,0.16,178.69,,,,,,
727,03/07/2026 16:50:00,14.90,282.7,358.9,0.17,183.76,,,,,,
728,03/07/2026 17:00:00,14.84,289.8,368.5,0.17,188.39,,,,,,
729,03/07/2026 17:10:00,14.78,295.6,376.5,0.18,192.16,,,,,,
730,03/07/2026 17:20:00,14.73,300.8,383.5,0.18,195.54,,,,,,
731,03/07/2026 17:30:00,14.71,304.9,388.9,0.18,198.17,,,,,,
732,03/07/2026 17:40:00,14.68,308.3,393.6,0.19,200.39,,,,,,
733,03/07/2026 17:50:00,14.65,311.2,397.6,0.19,202.27,,,,,,
734,03/07/2026 18:00:00,14.62,314.4,402.1,0.19,204.36,,,,,,
735,03/07/2026 18:10:00,14.59,318.2,407.2,0.19,206.86,,,,,,
736,03/07/2026 18:20:00,14.57,320.8,410.9,0.19,208.55,,,,,,
737,03/07/2026 18:30:00,14.53,324.8,416.2,0.20,211.09,,,,,,
738,03/07/2026 18:40:00,14.50,329.0,422.1,0.20,213.85,,,,,,
739,03/07/2026 18:50:00,14.46,332.5,427.0,0.20,216.12,,,,,,
740,03/07/2026 19:00:00,14.41,337.3,433.7,0.20,219.22,,,,,,
741,03/07/2026 19:10:00,14.37,342.0,440.3,0.21,222.29,,,,,,
742,03/07/2026 19:20:00,14.33,346.6,446.7,0.21,225.27,,,,,,
743,03/07/2026 19:30:00,14.30,350.4,452.0,0.21,227.76,,,,,,
744,03/07/2026 19:40:00,14.27,351.6,453.9,0.21,228.56,,,,,,
745,03/07/2026 19:50:00,14.23,355.6,459.5,0.22,231.12,,,,,,
746,03/07/2026 20:00:00,14.19,359.0,464.3,0.22,233.32,,,,,,
747,03/07/2026 20:10:00,14.15,361.7,468.3,0.22,235.08,,,,,,
748,03/07/2026 20:20:00,14.11,364.7,472.8,0.22,237.08,,,,,,
749,03/07/2026 20:30:00,14.08,367.6,477.1,0.23,238.96,,,,,,
750,03/07/2026 20:40:00,14.04,369.7,480.3,0.23,240.33,,,,,,
751,03/07/2026 20:50:00,14.00,372.8,484.8,0.23,242.35,,,,,,
752,03/07/2026 21:00:00,13.96,374.9,488.0,0.23,243.67,,,,,,
753,03/07/2026 21:10:00,13.91,377.2,491.6,0.23,245.15,,,,,,
754,03/07/2026 21:20:00,13.87,378.0,493.3,0.23,245.68,,,,,,
755,03/07/2026 21:30:00,13.82,381.1,498.1,0.24,247.74,,,,,,
756,03/07/2026 21:40:00,13.76,383.6,502.0,0.24,249.31,,,,,,
757,03/07/2026 21:50:00,13.71,385.9,505.8,0.24,250.83,,,,,,
758,03/07/2026 22:00:00,13.66,387.9,509.1,0.24,252.13,,,,,,
759,03/07/2026 22:10:00,13.61,390.9,513.7,0.24,254.08,,,,,,
760,03/07/2026 22:20:00,13.57,393.6,518.0,0.24,255.87,,,,,,
761,03/07/2026 22:30:00,13.53,396.5,522.3,0.25,257.70,,,,,,
762,03/07/2026 22:40:00,13.49,398.3,525.3,0.25,258.92,,,,,,
763,03/07/2026 22:50:00,13.44,400.4,528.7,0.25,260.25,,,,,,
764,03/07/2026 23:00:00,13.40,403.1,532.9,0.25,262.03,,,,,,
765,03/07/2026 23:10:00,13.36,405.8,537.1,0.25,263.77,,,,,,
766,03/07/2026 23:20:00,13.33,406.9,539.1,0.25,264.51,,,,,,
767,03/07/2026 23:30:00,13.29,410.3,544.1,0.26,266.68,,,,,,
768,03/07/2026 23:40:00,13.26,412.4,547.4,0.26,268.09,,,,,,
769,03/07/2026 23:50:00,13.22,415.2,551.7,0.26,269.91,,,,,,
770,03/08/2026 00:00:00,13.19,416.2,553.5,0.26,270.53,,,,,,
771,03/08/2026 00:10:00,13.15,418.5,557.2,0.26,272.06,,,,,,
772,03/08/2026 00:20:00,13.11,420.2,560.0,0.26,273.16,,,,,,
773,03/08/2026 00:30:00,13.08,421.9,562.8,0.27,274.25,,,,,,
774,03/08/2026 00:40:00,13.04,423.2,565.1,0.27,275.06,,,,,,
775,03/08/2026 00:50:00,13.01,425.5,568.7,0.27,276.57,,,,,,
776,03/08/2026 01:00:00,12.96,427.5,572.1,0.27,277.88,,,,,,
777,03/08/2026 01:10:00,12.92,427.1,572.2,0.27,277.62,,,,,,
778,03/08/2026 01:20:00,12.88,428.9,575.5,0.27,278.81,,,,,,
779,03/08/2026 01:30:00,12.83,430.6,578.4,0.27,279.86,,,,,,
780,03/08/2026 01:40:00,12.78,431.9,581.1,0.27,280.75,,,,,,
781,03/08/2026 01:50:00,12.72,433.3,583.8,0.28,281.62,,,,,,
782,03/08/2026 03:00:00,12.67,434.1,585.8,0.28,282.17,,,,,,
783,03/08/2026 03:10:00,12.61,437.0,590.7,0.28,284.07,,,,,,
784,03/08/2026 03:20:00,12.56,438.5,593.5,0.28,285.03,,,,,,
785,03/08/2026 03:30:00,12.52,440.0,596.3,0.28,286.01,,,,,,
786,03/08/2026 03:40:00,12.46,440.6,598.1,0.28,286.41,,,,,,
787,03/08/2026 03:50:00,12.41,442.8,602.0,0.28,287.84,,,,,,
788,03/08/2026 04:00:00,12.36,445.4,606.3,0.29,289.51,,,,,,
789,03/08/2026 04:10:00,12.31,446.4,608.6,0.29,290.19,,,,,,
790,03/08/2026 04:20:00,12.27,448.9,612.6,0.29,291.76,,,,,,
791,03/08/2026 04:30:00,12.22,450.4,615.7,0.29,292.77,,,,,,
792,03/08/2026 04:40:00,12.17,452.0,618.7,0.29,293.82,,,,,,
793,03/08/2026 04:50:00,12.12,453.6,621.8,0.29,294.83,,,,,,
794,03/08/2026 05:00:00,12.07,454.1,623.3,0.29,295.15,,,,,,
795,03/08/2026 05:10:00,12.03,454.1,624.2,0.29,295.17,,,,,,
796,03/08/2026 05:20:00,11.98,456.5,628.2,0.30,296.72,,,,,,
797,03/08/2026 05:30:00,11.94,456.4,628.9,0.30,296.64,,,,,,
798,03/08/2026 05:40:00,11.90,457.0,630.4,0.30,297.05,,,,,,
799,03/08/2026 05:50:00,11.86,457.6,632.0,0.30,297.44,,,,,,
800,03/08/2026 06:00:00,11.82,458.3,633.8,0.30,297.92,,,,,,
801,03/08/2026 06:10:00,11.78,458.6,634.9,0.30,298.08,,,,,,
802,03/08/2026 06:20:00,11.74,459.7,637.2,0.30,298.81,,,,,,
803,03/08/2026 06:30:00,11.68,457.4,635.0,0.30,297.34,,,,,,
804,03/08/2026 06:40:00,11.64,459.0,638.0,0.30,298.32,,,,,,
805,03/08/2026 06:50:00,11.59,457.8,637.2,0.30,297.55,,,,,,
806,03/08/2026 07:00:00,11.53,458.2,638.9,0.30,297.80,,,,,,
807,03/08/2026 07:10:00,11.48,459.5,641.6,0.30,298.68,,,,,,
808,03/08/2026 07:20:00,11.42,458.5,641.4,0.30,298.03,,,,,,
809,03/08/2026 07:30:00,11.37,458.2,642.0,0.30,297.84,,,,,,
810,03/08/2026 07:40:00,11.32,457.9,642.5,0.30,297.62,,,,,,
811,03/08/2026 07:50:00,11.27,457.7,643.2,0.30,297.50,,,,,,
812,03/08/2026 08:00:00,11.23,458.6,645.2,0.30,298.07,,,,,,
813,03/08/2026 08:10:00,11.19,456.9,643.5,0.30,296.98,,,,,,
814,03/08/2026 08:20:00,11.15,457.5,645.1,0.30,297.35,,,,,,
815,03/08/2026 08:30:00,11.13,456.6,644.2,0.30,296.77,,,,,,
816,03/08/2026 08:40:00,11.13,457.1,645.0,0.30,297.11,,,,,,
817,03/08/2026 08:50:00,11.14,459.1,647.7,0.31,298.42,,,,,,
818,03/08/2026 09:00:00,11.16,460.1,648.7,0.31,299.08,,,,,,
819,03/08/2026 09:10:00,11.20,460.7,648.8,0.31,299.47,,,,,,
820,03/08/2026 09:20:00,11.26,460.8,647.7,0.31,299.51,,,,,,
821,03/08/2026 09:30:00,11.33,463.1,649.5,0.31,301.03,,,,,,
822,03/08/2026 09:40:00,11.43,464.1,649.0,0.31,301.68,,,,,,
823,03/08/2026 09:50:00,11.55,465.5,648.7,0.31,302.56,,,,,,
824,03/08/2026 10:00:00,11.68,465.7,646.4,0.31,302.69,,,,,,
825,03/08/2026 10:10:00,11.85,469.1,648.2,0.31,304.93,,,,,,
826,03/08/2026 10:20:00,12.05,470.1,645.7,0.31,305.58,,,,,,
827,03/08/2026 10:30:00,12.30,473.4,645.7,0.31,307.74,,,,,,
828,03/08/2026 10:40:00,12.54,476.6,645.5,0.31,309.78,,,,,,
829,03/08/2026 10:50:00,12.87,480.7,645.1,0.31,312.48,,,,,,
830,03/08/2026 11:00:00,13.20,485.0,644.7,0.31,315.22,,,,,,
831,03/08/2026 11:10:00,13.57,489.1,643.6,0.31,317.92,,,,,,
832,03/08/2026 11:20:00,13.95,492.5,641.2,0.31,320.10,,,,,,
833,03/08/2026 11:30:00,14.35,497.4,640.7,0.31,323.30,,,,,,
834,03/08/2026 11:40:00,14.77,501.2,638.4,0.30,325.77,,,,,,
835,03/08/2026 11:50:00,15.20,506.4,637.6,0.30,329.15,,,,,,
836,03/08/2026 12:00:00,15.61,510.1,635.5,0.30,331.57,,,,,,
837,03/08/2026 12:10:00,16.05,514.6,633.7,0.30,334.51,,,,,,
838,03/08/2026 12:20:00,16.51,520.2,633.2,0.30,338.14,,,,,,
839,03/08/2026 12:30:00,16.99,526.6,633.1,0.30,342.31,,,,,,
840,03/08/2026 12:40:00,17.47,528.9,628.2,0.30,343.79,,,,,,
841,03/08/2026 12:50:00,17.93,532.3,625.2,0.30,346.02,,,,,,
842,03/08/2026 13:00:00,18.34,536.1,623.2,0.30,348.46,,,,,,
843,03/08/2026 13:10:00,18.82,541.0,621.7,0.30,351.64,,,,,,
844,03/08/2026 13:20:00,19.26,544.6,619.3,0.30,354.00,,,,,,
845,03/08/2026 13:30:00,19.70,548.4,617.1,0.30,356.46,,,,,,
846,03/08/2026 13:40:00,20.13,552.3,615.2,0.30,358.98,,,,,,
847,03/08/2026 13:50:00,20.55,554.4,611.6,0.30,360.38,,,,,,
848,03/08/2026 14:00:00,20.98,557.8,609.2,0.29,362.57,,,,,,
849,03/08/2026 14:10:00,21.38,559.5,605.5,0.29,363.66,,,,,,
850,03/08/2026 14:20:00,21.76,562.2,603.2,0.29,365.41,,,,,,
851,03/08/2026 14:30:00,22.11,560.5,596.8,0.29,364.35,,,,,,
852,03/08/2026 14:40:00,22.46,560.7,592.3,0.29,364.43,,,,,,
853,03/08/2026 14:50:00,22.76,562.3,590.0,0.29,365.51,,,,,,
854,03/08/2026 15:00:00,23.05,562.5,586.6,0.28,365.64,,,,,,
855,03/08/2026 15:10:00,23.30,563.1,583.8,0.28,365.99,,,,,,
856,03/08/2026 15:20:00,23.50,562.6,580.9,0.28,365.66,,,,,,
857,03/08/2026 15:30:00,23.66,562.3,578.6,0.28,365.49,,,,,,
858,03/08/2026 15:40:00,23.82,560.2,574.5,0.28,364.13,,,,,,
859,03/08/2026 15:50:00,23.89,559.2,572.5,0.28,363.48,,,,,,
860,03/08/2026 16:00:00,23.96,555.4,567.8,0.28,361.00,,,,,,
861,03/08/2026 16:10:00,23.97,556.0,568.2,0.28,361.40,,,,,,
862,03/08/2026 16:20:00,23.97,551.3,563.4,0.27,358.32,,,,,,
863,03/08/2026 16:30:00,23.92,547.1,559.8,0.27,355.61,,,,,,
864,03/08/2026 16:40:00,23.86,546.7,560.0,0.27,355.34,,,,,,
865,03/08/2026 16:50:00,23.75,542.1,556.7,0.27,352.39,,,,,,
866,03/08/2026 17:00:00,23.62,535.3,551.3,0.27,347.94,,,,,,
867,03/08/2026 17:10:00,23.47,534.0,551.7,0.27,347.08,,,,,,
868,03/08/2026 17:20:00,23.33,531.4,550.7,0.27,345.41,,,,,,
869,03/08/2026 17:30:00,23.15,529.6,551.1,0.27,344.26,,,,,,
870,03/08/2026 17:40:00,22.99,526.2,549.4,0.27,342.03,,,,,,
871,03/08/2026 17:50:00,22.79,521.0,546.3,0.26,338.65,,,,,,
872,03/08/2026 18:00:00,22.59,520.3,547.9,0.26,338.16,,,,,,
873,03/08/2026 18:10:00,22.38,515.4,545.4,0.26,335.01,,,,,,
874,03/08/2026 18:20:00,22.11,513.5,546.6,0.26,333.75,,,,,,
875,03/08/2026 18:30:00,21.86,510.9,547.0,0.26,332.09,,,,,,
876,03/08/2026 18:40:00,21.59,508.2,547.4,0.26,330.36,,,,,,
877,03/08/2026 18:50:00,21.29,505.6,548.3,0.26,328.65,,,,,,
878,03/08/2026 19:00:00,21.02,506.4,552.5,0.27,329.13,,,,,,
879,03/08/2026 19:10:00,20.78,502.7,551.5,0.27,326.74,,,,,,
880,03/08/2026 19:20:00,20.51,501.6,553.8,0.27,326.04,,,,,,
881,03/08/2026 19:30:00,20.27,500.1,555.3,0.27,325.09,,,,,,
882,03/08/2026 19:40:00,20.04,500.4,558.6,0.27,325.27,,,,,,
883,03/08/2026 19:50:00,19.85,500.5,561.3,0.27,325.35,,,,,,
884,03/08/2026 20:00:00,19.67,501.4,564.6,0.27,325.91,,,,,,
885,03/08/2026 20:10:00,19.50,501.4,566.9,0.27,325.89,,,,,,
886,03/08/2026 20:20:00,19.34,503.3,571.2,0.27,327.15,,,,,,
887,03/08/2026 20:30:00,19.19,503.8,573.8,0.28,327.46,,,,,,
888,03/08/2026 20:40:00,19.03,505.2,577.5,0.28,328.37,,,,,,
889,03/08/2026 20:50:00,18.91,508.2,582.7,0.28,330.33,,,,,,
890,03/08/2026 21:00:00,18.78,509.0,585.5,0.28,330.87,,,,,,
891,03/08/2026 21:10:00,18.69,512.5,590.9,0.28,333.15,,,,,,
892,03/08/2026 21:20:00,18.58,514.5,594.6,0.29,334.43,,,,,,
893,03/08/2026 21:30:00,18.49,517.8,599.8,0.29,336.55,,,,,,
894,03/08/2026 21:40:00,18.39,521.1,605.1,0.29,338.74,,,,,,
895,03/08/2026 21:50:00,18.32,523.1,608.4,0.29,339.99,,,,,,
896,03/08/2026 22:00:00,18.26,524.7,611.2,0.29,341.05,,,,,,
897,03/08/2026 22:10:00,18.19,529.5,617.9,0.30,344.19,,,,,,
898,03/08/2026 22:20:00,18.12,529.4,618.8,0.30,344.09,,,,,,
899,03/08/2026 22:30:00,18.06,532.5,623.3,0.30,346.10,,,,,,
900,03/08/2026 22:40:00,18.00,526.0,616.6,0.30,341.87,,,,,,
901,03/08/2026 22:50:00,17.94,525.4,616.9,0.30,341.52,,,,,,
902,03/08/2026 23:00:00,17.89,527.6,620.2,0.30,342.96,,,,,,
903,03/08/2026 23:10:00,17.84,529.0,622.7,0.30,343.86,,,,,,
904,03/08/2026 23:20:00,17.77,533.2,628.6,0.30,346.56,,,,,,
905,03/08/2026 23:30:00,17.73,533.7,629.9,0.30,346.92,,,,,,
906,03/08/2026 23:40:00,17.67,536.4,634.0,0.30,348.67,,,,,,
907,03/08/2026 23:50:00,17.63,539.1,637.8,0.31,350.39,,,,,,
908,03/09/2026 00:00:00,17.58,542.9,643.1,0.31,352.90,,,,,,
909,03/09/2026 00:10:00,17.54,545.5,647.0,0.31,354.60,,,,,,
910,03/09/2026 00:20:00,17.49,550.1,653.2,0.31,357.59,,,,,,
911,03/09/2026 00:30:00,17.46,551.5,655.2,0.32,358.45,,,,,,
912,03/09/2026 00:40:00,17.41,553.0,657.9,0.32,359.45,,,,,,
913,03/09/2026 00:50:00,17.37,556.0,662.1,0.32,361.39,,,,,,
914,03/09/2026 01:00:00,17.31,557.2,664.5,0.32,362.20,,,,,,
915,03/09/2026 01:10:00,17.26,558.7,667.1,0.32,363.14,,,,,,
916,03/09/2026 01:20:00,17.21,560.6,670.3,0.32,364.42,,,,,,
917,03/09/2026 01:30:00,17.16,561.6,672.2,0.32,365.03,,,,,,
918,03/09/2026 01:40:00,17.13,561.2,672.4,0.32,364.77,,,,,,
919,03/09/2026 01:50:00,17.09,565.0,677.5,0.33,367.27,,,,,,
920,03/09/2026 02:00:00,17.05,564.6,677.7,0.33,366.98,,,,,,
921,03/09/2026 02:10:00,17.00,565.1,679.1,0.33,367.29,,,,,,
922,03/09/2026 02:20:00,16.96,567.8,683.2,0.33,369.10,,,,,,
923,03/09/2026 02:30:00,16.93,566.1,681.5,0.33,367.96,,,,,,
924,03/09/2026 02:40:00,16.90,567.1,683.3,0.33,368.61,,,,,,
925,03/09/2026 02:50:00,16.87,569.1,686.3,0.33,369.92,,,,,,
926,03/09/2026 03:00:00,16.83,572.0,690.4,0.33,371.78,,,,,,
927,03/09/2026 03:10:00,16.80,571.4,690.2,0.33,371.41,,,,,,
928,03/09/2026 03:20:00,16.78,570.3,689.3,0.33,370.73,,,,,,
929,03/09/2026 03:30:00,16.76,572.7,692.6,0.33,372.28,,,,,,
930,03/09/2026 03:40:00,16.74,574.3,695.0,0.33,373.33,,,,,,
931,03/09/2026 03:50:00,16.71,575.0,696.3,0.34,373.77,,,,,,
932,03/09/2026 04:00:00,16.70,575.3,696.8,0.34,373.95,,,,,,
933,03/09/2026 04:10:00,16.70,578.2,700.3,0.34,375.84,,,,,,
934,03/09/2026 04:20:00,16.69,578.6,700.9,0.34,376.12,,,,,,
935,03/09/2026 04:30:00,16.69,580.2,702.8,0.34,377.11,,,,,,
936,03/09/2026 04:40:00,16.69,580.7,703.3,0.34,377.42,,,,,,
937,03/09/2026 04:50:00,16.69,583.7,707.1,0.34,379.42,,,,,,
938,03/09/2026 05:00:00,16.69,584.0,707.4,0.34,379.61,,,,,,
939,03/09/2026 05:10:00,16.69,583.5,706.8,0.34,379.28,,,,,,
940,03/09/2026 05:20:00,16.70,583.9,707.2,0.34,379.56,,,,,,
941,03/09/2026 05:30:00,16.71,585.4,708.8,0.34,380.51,,,,,,
942,03/09/2026 05:40:00,16.72,587.1,710.8,0.34,381.64,,,,,,
943,03/09/2026 05:50:00,16.73,588.0,711.7,0.34,382.21,,,,,,
944,03/09/2026 06:00:00,16.75,584.4,706.9,0.34,379.86,,,,,,
945,03/09/2026 06:10:00,16.76,586.4,709.0,0.34,381.14,,,,,,
946,03/09/2026 06:20:00,16.78,589.5,712.6,0.34,383.19,,,,,,
947,03/09/2026 06:30:00,16.79,590.0,713.0,0.34,383.53,,,,,,
948,03/09/2026 06:40:00,16.80,588.1,710.4,0.34,382.27,,,,,,
949,03/09/2026 06:50:00,16.81,589.8,712.3,0.34,383.39,,,,,,
950,03/09/2026 07:00:00,16.82,590.7,713.2,0.34,383.93,,,,,,
951,03/09/2026 07:10:00,16.82,589.8,712.0,0.34,383.34,,,,,,
952,03/09/2026 07:20:00,16.84,588.0,709.6,0.34,382.19,,,,,,
953,03/09/2026 07:30:00,16.85,590.4,712.2,0.34,383.74,,,,,,
954,03/09/2026 07:40:00,16.86,590.6,712.4,0.34,383.91,,,,,,
955,03/09/2026 07:50:00,16.88,591.8,713.5,0.34,384.67,,,,,,
956,03/09/2026 08:00:00,16.89,592.8,714.5,0.34,385.31,,,,,,
957,03/09/2026 08:10:00,16.89,593.8,715.6,0.34,385.96,,,,,,
958,03/09/2026 08:20:00,16.89,593.8,715.7,0.34,385.99,,,,,,
959,03/09/2026 08:30:00,16.90,597.9,720.4,0.35,388.64,,,,,,
960,03/09/2026 08:40:00,16.91,595.8,717.8,0.35,387.26,,,,,,
961,03/09/2026 08:50:00,16.92,597.8,719.9,0.35,388.55,,,,,,
962,03/09/2026 09:00:00,16.94,600.3,722.6,0.35,390.18,,,,,,
963,03/09/2026 09:10:00,17.00,597.0,717.6,0.35,388.05,,,,,,
964,03/09/2026 09:20:00,17.06,598.9,718.8,0.35,389.28,,,,,,
965,03/09/2026 09:30:00,17.14,600.1,718.8,0.35,390.05,,,,,,
966,03/09/2026 09:40:00,17.24,604.6,722.3,0.35,393.00,,,,,,
967,03/09/2026 09:50:00,17.35,606.5,722.6,0.35,394.20,,,,,,
968,03/09/2026 10:00:00,17.45,610.0,725.0,0.35,396.50,,,,,,
969,03/09/2026 10:10:00,17.59,615.1,728.5,0.35,399.80,,,,,,
970,03/09/2026 10:20:00,17.71,616.7,728.0,0.35,400.82,,,,,,
971,03/09/2026 10:30:00,17.85,616.7,725.6,0.35,400.85,,,,,,
972,03/09/2026 10:40:00,18.01,617.3,723.5,0.35,401.25,,,,,,
973,03/09/2026 10:50:00,18.22,618.0,720.6,0.35,401.68,,,,,,
974,03/09/2026 11:00:00,18.42,618.1,717.1,0.35,401.74,,,,,,
975,03/09/2026 11:10:00,18.65,618.6,713.7,0.35,402.09,,,,,,
976,03/09/2026 11:20:00,18.90,618.8,709.7,0.34,402.24,,,,,,
977,03/09/2026 11:30:00,19.12,619.0,706.2,0.34,402.36,,,,,,
978,03/09/2026 11:40:00,19.39,620.1,702.9,0.34,403.09,,,,,,
979,03/09/2026 11:50:00,19.73,621.7,699.1,0.34,404.10,,,,,,
980,03/09/2026 12:00:00,20.04,626.4,699.3,0.34,407.15,,,,,,
981,03/09/2026 12:10:00,20.41,630.5,697.8,0.34,409.82,,,,,,
982,03/09/2026 12:20:00,20.69,634.2,697.3,0.34,412.24,,,,,,
983,03/09/2026 12:30:00,21.04,636.5,694.2,0.34,413.73,,,,,,
984,03/09/2026 12:40:00,21.33,639.4,692.8,0.34,415.63,,,,,,
985,03/09/2026 12:50:00,21.65,641.1,689.7,0.33,416.70,,,,,,
986,03/09/2026 13:00:00,21.99,642.7,686.1,0.33,417.78,,,,,,
987,03/09/2026 13:10:00,22.29,642.4,681.1,0.33,417.58,,,,,,
988,03/09/2026 13:20:00,22.59,645.3,679.8,0.33,419.46,,,,,,
989,03/09/2026 13:30:00,22.86,644.4,674.7,0.33,418.85,,,,,,
990,03/09/2026 13:40:00,23.14,644.8,671.1,0.33,419.11,,,,,,
991,03/09/2026 13:50:00,23.41,645.4,667.8,0.32,419.53,,,,,,
992,03/09/2026 14:00:00,23.63,643.6,662.7,0.32,418.36,,,,,,
993,03/09/2026 14:10:00,23.86,642.4,658.1,0.32,417.58,,,,,,
994,03/09/2026 14:20:00,24.07,642.5,655.3,0.32,417.61,,,,,,
995,03/09/2026 14:30:00,24.26,643.3,653.5,0.32,418.13,,,,,,
996,03/09/2026 14:40:00,24.52,639.9,646.4,0.31,415.91,,,,,,
997,03/09/2026 14:50:00,24.75,636.7,640.0,0.31,413.87,,,,,,
998,03/09/2026 15:00:00,24.94,635.3,636.1,0.31,412.93,,,,,,
999,03/09/2026 15:10:00,25.15,634.9,632.9,0.31,412.69,,,,,,
1000,03/09/2026 15:20:00,25.32,637.0,632.8,0.31,414.06,,,,,,
1001,03/09/2026 15:30:00,25.51,637.3,630.5,0.31,414.25,,,,,,
1002,03/09/2026 15:40:00,25.64,639.6,631.1,0.31,415.76,,,,,,
1003,03/09/2026 15:50:00,25.68,640.6,631.5,0.31,416.40,,,,,,
1004,03/09/2026 16:00:00,25.73,638.4,628.8,0.31,414.97,,,,,,
1005,03/09/2026 16:10:00,25.81,640.2,629.4,0.31,416.14,,,,,,
1006,03/09/2026 16:20:00,25.93,640.6,628.3,0.31,416.36,,,,,,
1007,03/09/2026 16:30:00,26.01,637.3,624.0,0.30,414.22,,,,,,
1008,03/09/2026 16:40:00,26.07,634.2,620.2,0.30,412.23,,,,,,
1009,03/09/2026 16:50:00,26.13,632.2,617.4,0.30,410.90,,,,,,
1010,03/09/2026 17:00:00,26.20,631.6,616.1,0.30,410.55,,,,,,
1011,03/09/2026 17:10:00,26.24,628.5,612.5,0.30,408.53,,,,,,
1012,03/09/2026 17:20:00,26.25,626.4,610.4,0.30,407.19,,,,,,
1013,03/09/2026 17:30:00,26.22,620.4,604.9,0.29,403.27,,,,,,
1014,03/09/2026 17:40:00,26.19,617.2,602.1,0.29,401.16,,,,,,
1015,03/09/2026 17:50:00,26.14,616.0,601.5,0.29,400.40,,,,,,
1016,03/09/2026 18:00:00,26.07,609.1,595.7,0.29,395.92,,,,,,
1017,03/09/2026 18:10:00,25.98,605.0,592.8,0.29,393.22,,,,,,
1018,03/09/2026 18:20:00,25.85,601.1,590.6,0.29,390.71,,,,,,
1019,03/09/2026 18:30:00,25.73,605.4,596.3,0.29,393.51,,,,,,
1020,03/09/2026 18:40:00,25.60,598.9,591.5,0.29,389.29,,,,,,
1021,03/09/2026 18:50:00,25.41,595.4,590.3,0.29,387.00,,,,,,
1022,03/09/2026 19:00:00,25.23,587.8,585.0,0.28,382.09,,,,,,
1023,03/09/2026 19:10:00,25.00,587.8,587.8,0.29,382.05,,,,,,
1024,03/09/2026 19:20:00,24.76,585.9,588.8,0.29,380.82,,,,,,
1025,03/09/2026 19:30:00,24.51,583.2,589.2,0.29,379.08,,,,,,
1026,03/09/2026 19:40:00,24.26,581.4,590.5,0.29,377.89,,,,,,
1027,03/09/2026 19:50:00,24.02,579.9,592.0,0.29,376.90,,,,,,
1028,03/09/2026 20:00:00,23.78,577.6,592.8,0.29,375.42,,,,,,
1029,03/09/2026 20:10:00,23.55,577.6,595.7,0.29,375.43,,,,,,
1030,03/09/2026 20:20:00,23.33,572.9,593.7,0.29,372.41,,,,,,
1031,03/09/2026 20:30:00,23.14,574.8,598.2,0.29,373.61,,,,,,
1032,03/09/2026 20:40:00,22.95,571.6,597.3,0.29,371.54,,,,,,
1033,03/09/2026 20:50:00,22.80,571.0,598.7,0.29,371.15,,,,,,
1034,03/09/2026 21:00:00,22.65,572.0,601.7,0.29,371.81,,,,,,
1035,03/09/2026 21:10:00,22.51,574.4,606.1,0.29,373.35,,,,,,
1036,03/09/2026 21:20:00,22.37,576.2,609.9,0.30,374.50,,,,,,
1037,03/09/2026 21:30:00,22.24,577.2,612.7,0.30,375.21,,,,,,
1038,03/09/2026 21:40:00,22.11,578.3,615.7,0.30,375.88,,,,,,
1039,03/09/2026 21:50:00,21.97,579.9,619.3,0.30,376.94,,,,,,
1040,03/09/2026 22:00:00,21.85,581.6,622.9,0.30,378.06,,,,,,
1041,03/09/2026 22:10:00,21.74,583.7,626.6,0.30,379.41,,,,,,
1042,03/09/2026 22:20:00,21.61,585.6,630.4,0.31,380.62,,,,,,
1043,03/09/2026 22:30:00,21.50,587.6,634.2,0.31,381.93,,,,,,
1044,03/09/2026 22:40:00,21.39,589.6,638.0,0.31,383.23,,,,,,
1045,03/09/2026 22:50:00,21.30,591.3,641.2,0.31,384.34,,,,,,
1046,03/09/2026 23:00:00,21.20,593.1,644.5,0.31,385.52,,,,,,
1047,03/09/2026 23:10:00,21.13,594.6,647.2,0.31,386.49,,,,,,
1048,03/09/2026 23:20:00,21.05,595.8,649.6,0.31,387.28,,,,,,
1049,03/09/2026 23:30:00,20.97,598.1,653.3,0.32,388.76,,,,,,
1050,03/09/2026 23:40:00,20.90,600.2,656.8,0.32,390.16,,,,,,
1051,03/09/2026 23:50:00,20.83,602.5,660.3,0.32,391.64,,,,,,
1052,03/10/2026 00:00:00,20.77,604.9,663.9,0.32,393.17,,,,,,
1053,03/10/2026 00:10:00,20.70,608.2,668.5,0.32,395.30,,,,,,
1054,03/10/2026 00:20:00,20.63,611.9,673.6,0.33,397.70,,,,,,
1055,03/10/2026 00:30:00,20.57,615.1,678.2,0.33,399.81,,,,,,
1056,03/10/2026 00:40:00,20.49,618.7,683.5,0.33,402.18,,,,,,
1057,03/10/2026 00:50:00,20.42,622.2,688.5,0.33,404.45,,,,,,
1058,03/10/2026 01:00:00,20.36,625.3,692.8,0.34,406.47,,,,,,
1059,03/10/2026 01:10:00,20.31,629.0,697.8,0.34,408.86,,,,,,
1060,03/10/2026 01:20:00,20.25,632.1,702.1,0.34,410.87,,,,,,
1061,03/10/2026 01:30:00,20.21,638.0,709.4,0.34,414.73,,,,,,
1062,03/10/2026 01:40:00,20.17,639.8,712.0,0.35,415.85,,,,,,
1063,03/10/2026 01:50:00,20.14,642.6,715.7,0.35,417.72,,,,,,
1064,03/10/2026 02:00:00,20.10,645.4,719.5,0.35,419.54,,,,,,
1065,03/10/2026 02:10:00,20.07,647.8,722.7,0.35,421.10,,,,,,
1066,03/10/2026 02:20:00,20.03,649.5,725.1,0.35,422.17,,,,,,
1067,03/10/2026 02:30:00,19.99,651.9,728.5,0.35,423.72,,,,,,
1068,03/10/2026 02:40:00,19.96,654.5,732.1,0.36,425.45,,,,,,
1069,03/10/2026 02:50:00,19.92,656.0,734.4,0.36,426.38,,,,,,
1070,03/10/2026 03:00:00,19.89,657.8,736.9,0.36,427.59,,,,,,
1071,03/10/2026 03:10:00,19.85,659.0,739.0,0.36,428.36,,,,,,
1072,03/10/2026 03:20:00,19.83,660.3,740.8,0.36,429.20,,,,,,
1073,03/10/2026 03:30:00,19.80,661.2,742.3,0.36,429.80,,,,,,
1074,03/10/2026 03:40:00,19.78,662.5,744.1,0.36,430.63,,,,,,
1075,03/10/2026 03:50:00,19.76,663.8,745.9,0.36,431.47,,,,,,
1076,03/10/2026 04:00:00,19.74,664.1,746.5,0.36,431.63,,,,,,
1077,03/10/2026 04:10:00,19.73,665.0,747.8,0.36,432.22,,,,,,
1078,03/10/2026 04:20:00,19.71,666.1,749.3,0.36,432.95,,,,,,
1079,03/10/2026 04:30:00,19.70,667.1,750.6,0.36,433.62,,,,,,
1080,03/10/2026 04:40:00,19.69,668.0,751.8,0.36,434.18,,,,,,
1081,03/10/2026 04:50:00,19.68,669.1,753.3,0.37,434.91,,,,,,
1082,03/10/2026 05:00:00,19.67,669.7,754.1,0.37,435.33,,,,,,
1083,03/10/2026 05:10:00,19.67,670.9,755.4,0.37,436.06,,,,,,
1084,03/10/2026 05:20:00,19.68,671.3,755.7,0.37,436.33,,,,,,
1085,03/10/2026 05:30:00,19.69,672.4,756.9,0.37,437.07,,,,,,
1086,03/10/2026 05:40:00,19.69,673.3,757.7,0.37,437.64,,,,,,
1087,03/10/2026 05:50:00,19.70,674.1,758.5,0.37,438.19,,,,,,
1088,03/10/2026 06:00:00,19.71,674.8,759.1,0.37,438.64,,,,,,
1089,03/10/2026 06:10:00,19.72,675.1,759.3,0.37,438.85,,,,,,
1090,03/10/2026 06:20:00,19.73,675.7,759.8,0.37,439.24,,,,,,
1091,03/10/2026 06:30:00,19.74,676.1,760.1,0.37,439.49,,,,,,
1092,03/10/2026 06:40:00,19.74,675.8,759.6,0.37,439.26,,,,,,
1093,03/10/2026 06:50:00,19.76,676.2,759.9,0.37,439.53,,,,,,
1094,03/10/2026 07:00:00,19.76,677.3,761.0,0.37,440.24,,,,,,
1095,03/10/2026 07:10:00,19.77,676.9,760.5,0.37,440.00,,,,,,
1096,03/10/2026 07:20:00,19.78,678.0,761.5,0.37,440.72,,,,,,
1097,03/10/2026 07:30:00,19.79,678.5,761.8,0.37,441.03,,,,,,
1098,03/10/2026 07:40:00,19.80,678.8,762.1,0.37,441.22,,,,,,
1099,03/10/2026 07:50:00,19.81,678.9,761.9,0.37,441.27,,,,,,
1100,03/10/2026 08:00:00,19.82,679.4,762.4,0.37,441.64,,,,,,
1101,03/10/2026 08:10:00,19.83,680.4,763.3,0.37,442.24,,,,,,
1102,03/10/2026 08:20:00,19.84,681.5,764.3,0.37,442.94,,,,,,
1103,03/10/2026 08:30:00,19.85,681.8,764.5,0.37,443.16,,,,,,
1104,03/10/2026 08:40:00,19.85,682.7,765.3,0.37,443.72,,,,,,
1105,03/10/2026 08:50:00,19.87,683.2,765.8,0.37,444.10,,,,,,
1106,03/10/2026 09:00:00,19.88,683.8,766.2,0.37,444.44,,,,,,
1107,03/10/2026 09:10:00,19.89,684.2,766.5,0.37,444.76,,,,,,
1108,03/10/2026 09:20:00,19.91,684.7,766.7,0.37,445.06,,,,,,
1109,03/10/2026 09:30:00,19.94,685.8,767.5,0.37,445.79,,,,,,
1110,03/10/2026 09:40:00,19.96,686.8,768.1,0.37,446.45,,,,,,
1111,03/10/2026 09:50:00,19.99,687.7,768.6,0.37,447.01,,,,,,
1112,03/10/2026 10:00:00,20.02,688.2,768.6,0.37,447.35,,,,,,
1113,03/10/2026 10:10:00,20.06,688.6,768.2,0.37,447.57,,,,,,
1114,03/10/2026 10:20:00,20.10,690.0,769.1,0.37,448.50,,,,,,
1115,03/10/2026 10:30:00,20.14,690.9,769.4,0.37,449.11,,,,,,
1116,03/10/2026 10:40:00,20.18,691.3,769.3,0.37,449.37,,,,,,
1117,03/10/2026 10:50:00,20.22,691.8,769.0,0.37,449.69,,,,,,
1118,03/10/2026 11:00:00,20.26,692.4,768.9,0.37,450.05,,,,,,
1119,03/10/2026 11:10:00,20.35,693.3,768.3,0.37,450.63,,,,,,
1120,03/10/2026 11:20:00,20.43,694.1,767.9,0.37,451.20,,,,,,
1121,03/10/2026 11:30:00,20.49,695.1,767.9,0.37,451.82,,,,,,
1122,03/10/2026 11:40:00,20.56,694.8,766.3,0.37,451.62,,,,,,
1123,03/10/2026 11:50:00,20.63,695.2,765.4,0.37,451.87,,,,,,
1124,03/10/2026 12:00:00,20.70,694.4,763.3,0.37,451.35,,,,,,
1125,03/10/2026 12:10:00,20.78,694.7,762.3,0.37,451.56,,,,,,
1126,03/10/2026 12:20:00,20.86,695.4,761.7,0.37,452.02,,,,,,
1127,03/10/2026 12:30:00,20.95,695.5,760.1,0.37,452.11,,,,,,
1128,03/10/2026 12:40:00,21.06,695.4,758.2,0.37,452.00,,,,,,
1129,03/10/2026 12:50:00,21.14,694.3,755.6,0.37,451.26,,,,,,
1130,03/10/2026 13:00:00,21.22,693.4,753.2,0.37,450.68,,,,,,
1131,03/10/2026 13:10:00,21.33,693.5,751.3,0.37,450.76,,,,,,
1132,03/10/2026 13:20:00,21.42,693.6,750.0,0.37,450.86,,,,,,
1133,03/10/2026 13:30:00,21.53,693.2,747.7,0.36,450.57,,,,,,
1134,03/10/2026 13:40:00,21.70,694.3,746.0,0.36,451.31,,,,,,
1135,03/10/2026 13:50:00,21.92,697.0,745.2,0.36,453.04,,,,,,
1136,03/10/2026 14:00:00,22.08,697.7,743.2,0.36,453.47,,,,,,
1137,03/10/2026 14:10:00,22.31,697.3,739.1,0.36,453.22,,,,,,
1138,03/10/2026 14:20:00,22.45,696.3,735.8,0.36,452.61,,,,,,
1139,03/10/2026 14:30:00,22.60,694.9,731.8,0.36,451.69,,,,,,
1140,03/10/2026 14:40:00,22.71,692.5,727.5,0.35,450.14,,,,,,
1141,03/10/2026 14:50:00,22.85,690.6,723.3,0.35,448.91,,,,,,
1142,03/10/2026 15:00:00,23.03,689.3,719.1,0.35,448.04,,,,,,
1143,03/10/2026 15:10:00,23.14,686.0,713.8,0.35,445.88,,,,,,
1144,03/10/2026 15:20:00,23.28,685.6,711.2,0.35,445.62,,,,,,
1145,03/10/2026 15:30:00,23.45,684.7,707.8,0.34,445.07,,,,,,
1146,03/10/2026 15:40:00,23.63,683.7,703.9,0.34,444.43,,,,,,
1147,03/10/2026 15:50:00,23.77,682.4,700.5,0.34,443.54,,,,,,
1148,03/10/2026 16:00:00,23.93,681.9,697.6,0.34,443.27,,,,,,
1149,03/10/2026 16:10:00,24.07,678.8,692.4,0.34,441.25,,,,,,
1150,03/10/2026 16:20:00,24.16,673.4,685.5,0.33,437.73,,,,,,
1151,03/10/2026 16:30:00,24.27,668.7,679.2,0.33,434.68,,,,,,
1152,03/10/2026 16:40:00,24.36,663.0,672.1,0.33,430.97,,,,,,
1153,03/10/2026 16:50:00,24.40,657.6,666.0,0.32,427.43,,,,,,
1154,03/10/2026 17:00:00,24.43,652.0,659.9,0.32,423.77,,,,,,
1155,03/10/2026 17:10:00,24.44,646.9,654.6,0.32,420.52,,,,,,
1156,03/10/2026 17:20:00,24.46,643.2,650.6,0.32,418.10,,,,,,
1157,03/10/2026 17:30:00,24.48,641.8,648.9,0.32,417.20,,,,,,
1158,03/10/2026 17:40:00,24.50,638.2,644.9,0.31,414.81,,,,,,
1159,03/10/2026 17:50:00,24.52,635.3,641.8,0.31,412.95,,,,,,
1160,03/10/2026 18:00:00,24.54,633.3,639.5,0.31,411.66,,,,,,
1161,03/10/2026 18:10:00,24.52,630.9,637.2,0.31,410.06,,,,,,
1162,03/10/2026 18:20:00,24.50,627.9,634.6,0.31,408.15,,,,,,
1163,03/10/2026 18:30:00,24.43,627.7,635.3,0.31,408.00,,,,,,
1164,03/10/2026 18:40:00,24.36,624.8,633.3,0.31,406.11,,,,,,
1165,03/10/2026 18:50:00,24.29,623.8,633.3,0.31,405.46,,,,,,
1166,03/10/2026 19:00:00,24.19,620.9,631.7,0.31,403.60,,,,,,
1167,03/10/2026 19:10:00,24.09,617.9,630.0,0.31,401.64,,,,,,
1168,03/10/2026 19:20:00,23.95,616.3,630.1,0.31,400.59,,,,,,
1169,03/10/2026 19:30:00,23.83,613.6,629.1,0.31,398.87,,,,,,
1170,03/10/2026 19:40:00,23.72,610.6,627.4,0.30,396.89,,,,,,
1171,03/10/2026 19:50:00,23.60,609.1,627.4,0.30,395.89,,,,,,
1172,03/10/2026 20:00:00,23.51,607.4,627.1,0.30,394.82,,,,,,
1173,03/10/2026 20:10:00,23.39,606.7,628.0,0.30,394.38,,,,,,
1174,03/10/2026 20:20:00,23.29,604.2,626.7,0.30,392.74,,,,,,
1175,03/10/2026 20:30:00,23.19,602.8,626.6,0.30,391.82,,,,,,
1176,03/10/2026 20:40:00,23.08,600.9,626.2,0.30,390.57,,,,,,
1177,03/10/2026 20:50:00,22.98,599.4,626.0,0.30,389.58,,,,,,
1178,03/10/2026 21:00:00,22.88,599.5,627.5,0.30,389.70,,,,,,
1179,03/10/2026 21:10:00,22.76,597.4,627.0,0.30,388.34,,,,,,
1180,03/10/2026 21:20:00,22.66,596.9,627.8,0.30,388.01,,,,,,
1181,03/10/2026 21:30:00,22.53,595.4,628.0,0.30,387.01,,,,,,
1182,03/10/2026 21:40:00,22.21,586.7,623.2,0.30,381.36,,,,,,
1183,03/10/2026 21:50:00,21.49,575.7,621.5,0.30,374.19,,,,,,
1184,03/10/2026 22:00:00,19.61,95.8,108.1,0.05,62.30,,,,,,
1185,03/10/2026 22:10:00,19.53,84.9,96.0,0.05,55.22,,,,,,
1186,03/10/2026 22:20:00,19.43,73.3,83.0,0.04,47.65,,,,,,
1187,03/10/2026 22:30:00,19.34,91.6,104.0,0.05,59.55,,,,,,
1188,03/10/2026 22:40:00,19.30,99.0,112.4,0.06,64.34,,,,,,
1189,03/10/2026 22:50:00,19.22,86.6,98.6,0.05,56.31,,,,,,
1190,03/10/2026 23:00:00,19.22,116.7,132.8,0.06,75.87,,,,,,
1191,03/10/2026 23:10:00,19.16,116.0,132.2,0.06,75.38,,,,,,
1192,03/10/2026 23:20:00,19.11,99.8,113.9,0.06,64.87,,,,,,
1193,03/10/2026 23:30:00,19.07,86.3,98.6,0.05,56.12,,,,,,
1194,03/10/2026 23:40:00,19.03,87.9,100.5,0.05,57.12,,,,,,
1195,03/10/2026 23:50:00,19.03,92.9,106.2,0.05,60.38,,,,,,
1196,03/11/2026 00:00:00,19.03,92.3,105.6,0.05,60.01,,,,,,
1197,03/11/2026 00:10:00,19.02,98.9,113.2,0.06,64.31,,,,,,
1198,03/11/2026 00:20:00,19.00,102.3,117.1,0.06,66.53,,,,,,
1199,03/11/2026 00:30:00,18.98,112.3,128.6,0.06,73.02,,,,,,
1200,03/11/2026 00:40:00,18.97,119.8,137.1,0.07,77.86,,,,,,
1201,03/11/2026 00:50:00,18.95,125.5,143.7,0.07,81.57,,,,,,
1202,03/11/2026 01:00:00,18.94,131.8,151.0,0.07,85.67,,,,,,
1203,03/11/2026 01:10:00,18.91,136.1,156.1,0.08,88.49,,,,,,
1204,03/11/2026 01:20:00,18.88,140.6,161.3,0.08,91.38,,,,,,
1205,03/11/2026 01:30:00,18.84,145.4,167.0,0.08,94.51,,,,,,
1206,03/11/2026 01:40:00,18.81,150.3,172.8,0.08,97.68,,,,,,
1207,03/11/2026 01:50:00,18.76,154.1,177.3,0.09,100.16,,,,,,
1208,03/11/2026 02:00:00,18.72,153.0,176.3,0.08,99.45,,,,,,
1209,03/11/2026 02:10:00,18.67,143.2,165.1,0.08,93.05,,,,,,
1210,03/11/2026 02:20:00,18.61,133.3,154.0,0.07,86.66,,,,,,
1211,03/11/2026 02:30:00,18.53,130.5,151.0,0.07,84.84,,,,,,
1212,03/11/2026 02:40:00,18.48,127.2,147.4,0.07,82.70,,,,,,
1213,03/11/2026 02:50:00,18.41,106.6,123.8,0.06,69.32,,,,,,
1214,03/11/2026 03:00:00,18.34,98.0,113.9,0.06,63.68,,,,,,
1215,03/11/2026 03:10:00,18.34,105.4,122.5,0.06,68.50,,,,,,
1216,03/11/2026 03:20:00,18.36,108.8,126.4,0.06,70.69,,,,,,
1217,03/11/2026 03:30:00,18.36,118.5,137.7,0.07,77.00,,,,,,
1218,03/11/2026 03:40:00,18.37,128.5,149.3,0.07,83.51,,,,,,
1219,03/11/2026 03:50:00,18.37,135.4,157.3,0.08,87.99,,,,,,
1220,03/11/2026 04:00:00,18.36,129.7,150.8,0.07,84.32,,,,,,
1221,03/11/2026 04:10:00,18.33,125.5,145.9,0.07,81.54,,,,,,
1222,03/11/2026 04:20:00,18.31,129.4,150.6,0.07,84.12,,,,,,
1223,03/11/2026 04:30:00,18.28,132.4,154.1,0.07,86.06,,,,,,
1224,03/11/2026 04:40:00,18.26,146.3,170.4,0.08,95.08,,,,,,
1225,03/11/2026 04:50:00,18.23,148.9,173.6,0.08,96.80,,,,,,
1226,03/11/2026 05:00:00,18.20,146.9,171.4,0.08,95.50,,,,,,
1227,03/11/2026 05:10:00,18.19,159.5,186.1,0.09,103.67,,,,,,
1228,03/11/2026 05:20:00,18.18,156.9,183.2,0.09,102.01,,,,,,
1229,03/11/2026 05:30:00,18.17,162.6,189.8,0.09,105.66,,,,,,
1230,03/11/2026 05:40:00,18.18,202.0,235.8,0.11,131.33,,,,,,
1231,03/11/2026 05:50:00,18.19,202.8,236.7,0.11,131.82,,,,,,
1232,03/11/2026 06:00:00,18.21,204.3,238.3,0.11,132.80,,,,,,
1233,03/11/2026 06:10:00,18.23,205.5,239.6,0.11,133.56,,,,,,
1234,03/11/2026 06:20:00,18.24,224.3,261.4,0.12,145.77,,,,,,
1235,03/11/2026 06:30:00,18.26,255.5,297.7,0.14,166.09,,,,,,
1236,03/11/2026 06:40:00,18.28,259.1,301.6,0.14,168.41,,,,,,
1237,03/11/2026 06:50:00,18.32,267.0,310.5,0.15,173.53,,,,,,
1238,03/11/2026 07:00:00,18.34,276.8,321.9,0.15,179.94,,,,,,
1239,03/11/2026 07:10:00,18.35,273.4,317.8,0.15,177.73,,,,,,
1240,03/11/2026 07:20:00,18.36,276.9,321.7,0.15,179.98,,,,,,
1241,03/11/2026 07:30:00,18.37,285.8,332.0,0.16,185.76,,,,,,
1242,03/11/2026 07:40:00,18.39,288.0,334.4,0.16,187.17,,,,,,
1243,03/11/2026 07:50:00,18.41,299.7,347.8,0.17,194.78,,,,,,
1244,03/11/2026 08:00:00,18.43,296.7,344.2,0.16,192.88,,,,,,
1245,03/11/2026 08:10:00,18.45,281.4,326.2,0.16,182.89,,,,,,
1246,03/11/2026 08:20:00,18.47,303.5,351.8,0.17,197.30,,,,,,
1247,03/11/2026 08:30:00,18.49,289.3,335.1,0.16,188.02,,,,,,
1248,03/11/2026 08:40:00,18.50,290.5,336.4,0.16,188.85,,,,,,
1249,03/11/2026 08:50:00,18.53,295.8,342.3,0.16,192.27,,,,,,
1250,03/11/2026 09:00:00,18.55,290.9,336.5,0.16,189.09,,,,,,
1251,03/11/2026 09:10:00,18.59,298.4,344.9,0.16,193.98,,,,,,
1252,03/11/2026 09:20:00,18.61,301.8,348.7,0.17,196.20,,,,,,
1253,03/11/2026 09:30:00,18.66,305.4,352.3,0.17,198.53,,,,,,
1254,03/11/2026 09:40:00,18.74,308.1,354.7,0.17,200.24,,,,,,
1255,03/11/2026 09:50:00,18.85,304.1,349.2,0.17,197.70,,,,,,
1256,03/11/2026 10:00:00,18.99,305.2,349.4,0.17,198.41,,,,,,
1257,03/11/2026 10:10:00,19.10,313.9,358.3,0.17,204.04,,,,,,
1258,03/11/2026 10:20:00,19.25,314.8,358.1,0.17,204.64,,,,,,
1259,03/11/2026 10:30:00,19.35,318.1,361.0,0.17,206.77,,,,,,
1260,03/11/2026 10:40:00,19.50,318.3,359.8,0.17,206.88,,,,,,
1261,03/11/2026 10:50:00,19.68,317.3,357.1,0.17,206.22,,,,,,
1262,03/11/2026 11:00:00,19.88,315.3,353.3,0.17,204.95,,,,,,
1263,03/11/2026 11:10:00,20.13,320.5,357.0,0.17,208.30,,,,,,
1264,03/11/2026 11:20:00,20.37,322.9,357.7,0.17,209.91,,,,,,
1265,03/11/2026 11:30:00,20.61,328.7,362.1,0.17,213.66,,,,,,
1266,03/11/2026 11:40:00,20.86,328.9,360.3,0.17,213.80,,,,,,
1267,03/11/2026 11:50:00,21.09,332.3,362.0,0.17,216.01,,,,,,
1268,03/11/2026 12:00:00,21.33,338.9,367.2,0.18,220.29,,,,,,
1269,03/11/2026 12:10:00,21.58,343.4,370.0,0.18,223.20,,,,,,
1270,03/11/2026 12:20:00,21.82,353.7,379.0,0.18,229.90,,,,,,
1271,03/11/2026 12:30:00,22.06,347.0,369.8,0.18,225.54,,,,,,
1272,03/11/2026 12:40:00,22.30,356.5,378.0,0.18,231.75,,,,,,
1273,03/11/2026 12:50:00,22.48,346.2,365.5,0.18,225.00,,,,,,
1274,03/11/2026 13:00:00,22.69,373.2,392.2,0.19,242.57,,,,,,
1275,03/11/2026 13:10:00,22.85,385.3,403.5,0.19,250.44,,,,,,
1276,03/11/2026 13:20:00,23.04,386.2,402.8,0.19,251.05,,,,,,
1277,03/11/2026 13:30:00,23.22,376.8,391.5,0.19,244.92,,,,,,
1278,03/11/2026 13:40:00,23.27,374.1,388.2,0.19,243.15,,,,,,
1279,03/11/2026 13:50:00,23.45,374.8,387.4,0.19,243.64,,,,,,
1280,03/11/2026 14:00:00,23.59,375.1,386.5,0.19,243.80,,,,,,
1281,03/11/2026 14:10:00,23.67,374.1,384.9,0.19,243.19,,,,,,
1282,03/11/2026 14:20:00,23.60,388.7,400.5,0.19,252.67,,,,,,
1283,03/11/2026 14:30:00,23.51,377.9,390.0,0.19,245.61,,,,,,
1284,03/11/2026 14:40:00,23.40,365.8,378.5,0.18,237.74,,,,,,
1285,03/11/2026 14:50:00,23.34,361.8,374.8,0.18,235.15,,,,,,
1286,03/11/2026 15:00:00,23.30,360.7,374.0,0.18,234.45,,,,,,
1287,03/11/2026 15:10:00,23.37,360.3,373.1,0.18,234.23,,,,,,
1288,03/11/2026 15:20:00,23.38,359.5,372.2,0.18,233.70,,,,,,
1289,03/11/2026 15:30:00,23.33,357.5,370.5,0.18,232.35,,,,,,
1290,03/11/2026 15:40:00,23.31,355.7,368.8,0.18,231.22,,,,,,
1291,03/11/2026 15:50:00,23.22,354.3,368.1,0.18,230.31,,,,,,
1292,03/11/2026 16:00:00,23.07,355.8,370.8,0.18,231.24,,,,,,
1293,03/11/2026 16:10:00,22.92,355.4,371.6,0.18,231.01,,,,,,
1294,03/11/2026 16:20:00,22.79,356.0,373.4,0.18,231.42,,,,,,
1295,03/11/2026 16:30:00,22.64,355.6,374.1,0.18,231.13,,,,,,
1296,03/11/2026 16:40:00,22.49,355.0,374.7,0.18,230.73,,,,,,
1297,03/11/2026 16:50:00,22.34,353.6,374.5,0.18,229.86,,,,,,
1298,03/11/2026 17:00:00,22.20,354.0,376.1,0.18,230.10,,,,,,
1299,03/11/2026 17:10:00,22.03,355.1,378.7,0.18,230.81,,,,,,
1300,03/11/2026 17:20:00,21.85,356.5,381.7,0.18,231.71,,,,,,
1301,03/11/2026 17:30:00,21.63,355.9,383.0,0.18,231.34,,,,,,
1302,03/11/2026 17:40:00,21.41,354.9,383.9,0.18,230.70,,,,,,
1303,03/11/2026 17:50:00,21.25,357.1,387.7,0.19,232.13,,,,,,
1304,03/11/2026 18:00:00,21.05,354.5,386.6,0.19,230.45,,,,,,
1305,03/11/2026 18:10:00,20.81,354.0,388.1,0.19,230.11,,,,,,
1306,03/11/2026 18:20:00,20.53,351.9,388.4,0.19,228.76,,,,,,
1307,03/11/2026 18:30:00,20.27,351.7,390.5,0.19,228.62,,,,,,
1308,03/11/2026 18:40:00,19.97,350.9,392.3,0.19,228.06,,,,,,
1309,03/11/2026 18:50:00,19.73,350.3,393.8,0.19,227.67,,,,,,
1310,03/11/2026 19:00:00,19.51,349.6,395.2,0.19,227.24,,,,,,
1311,03/11/2026 19:10:00,19.27,349.6,397.4,0.19,227.25,,,,,,
1312,03/11/2026 19:20:00,19.03,349.4,399.5,0.19,227.11,,,,,,
1313,03/11/2026 19:30:00,18.78,349.6,402.1,0.19,227.26,,,,,,
1314,03/11/2026 19:40:00,18.56,349.2,403.8,0.19,226.98,,,,,,
1315,03/11/2026 19:50:00,18.37,348.1,404.4,0.19,226.27,,,,,,
1316,03/11/2026 20:00:00,18.16,346.4,404.5,0.19,225.15,,,,,,
1317,03/11/2026 20:10:00,17.97,345.4,405.3,0.19,224.53,,,,,,
1318,03/11/2026 20:20:00,17.76,343.4,405.0,0.19,223.24,,,,,,
1319,03/11/2026 20:30:00,17.54,342.1,405.6,0.19,222.34,,,,,,
1320,03/11/2026 20:40:00,17.33,340.4,405.8,0.19,221.26,,,,,,
1321,03/11/2026 20:50:00,17.13,339.2,406.3,0.19,220.45,,,,,,
1322,03/11/2026 21:00:00,16.95,337.2,405.8,0.19,219.20,,,,,,
1323,03/11/2026 21:10:00,16.78,336.8,407.1,0.19,218.93,,,,,,
1324,03/11/2026 21:20:00,16.61,335.4,407.0,0.19,217.98,,,,,,
1325,03/11/2026 21:30:00,16.49,334.9,407.8,0.19,217.70,,,,,,
1326,03/11/2026 21:40:00,16.38,334.7,408.6,0.19,217.54,,,,,,
1327,03/11/2026 21:50:00,16.27,334.0,408.9,0.19,217.10,,,,,,
1328,03/11/2026 22:00:00,16.16,333.5,409.5,0.19,216.74,,,,,,
1329,03/11/2026 22:10:00,16.05,331.5,408.2,0.19,215.45,,,,,,
1330,03/11/2026 22:20:00,15.95,331.9,409.7,0.19,215.75,,,,,,
1331,03/11/2026 22:30:00,15.87,331.7,410.4,0.19,215.59,,,,,,
1332,03/11/2026 22:40:00,15.76,331.6,411.4,0.19,215.55,,,,,,
1333,03/11/2026 22:50:00,15.63,331.1,412.1,0.20,215.19,,,,,,
1334,03/11/2026 23:00:00,15.50,331.4,414.0,0.20,215.41,,,,,,
1335,03/11/2026 23:10:00,15.36,331.3,415.4,0.20,215.34,,,,,,
1336,03/11/2026 23:20:00,15.24,331.0,416.4,0.20,215.16,,,,,,
1337,03/11/2026 23:30:00,15.14,330.0,416.2,0.20,214.50,,,,,,
1338,03/11/2026 23:40:00,15.03,329.8,417.0,0.20,214.34,,,,,,
1339,03/11/2026 23:50:00,14.91,328.3,416.6,0.20,213.39,,,,,,
1340,03/12/2026 00:00:00,14.78,327.9,417.5,0.20,213.11,,,,,,
1341,03/12/2026 00:10:00,14.65,327.1,418.0,0.20,212.62,,,,,,
1342,03/12/2026 00:20:00,14.51,326.5,418.8,0.20,212.23,,,,,,
1343,03/12/2026 00:30:00,14.38,325.2,418.6,0.20,211.38,,,,,,
1344,03/12/2026 00:40:00,14.25,324.8,419.6,0.20,211.14,,,,,,
1345,03/12/2026 00:50:00,14.14,324.1,419.9,0.20,210.69,,,,,,
1346,03/12/2026 01:00:00,14.05,323.8,420.5,0.20,210.48,,,,,,
1347,03/12/2026 01:10:00,13.99,323.4,420.8,0.20,210.24,,,,,,
1348,03/12/2026 01:20:00,13.90,322.9,421.1,0.20,209.91,,,,,,
1349,03/12/2026 01:30:00,13.83,322.9,421.9,0.20,209.91,,,,,,
1350,03/12/2026 01:40:00,13.78,323.5,423.1,0.20,210.26,,,,,,
1351,03/12/2026 01:50:00,13.74,325.2,425.9,0.20,211.41,,,,,,
1352,03/12/2026 02:00:00,13.69,323.5,424.3,0.20,210.27,,,,,,
1353,03/12/2026 02:10:00,13.64,323.3,424.6,0.20,210.13,,,,,,
1354,03/12/2026 02:20:00,13.59,323.0,424.7,0.20,209.93,,,,,,
1355,03/12/2026 02:30:00,13.55,323.5,425.9,0.20,210.27,,,,,,
1356,03/12/2026 02:40:00,13.52,322.7,425.1,0.20,209.74,,,,,,
1357,03/12/2026 02:50:00,13.49,322.7,425.6,0.20,209.78,,,,,,
1358,03/12/2026 03:00:00,13.46,322.9,426.2,0.20,209.89,,,,,,
1359,03/12/2026 03:10:00,13.42,322.8,426.5,0.20,209.79,,,,,,
1360,03/12/2026 03:20:00,13.37,323.0,427.3,0.20,209.92,,,,,,
1361,03/12/2026 03:30:00,13.32,323.1,428.1,0.20,210.02,,,,,,
1362,03/12/2026 03:40:00,13.28,322.5,427.7,0.20,209.61,,,,,,
1363,03/12/2026 03:50:00,13.23,322.6,428.5,0.20,209.72,,,,,,
1364,03/12/2026 04:00:00,13.19,322.1,428.4,0.20,209.40,,,,,,
1365,03/12/2026 04:10:00,13.14,322.2,429.0,0.20,209.40,,,,,,
1366,03/12/2026 04:20:00,13.09,322.2,429.6,0.20,209.42,,,,,,
1367,03/12/2026 04:30:00,13.04,321.9,429.9,0.20,209.24,,,,,,
1368,03/12/2026 04:40:00,12.98,322.0,430.6,0.20,209.27,,,,,,
1369,03/12/2026 04:50:00,12.92,321.6,430.9,0.20,209.02,,,,,,
1370,03/12/2026 05:00:00,12.85,321.4,431.6,0.20,208.93,,,,,,
1371,03/12/2026 05:10:00,12.78,321.3,432.2,0.20,208.84,,,,,,
1372,03/12/2026 05:20:00,12.71,321.3,433.1,0.20,208.87,,,,,,
1373,03/12/2026 05:30:00,12.64,321.2,433.8,0.20,208.79,,,,,,
1374,03/12/2026 05:40:00,12.57,320.7,434.1,0.20,208.48,,,,,,
1375,03/12/2026 05:50:00,12.49,320.5,434.8,0.20,208.33,,,,,,
1376,03/12/2026 06:00:00,12.41,320.5,435.7,0.20,208.32,,,,,,
1377,03/12/2026 06:10:00,12.34,319.9,435.8,0.20,207.94,,,,,,
1378,03/12/2026 06:20:00,12.26,319.3,435.9,0.20,207.53,,,,,,
1379,03/12/2026 06:30:00,12.19,319.4,436.9,0.20,207.59,,,,,,
1380,03/12/2026 06:40:00,12.11,319.0,437.4,0.20,207.38,,,,,,
1381,03/12/2026 06:50:00,12.03,318.3,437.4,0.20,206.89,,,,,,
1382,03/12/2026 07:00:00,11.96,317.9,437.9,0.20,206.66,,,,,,
1383,03/12/2026 07:10:00,11.88,317.8,438.7,0.21,206.59,,,,,,
1384,03/12/2026 07:20:00,11.81,317.3,438.9,0.21,206.28,,,,,,
1385,03/12/2026 07:30:00,11.75,317.0,439.1,0.21,206.02,,,,,,
1386,03/12/2026 07:40:00,11.70,317.1,440.0,0.21,206.12,,,,,,
1387,03/12/2026 07:50:00,11.64,316.5,440.0,0.21,205.76,,,,,,
1388,03/12/2026 08:00:00,11.59,316.5,440.6,0.21,205.71,,,,,,
1389,03/12/2026 08:10:00,11.54,316.2,440.8,0.21,205.51,,,,,,
1390,03/12/2026 08:20:00,11.50,316.0,441.1,0.21,205.42,,,,,,
1391,03/12/2026 08:30:00,11.48,316.0,441.2,0.21,205.38,,,,,,
1392,03/12/2026 08:40:00,11.47,316.2,441.6,0.21,205.51,,,,,,
1393,03/12/2026 08:50:00,11.47,316.2,441.8,0.21,205.56,,,,,,
1394,03/12/2026 09:00:00,11.47,316.4,442.0,0.21,205.69,,,,,,
1395,03/12/2026 09:10:00,11.51,317.1,442.3,0.21,206.09,,,,,,
1396,03/12/2026 09:20:00,11.57,317.5,442.2,0.21,206.36,,,,,,
1397,03/12/2026 09:30:00,11.63,317.7,441.7,0.21,206.52,,,,,,
1398,03/12/2026 09:40:00,11.72,318.7,441.9,0.21,207.12,,,,,,
1399,03/12/2026 09:50:00,11.83,319.4,441.6,0.21,207.63,,,,,,
1400,03/12/2026 10:00:00,11.98,320.4,440.9,0.21,208.23,,,,,,
1401,03/12/2026 10:10:00,12.15,321.9,440.9,0.21,209.22,,,,,,
1402,03/12/2026 10:20:00,12.37,323.3,440.0,0.21,210.17,,,,,,
1403,03/12/2026 10:30:00,12.60,325.3,439.8,0.21,211.45,,,,,,
1404,03/12/2026 10:40:00,12.89,327.1,438.7,0.21,212.61,,,,,,
1405,03/12/2026 10:50:00,13.18,329.0,437.6,0.21,213.83,,,,,,
1406,03/12/2026 11:00:00,13.50,331.3,436.8,0.21,215.37,,,,,,
1407,03/12/2026 11:10:00,13.82,333.7,436.1,0.21,216.94,,,,,,
1408,03/12/2026 11:20:00,14.17,336.4,435.4,0.21,218.66,,,,,,
1409,03/12/2026 11:30:00,14.51,338.5,434.2,0.21,220.04,,,,,,
1410,03/12/2026 11:40:00,14.87,341.4,433.6,0.21,221.90,,,,,,
1411,03/12/2026 11:50:00,15.25,344.0,432.5,0.20,223.59,,,,,,
1412,03/12/2026 12:00:00,15.63,346.9,431.9,0.20,225.49,,,,,,
1413,03/12/2026 12:10:00,15.99,349.1,430.6,0.20,226.94,,,,,,
1414,03/12/2026 12:20:00,16.34,351.6,429.8,0.20,228.57,,,,,,
1415,03/12/2026 12:30:00,16.69,356.1,431.3,0.21,231.43,,,,,,
1416,03/12/2026 12:40:00,17.07,361.5,433.7,0.21,234.99,,,,,,
1417,03/12/2026 12:50:00,17.44,363.6,432.3,0.21,236.36,,,,,,
1418,03/12/2026 13:00:00,17.81,366.5,431.7,0.21,238.22,,,,,,
1419,03/12/2026 13:10:00,18.17,368.8,430.7,0.21,239.75,,,,,,
1420,03/12/2026 13:20:00,18.51,369.8,428.1,0.20,240.35,,,,,,
1421,03/12/2026 13:30:00,18.84,371.6,426.8,0.20,241.51,,,,,,
1422,03/12/2026 13:40:00,19.15,372.5,424.6,0.20,242.10,,,,,,
1423,03/12/2026 13:50:00,19.50,372.0,420.5,0.20,241.80,,,,,,
1424,03/12/2026 14:00:00,19.80,371.9,417.5,0.20,241.72,,,,,,
1425,03/12/2026 14:10:00,20.08,368.1,410.5,0.20,239.26,,,,,,
1426,03/12/2026 14:20:00,20.33,367.4,407.3,0.20,238.81,,,,,,
1427,03/12/2026 14:30:00,20.58,362.5,399.6,0.19,235.59,,,,,,
1428,03/12/2026 14:40:00,20.81,359.2,393.9,0.19,233.51,,,,,,
1429,03/12/2026 14:50:00,21.01,358.0,390.7,0.19,232.69,,,,,,
1430,03/12/2026 15:00:00,21.18,347.5,377.8,0.18,225.84,,,,,,
1431,03/12/2026 15:10:00,21.33,343.9,372.6,0.18,223.52,,,,,,
1432,03/12/2026 15:20:00,21.42,340.7,368.3,0.18,221.43,,,,,,
1433,03/12/2026 15:30:00,21.52,339.4,366.1,0.18,220.59,,,,,,
1434,03/12/2026 15:40:00,21.57,337.2,363.4,0.17,219.18,,,,,,
1435,03/12/2026 15:50:00,21.60,334.6,360.3,0.17,217.47,,,,,,
1436,03/12/2026 16:00:00,21.62,331.5,356.8,0.17,215.44,,,,,,
1437,03/12/2026 16:10:00,21.61,328.5,353.7,0.17,213.55,,,,,,
1438,03/12/2026 16:20:00,21.55,325.3,350.6,0.17,211.42,,,,,,
1439,03/12/2026 16:30:00,21.48,321.9,347.6,0.17,209.22,,,,,,
1440,03/12/2026 16:40:00,21.37,317.8,344.0,0.16,206.59,,,,,,
1441,03/12/2026 16:50:00,21.25,314.8,341.7,0.16,204.62,,,,,,
1442,03/12/2026 17:00:00,21.10,311.2,339.0,0.16,202.30,,,,,,
1443,03/12/2026 17:10:00,20.95,309.0,337.7,0.16,200.82,,,,,,
1444,03/12/2026 17:20:00,20.76,306.6,336.6,0.16,199.30,,,,,,
1445,03/12/2026 17:30:00,20.58,302.8,333.8,0.16,196.83,,,,,,
1446,03/12/2026 17:40:00,20.38,330.3,365.7,0.18,214.69,,,,,,
1447,03/12/2026 17:50:00,20.16,320.3,356.6,0.17,208.22,,,,,,
1448,03/12/2026 18:00:00,19.93,316.0,353.7,0.17,205.40,,,,,,
1449,03/12/2026 18:10:00,19.66,313.5,353.1,0.17,203.78,,,,,,
1450,03/12/2026 18:20:00,19.38,311.8,353.5,0.17,202.66,,,,,,
1451,03/12/2026 18:30:00,19.11,311.0,354.9,0.17,202.13,,,,,,
1452,03/12/2026 18:40:00,18.81,317.1,364.4,0.17,206.09,,,,,,
1453,03/12/2026 18:50:00,18.51,315.6,365.4,0.17,205.15,,,,,,
1454,03/12/2026 19:00:00,18.22,314.7,367.0,0.17,204.54,,,,,,
1455,03/12/2026 19:10:00,17.91,313.8,368.7,0.18,203.97,,,,,,
1456,03/12/2026 19:20:00,17.63,312.0,369.1,0.18,202.82,,,,,,
1457,03/12/2026 19:30:00,17.39,311.9,371.3,0.18,202.76,,,,,,
1458,03/12/2026 19:40:00,17.14,311.9,373.6,0.18,202.75,,,,,,
1459,03/12/2026 19:50:00,16.91,312.1,375.9,0.18,202.87,,,,,,
1460,03/12/2026 20:00:00,16.72,312.3,378.1,0.18,203.00,,,,,,
1461,03/12/2026 20:10:00,16.53,312.9,380.6,0.18,203.41,,,,,,
1462,03/12/2026 20:20:00,16.34,313.6,383.3,0.18,203.85,,,,,,
1463,03/12/2026 20:30:00,16.15,314.8,386.7,0.18,204.60,,,,,,
1464,03/12/2026 20:40:00,15.94,316.9,391.4,0.19,206.00,,,,,,
1465,03/12/2026 20:50:00,15.78,318.7,395.3,0.19,207.18,,,,,,
1466,03/12/2026 21:00:00,15.59,320.5,399.4,0.19,208.33,,,,,,
1467,03/12/2026 21:10:00,15.45,322.0,402.7,0.19,209.29,,,,,,
1468,03/12/2026 21:20:00,15.29,323.7,406.6,0.19,210.42,,,,,,
1469,03/12/2026 21:30:00,15.14,326.5,411.8,0.19,212.24,,,,,,
1470,03/12/2026 21:40:00,15.01,327.4,414.4,0.20,212.82,,,,,,
1471,03/12/2026 21:50:00,14.88,329.5,418.4,0.20,214.15,,,,,,
1472,03/12/2026 22:00:00,14.75,331.2,421.9,0.20,215.25,,,,,,
1473,03/12/2026 22:10:00,14.64,332.6,425.2,0.20,216.21,,,,,,
1474,03/12/2026 22:20:00,14.53,334.0,428.1,0.20,217.08,,,,,,
1475,03/12/2026 22:30:00,14.43,334.2,429.6,0.20,217.25,,,,,,
1476,03/12/2026 22:40:00,14.32,336.1,433.2,0.20,218.44,,,,,,
1477,03/12/2026 22:50:00,14.23,337.5,436.1,0.21,219.35,,,,,,
1478,03/12/2026 23:00:00,14.14,337.8,437.5,0.21,219.55,,,,,,
1479,03/12/2026 23:10:00,14.05,338.8,439.9,0.21,220.22,,,,,,
1480,03/12/2026 23:20:00,13.98,339.7,442.0,0.21,220.80,,,,,,
1481,03/12/2026 23:30:00,13.88,340.7,444.6,0.21,221.48,,,,,,
1482,03/12/2026 23:40:00,13.80,340.9,445.8,0.21,221.60,,,,,,
1483,03/12/2026 23:50:00,13.71,341.2,447.3,0.21,221.81,,,,,,
1484,03/13/2026 00:00:00,13.62,341.7,449.1,0.21,222.14,,,,,,
1485,03/13/2026 00:10:00,13.53,342.1,450.6,0.21,222.35,,,,,,
1486,03/13/2026 00:20:00,13.44,342.7,452.6,0.21,222.75,,,,,,
1487,03/13/2026 00:30:00,13.36,343.4,454.6,0.21,223.24,,,,,,
1488,03/13/2026 00:40:00,13.27,343.4,455.7,0.21,223.24,,,,,,
1489,03/13/2026 00:50:00,13.19,343.6,456.9,0.21,223.34,,,,,,
1490,03/13/2026 01:00:00,13.10,343.2,457.5,0.22,223.09,,,,,,
1491,03/13/2026 01:10:00,13.03,343.1,458.4,0.22,223.02,,,,,,
1492,03/13/2026 01:20:00,12.96,343.3,459.6,0.22,223.17,,,,,,
1493,03/13/2026 01:30:00,12.88,343.1,460.4,0.22,223.04,,,,,,
1494,03/13/2026 01:40:00,12.81,343.5,461.7,0.22,223.27,,,,,,
1495,03/13/2026 01:50:00,12.75,343.9,463.1,0.22,223.56,,,,,,
1496,03/13/2026 02:00:00,12.66,343.7,463.8,0.22,223.37,,,,,,
1497,03/13/2026 02:10:00,12.61,344.0,465.0,0.22,223.61,,,,,,
1498,03/13/2026 02:20:00,12.54,344.1,466.0,0.22,223.65,,,,,,
1499,03/13/2026 02:30:00,12.47,344.1,466.9,0.22,223.63,,,,,,
1500,03/13/2026 02:40:00,12.41,345.2,469.4,0.22,224.41,,,,,,
1501,03/13/2026 02:50:00,12.36,345.6,470.4,0.22,224.62,,,,,,
1502,03/13/2026 03:00:00,12.31,345.8,471.3,0.22,224.75,,,,,,
1503,03/13/2026 03:10:00,12.27,346.1,472.4,0.22,224.98,,,,,,
1504,03/13/2026 03:20:00,12.22,346.7,473.8,0.22,225.34,,,,,,
1505,03/13/2026 03:30:00,12.17,347.2,475.3,0.22,225.69,,,,,,
1506,03/13/2026 03:40:00,12.11,347.4,476.3,0.22,225.80,,,,,,
1507,03/13/2026 03:50:00,12.06,347.6,477.2,0.22,225.92,,,,,,
1508,03/13/2026 04:00:00,12.01,348.0,478.5,0.22,226.19,,,,,,
1509,03/13/2026 04:10:00,11.98,348.1,479.1,0.22,226.24,,,,,,
1510,03/13/2026 04:20:00,11.93,348.9,480.9,0.23,226.78,,,,,,
1511,03/13/2026 04:30:00,11.89,349.3,482.0,0.23,227.05,,,,,,
1512,03/13/2026 04:40:00,11.85,349.9,483.3,0.23,227.41,,,,,,
1513,03/13/2026 04:50:00,11.81,349.7,483.7,0.23,227.33,,,,,,
1514,03/13/2026 05:00:00,11.78,350.2,484.8,0.23,227.63,,,,,,
1515,03/13/2026 05:10:00,11.75,350.3,485.3,0.23,227.67,,,,,,
1516,03/13/2026 05:20:00,11.72,350.6,486.2,0.23,227.89,,,,,,
1517,03/13/2026 05:30:00,11.68,350.8,487.0,0.23,228.04,,,,,,
1518,03/13/2026 05:40:00,11.65,351.3,488.1,0.23,228.37,,,,,,
1519,03/13/2026 05:50:00,11.64,351.8,489.0,0.23,228.65,,,,,,
1520,03/13/2026 06:00:00,11.62,351.9,489.5,0.23,228.75,,,,,,
1521,03/13/2026 06:10:00,11.60,352.3,490.2,0.23,228.97,,,,,,
1522,03/13/2026 06:20:00,11.58,352.5,490.8,0.23,229.12,,,,,,
1523,03/13/2026 06:30:00,11.56,352.4,490.9,0.23,229.06,,,,,,
1524,03/13/2026 06:40:00,11.54,353.8,493.2,0.23,230.00,,,,,,
1525,03/13/2026 06:50:00,11.52,352.8,492.1,0.23,229.35,,,,,,
1526,03/13/2026 07:00:00,11.49,353.3,493.1,0.23,229.62,,,,,,
1527,03/13/2026 07:10:00,11.46,353.3,493.7,0.23,229.67,,,,,,
1528,03/13/2026 07:20:00,11.44,353.8,494.8,0.23,230.00,,,,,,
1529,03/13/2026 07:30:00,11.41,354.1,495.5,0.23,230.18,,,,,,
1530,03/13/2026 07:40:00,11.38,354.7,496.8,0.23,230.58,,,,,,
1531,03/13/2026 07:50:00,11.36,354.9,497.3,0.23,230.66,,,,,,
1532,03/13/2026 08:00:00,11.34,354.5,497.1,0.23,230.45,,,,,,
1533,03/13/2026 08:10:00,11.32,354.7,497.7,0.23,230.55,,,,,,
1534,03/13/2026 08:20:00,11.31,354.4,497.4,0.23,230.38,,,,,,
1535,03/13/2026 08:30:00,11.32,354.5,497.4,0.23,230.42,,,,,,
1536,03/13/2026 08:40:00,11.33,354.9,497.8,0.23,230.67,,,,,,
1537,03/13/2026 08:50:00,11.36,355.0,497.6,0.23,230.78,,,,,,
1538,03/13/2026 09:00:00,11.40,355.7,497.9,0.23,231.24,,,,,,
1539,03/13/2026 09:10:00,11.46,356.4,497.9,0.23,231.64,,,,,,
1540,03/13/2026 09:20:00,11.54,357.2,498.0,0.23,232.19,,,,,,
1541,03/13/2026 09:30:00,11.62,358.0,497.9,0.23,232.72,,,,,,
1542,03/13/2026 09:40:00,11.73,359.0,497.8,0.23,233.38,,,,,,
1543,03/13/2026 09:50:00,11.84,360.0,497.5,0.23,233.98,,,,,,
1544,03/13/2026 10:00:00,11.98,361.1,497.1,0.23,234.73,,,,,,
1545,03/13/2026 10:10:00,12.14,362.3,496.3,0.23,235.49,,,,,,
1546,03/13/2026 10:20:00,12.35,363.3,494.7,0.23,236.16,,,,,,
1547,03/13/2026 10:30:00,12.59,364.8,493.4,0.23,237.11,,,,,,
1548,03/13/2026 10:40:00,12.87,366.4,491.7,0.23,238.17,,,,,,
1549,03/13/2026 10:50:00,13.15,368.2,490.1,0.23,239.31,,,,,,
1550,03/13/2026 11:00:00,13.50,369.5,487.1,0.23,240.19,,,,,,
1551,03/13/2026 11:10:00,13.85,371.5,485.0,0.23,241.46,,,,,,
1552,03/13/2026 11:20:00,14.22,375.5,485.4,0.23,244.07,,,,,,
1553,03/13/2026 11:30:00,14.59,377.0,482.4,0.23,245.03,,,,,,
1554,03/13/2026 11:40:00,15.01,378.7,479.2,0.23,246.13,,,,,,
1555,03/13/2026 11:50:00,15.41,380.8,476.8,0.23,247.53,,,,,,
1556,03/13/2026 12:00:00,15.84,383.2,474.5,0.23,249.09,,,,,,
1557,03/13/2026 12:10:00,16.28,385.5,471.9,0.22,250.54,,,,,,
1558,03/13/2026 12:20:00,16.74,386.9,468.1,0.22,251.48,,,,,,
1559,03/13/2026 12:30:00,17.18,389.1,465.6,0.22,252.93,,,,,,
1560,03/13/2026 12:40:00,17.61,391.1,462.9,0.22,254.19,,,,,,
1561,03/13/2026 12:50:00,18.04,391.1,458.1,0.22,254.22,,,,,,
1562,03/13/2026 13:00:00,18.47,392.1,454.5,0.22,254.89,,,,,,
1563,03/13/2026 13:10:00,18.93,392.1,449.4,0.22,254.89,,,,,,
1564,03/13/2026 13:20:00,19.36,392.9,445.7,0.21,255.36,,,,,,
1565,03/13/2026 13:30:00,19.70,392.3,441.4,0.21,255.00,,,,,,
1566,03/13/2026 13:40:00,20.08,390.0,434.9,0.21,253.49,,,,,,
1567,03/13/2026 13:50:00,20.47,387.7,428.5,0.21,252.03,,,,,,
1568,03/13/2026 14:00:00,20.86,384.0,420.6,0.20,249.63,,,,,,
1569,03/13/2026 14:10:00,21.20,381.1,414.1,0.20,247.72,,,,,,
1570,03/13/2026 14:20:00,21.51,378.4,408.3,0.20,245.97,,,,,,
1571,03/13/2026 14:30:00,21.74,373.8,401.2,0.19,242.96,,,,,,
1572,03/13/2026 14:40:00,21.99,368.8,393.7,0.19,239.70,,,,,,
1573,03/13/2026 14:50:00,22.20,364.1,386.8,0.19,236.67,,,,,,
1574,03/13/2026 15:00:00,22.42,361.7,382.4,0.18,235.12,,,,,,
1575,03/13/2026 15:10:00,22.60,358.5,377.5,0.18,233.00,,,,,,
1576,03/13/2026 15:20:00,22.73,352.9,370.6,0.18,229.40,,,,,,
1577,03/13/2026 15:30:00,22.84,337.9,354.0,0.17,219.66,,,,,,
1578,03/13/2026 15:40:00,22.95,341.0,356.4,0.17,221.67,,,,,,
1579,03/13/2026 15:50:00,23.03,335.4,349.9,0.17,218.04,,,,,,
1580,03/13/2026 16:00:00,23.12,334.1,347.8,0.17,217.13,,,,,,
1581,03/13/2026 16:10:00,23.15,332.4,345.9,0.17,216.09,,,,,,
1582,03/13/2026 16:20:00,23.17,329.3,342.4,0.16,214.05,,,,,,
1583,03/13/2026 16:30:00,23.12,326.7,340.2,0.16,212.36,,,,,,
1584,03/13/2026 16:40:00,23.07,323.2,336.8,0.16,210.06,,,,,,
1585,03/13/2026 16:50:00,22.97,320.6,334.9,0.16,208.38,,,,,,
1586,03/13/2026 17:00:00,22.85,315.7,330.6,0.16,205.23,,,,,,
1587,03/13/2026 17:10:00,22.72,303.8,319.1,0.15,197.48,,,,,,
1588,03/13/2026 17:20:00,22.58,305.0,321.3,0.15,198.23,,,,,,
1589,03/13/2026 17:30:00,22.42,300.4,317.6,0.15,195.25,,,,,,
1590,03/13/2026 17:40:00,22.25,298.5,316.8,0.15,194.02,,,,,,
1591,03/13/2026 17:50:00,22.05,295.9,315.5,0.15,192.36,,,,,,
1592,03/13/2026 18:00:00,21.85,292.1,312.7,0.15,189.84,,,,,,
1593,03/13/2026 18:10:00,21.64,289.5,311.5,0.15,188.18,,,,,,
1594,03/13/2026 18:20:00,21.41,287.7,311.2,0.15,187.02,,,,,,
1595,03/13/2026 18:30:00,21.17,286.3,311.3,0.15,186.08,,,,,,
1596,03/13/2026 18:40:00,20.92,285.3,312.0,0.15,185.43,,,,,,
1597,03/13/2026 18:50:00,20.65,283.7,312.2,0.15,184.41,,,,,,
1598,03/13/2026 19:00:00,20.43,277.3,306.7,0.15,180.24,,,,,,
1599,03/13/2026 19:10:00,20.15,275.5,306.8,0.15,179.10,,,,,,
1600,03/13/2026 19:20:00,19.91,276.7,309.8,0.15,179.83,,,,,,
1601,03/13/2026 19:30:00,19.68,276.4,311.2,0.15,179.67,,,,,,
1602,03/13/2026 19:40:00,19.47,276.8,313.2,0.15,179.94,,,,,,
1603,03/13/2026 19:50:00,19.26,277.1,315.1,0.15,180.14,,,,,,
1604,03/13/2026 20:00:00,19.08,278.0,317.5,0.15,180.69,,,,,,
1605,03/13/2026 20:10:00,18.89,272.6,312.6,0.15,177.16,,,,,,
1606,03/13/2026 20:20:00,18.73,273.9,315.5,0.15,178.06,,,,,,
1607,03/13/2026 20:30:00,18.56,275.4,318.5,0.15,179.04,,,,,,
1608,03/13/2026 20:40:00,18.41,277.7,322.3,0.15,180.48,,,,,,
1609,03/13/2026 20:50:00,18.26,279.0,325.1,0.15,181.37,,,,,,
1610,03/13/2026 21:00:00,18.13,266.7,311.7,0.15,173.38,,,,,,
1611,03/13/2026 21:10:00,17.99,269.4,315.9,0.15,175.13,,,,,,
1612,03/13/2026 21:20:00,17.86,273.6,321.9,0.15,177.86,,,,,,
1613,03/13/2026 21:30:00,17.74,277.3,327.2,0.16,180.27,,,,,,
1614,03/13/2026 21:40:00,17.63,279.7,330.8,0.16,181.78,,,,,,
1615,03/13/2026 21:50:00,17.53,281.9,334.3,0.16,183.21,,,,,,
1616,03/13/2026 22:00:00,17.43,284.5,338.3,0.16,184.91,,,,,,
1617,03/13/2026 22:10:00,17.32,287.1,342.3,0.16,186.59,,,,,,
1618,03/13/2026 22:20:00,17.20,289.6,346.3,0.16,188.26,,,,,,
1619,03/13/2026 22:30:00,17.10,293.2,351.5,0.17,190.56,,,,,,
1620,03/13/2026 22:40:00,17.00,295.2,354.8,0.17,191.90,,,,,,
1621,03/13/2026 22:50:00,16.90,297.5,358.5,0.17,193.40,,,,,,
1622,03/13/2026 23:00:00,16.82,299.7,361.9,0.17,194.80,,,,,,
1623,03/13/2026 23:10:00,16.73,301.8,365.3,0.17,196.17,,,,,,
1624,03/13/2026 23:20:00,16.65,303.9,368.5,0.17,197.53,,,,,,
1625,03/13/2026 23:30:00,16.56,305.6,371.5,0.18,198.67,,,,,,
1626,03/13/2026 23:40:00,16.49,325.4,396.3,0.19,211.51,,,,,,
1627,03/13/2026 23:50:00,16.41,326.6,398.5,0.19,212.27,,,,,,
1628,03/14/2026 00:00:00,16.33,327.6,400.5,0.19,212.93,,,,,,
1629,03/14/2026 00:10:00,16.26,328.4,402.3,0.19,213.49,,,,,,
1630,03/14/2026 00:20:00,16.19,329.3,404.1,0.19,214.04,,,,,,
1631,03/14/2026 00:30:00,16.11,329.8,405.4,0.19,214.34,,,,,,
1632,03/14/2026 00:40:00,16.04,321.7,396.2,0.19,209.10,,,,,,
1633,03/14/2026 00:50:00,15.97,323.4,399.1,0.19,210.23,,,,,,
1634,03/14/2026 01:00:00,15.90,325.2,402.1,0.19,211.37,,,,,,
1635,03/14/2026 01:10:00,15.83,332.6,411.9,0.20,216.17,,,,,,
1636,03/14/2026 01:20:00,15.76,332.4,412.5,0.20,216.09,,,,,,
1637,03/14/2026 01:30:00,15.69,329.1,409.1,0.19,213.90,,,,,,
1638,03/14/2026 01:40:00,15.62,333.3,415.0,0.20,216.66,,,,,,
1639,03/14/2026 01:50:00,15.55,333.7,416.3,0.20,216.89,,,,,,
1640,03/14/2026 02:00:00,15.49,333.6,416.9,0.20,216.87,,,,,,
1641,03/14/2026 02:10:00,15.43,333.2,417.0,0.20,216.58,,,,,,
1642,03/14/2026 02:20:00,15.36,333.5,418.2,0.20,216.80,,,,,,
1643,03/14/2026 02:30:00,15.30,333.2,418.3,0.20,216.55,,,,,,
1644,03/14/2026 02:40:00,15.25,333.9,419.9,0.20,217.06,,,,,,
1645,03/14/2026 02:50:00,15.19,334.1,420.7,0.20,217.14,,,,,,
1646,03/14/2026 03:00:00,15.15,333.8,420.9,0.20,216.99,,,,,,
1647,03/14/2026 03:10:00,15.10,334.5,422.3,0.20,217.44,,,,,,
1648,03/14/2026 03:20:00,15.06,334.3,422.4,0.20,217.28,,,,,,
1649,03/14/2026 03:30:00,15.02,333.8,422.4,0.20,217.00,,,,,,
1650,03/14/2026 03:40:00,14.98,333.9,422.8,0.20,217.01,,,,,,
1651,03/14/2026 03:50:00,14.95,334.1,423.5,0.20,217.18,,,,,,
1652,03/14/2026 04:00:00,14.91,334.5,424.5,0.20,217.46,,,,,,
1653,03/14/2026 04:10:00,14.87,335.0,425.5,0.20,217.73,,,,,,
1654,03/14/2026 04:20:00,14.84,335.1,426.0,0.20,217.82,,,,,,
1655,03/14/2026 04:30:00,14.79,336.5,428.3,0.20,218.75,,,,,,
1656,03/14/2026 04:40:00,14.76,338.2,430.9,0.20,219.85,,,,,,
1657,03/14/2026 04:50:00,14.72,339.3,432.7,0.20,220.53,,,,,,
1658,03/14/2026 05:00:00,14.69,339.0,432.7,0.20,220.34,,,,,,
1659,03/14/2026 05:10:00,14.64,340.2,434.8,0.21,221.14,,,,,,
1660,03/14/2026 05:20:00,14.62,340.3,435.1,0.21,221.17,,,,,,
1661,03/14/2026 05:30:00,14.58,341.1,436.7,0.21,221.74,,,,,,
1662,03/14/2026 05:40:00,14.55,339.9,435.6,0.21,220.95,,,,,,
1663,03/14/2026 05:50:00,14.52,339.0,434.7,0.21,220.34,,,,,,
1664,03/14/2026 06:00:00,14.47,338.6,434.6,0.21,220.07,,,,,,
1665,03/14/2026 06:10:00,14.43,338.8,435.5,0.21,220.25,,,,,,
1666,03/14/2026 06:20:00,14.40,339.1,436.3,0.21,220.42,,,,,,
1667,03/14/2026 06:30:00,14.35,339.4,437.2,0.21,220.64,,,,,,
1668,03/14/2026 06:40:00,14.31,339.3,437.5,0.21,220.55,,,,,,
1669,03/14/2026 06:50:00,14.28,339.8,438.5,0.21,220.85,,,,,,
1670,03/14/2026 07:00:00,14.23,339.8,439.1,0.21,220.88,,,,,,
1671,03/14/2026 07:10:00,14.19,339.5,439.1,0.21,220.64,,,,,,
1672,03/14/2026 07:20:00,14.15,340.4,440.9,0.21,221.29,,,,,,
1673,03/14/2026 07:30:00,14.11,340.6,441.5,0.21,221.39,,,,,,
1674,03/14/2026 07:40:00,14.08,339.9,441.1,0.21,220.93,,,,,,
1675,03/14/2026 07:50:00,14.03,338.3,439.6,0.21,219.92,,,,,,
1676,03/14/2026 08:00:00,14.00,341.8,444.5,0.21,222.20,,,,,,
1677,03/14/2026 08:10:00,13.98,339.0,441.0,0.21,220.35,,,,,,
1678,03/14/2026 08:20:00,13.97,339.4,441.7,0.21,220.62,,,,,,
1679,03/14/2026 08:30:00,13.97,339.9,442.3,0.21,220.91,,,,,,
1680,03/14/2026 08:40:00,14.00,340.3,442.5,0.21,221.17,,,,,,
1681,03/14/2026 08:50:00,14.03,342.3,444.8,0.21,222.52,,,,,,
1682,03/14/2026 09:00:00,14.07,342.5,444.5,0.21,222.63,,,,,,
1683,03/14/2026 09:10:00,14.13,341.3,442.3,0.21,221.83,,,,,,
1684,03/14/2026 09:20:00,14.20,344.5,445.5,0.21,223.93,,,,,,
1685,03/14/2026 09:30:00,14.29,345.7,446.0,0.21,224.74,,,,,,
1686,03/14/2026 09:40:00,14.40,347.6,447.1,0.21,225.91,,,,,,
1687,03/14/2026 09:50:00,14.53,345.6,443.0,0.21,224.64,,,,,,
1688,03/14/2026 10:00:00,14.68,347.5,443.7,0.21,225.87,,,,,,
1689,03/14/2026 10:10:00,14.84,340.7,433.1,0.20,221.48,,,,,,
1690,03/14/2026 10:20:00,15.04,350.7,443.4,0.21,227.95,,,,,,
1691,03/14/2026 10:30:00,15.27,349.2,438.9,0.21,227.00,,,,,,
1692,03/14/2026 10:40:00,15.52,349.0,435.8,0.21,226.83,,,,,,
1693,03/14/2026 10:50:00,15.81,351.4,435.3,0.21,228.38,,,,,,
1694,03/14/2026 11:00:00,16.13,351.6,432.1,0.21,228.53,,,,,,
1695,03/14/2026 11:10:00,16.49,353.5,430.4,0.20,229.75,,,,,,
1696,03/14/2026 11:20:00,16.84,359.1,433.4,0.21,233.41,,,,,,
1697,03/14/2026 11:30:00,17.23,356.0,425.4,0.20,231.43,,,,,,
1698,03/14/2026 11:40:00,17.65,357.5,422.8,0.20,232.39,,,,,,
1699,03/14/2026 11:50:00,18.06,358.8,420.0,0.20,233.22,,,,,,
1700,03/14/2026 12:00:00,18.49,360.5,417.6,0.20,234.32,,,,,,
1701,03/14/2026 12:10:00,18.96,362.8,415.6,0.20,235.85,,,,,,
1702,03/14/2026 12:20:00,19.40,364.9,413.5,0.20,237.17,,,,,,
1703,03/14/2026 12:30:00,19.85,365.9,410.3,0.20,237.81,,,,,,
1704,03/14/2026 12:40:00,20.24,366.7,407.4,0.20,238.34,,,,,,
1705,03/14/2026 12:50:00,20.66,367.2,404.0,0.19,238.66,,,,,,
1706,03/14/2026 13:00:00,21.09,368.5,401.4,0.19,239.49,,,,,,
1707,03/14/2026 13:10:00,21.50,367.5,396.7,0.19,238.88,,,,,,
1708,03/14/2026 13:20:00,21.88,367.3,393.0,0.19,238.77,,,,,,
1709,03/14/2026 13:30:00,22.27,365.7,387.9,0.19,237.69,,,,,,
1710,03/14/2026 13:40:00,22.61,365.4,384.6,0.18,237.49,,,,,,
1711,03/14/2026 13:50:00,23.00,362.3,378.2,0.18,235.47,,,,,,
1712,03/14/2026 14:00:00,23.33,362.6,375.8,0.18,235.70,,,,,,
1713,03/14/2026 14:10:00,23.64,361.9,372.5,0.18,235.22,,,,,,
1714,03/14/2026 14:20:00,23.96,361.9,370.0,0.18,235.23,,,,,,
1715,03/14/2026 14:30:00,24.25,361.4,367.1,0.18,234.89,,,,,,
1716,03/14/2026 14:40:00,24.53,362.7,366.4,0.18,235.77,,,,,,
1717,03/14/2026 14:50:00,24.74,357.2,359.1,0.17,232.19,,,,,,
1718,03/14/2026 15:00:00,24.97,356.6,356.8,0.17,231.80,,,,,,
1719,03/14/2026 15:10:00,25.14,355.2,354.2,0.17,230.90,,,,,,
1720,03/14/2026 15:20:00,25.30,352.4,350.1,0.17,229.04,,,,,,
1721,03/14/2026 15:30:00,25.41,350.0,347.0,0.17,227.53,,,,,,
1722,03/14/2026 15:40:00,25.47,346.0,342.6,0.17,224.89,,,,,,
1723,03/14/2026 15:50:00,25.49,343.8,340.3,0.16,223.48,,,,,,
1724,03/14/2026 16:00:00,25.50,341.9,338.4,0.16,222.24,,,,,,
1725,03/14/2026 16:10:00,25.48,338.5,335.1,0.16,220.00,,,,,,
1726,03/14/2026 16:20:00,25.42,336.5,333.5,0.16,218.71,,,,,,
1727,03/14/2026 16:30:00,25.27,332.6,330.8,0.16,216.20,,,,,,
1728,03/14/2026 16:40:00,25.11,332.8,332.1,0.16,216.35,,,,,,
1729,03/14/2026 16:50:00,25.00,331.3,331.2,0.16,215.31,,,,,,
1730,03/14/2026 17:00:00,24.84,328.1,329.2,0.16,213.28,,,,,,
1731,03/14/2026 17:10:00,24.63,325.2,327.8,0.16,211.40,,,,,,
1732,03/14/2026 17:20:00,24.43,322.8,326.7,0.16,209.79,,,,,,
1733,03/14/2026 17:30:00,24.27,320.6,325.5,0.16,208.37,,,,,,
1734,03/14/2026 17:40:00,24.09,316.1,322.3,0.16,205.49,,,,,,
1735,03/14/2026 17:50:00,23.88,314.7,322.3,0.16,204.58,,,,,,
1736,03/14/2026 18:00:00,23.69,312.7,321.6,0.15,203.27,,,,,,
1737,03/14/2026 18:10:00,23.51,310.9,320.9,0.15,202.08,,,,,,
1738,03/14/2026 18:20:00,23.30,308.9,320.3,0.15,200.80,,,,,,
1739,03/14/2026 18:30:00,23.10,305.2,317.9,0.15,198.39,,,,,,
1740,03/14/2026 18:40:00,22.92,303.6,317.5,0.15,197.36,,,,,,
1741,03/14/2026 18:50:00,22.67,302.3,317.8,0.15,196.47,,,,,,
1742,03/14/2026 19:00:00,22.44,301.0,318.2,0.15,195.68,,,,,,
1743,03/14/2026 19:10:00,22.19,299.6,318.3,0.15,194.71,,,,,,
1744,03/14/2026 19:20:00,21.94,299.1,319.7,0.15,194.43,,,,,,
1745,03/14/2026 19:30:00,21.66,298.1,320.6,0.15,193.79,,,,,,
1746,03/14/2026 19:40:00,21.40,297.9,322.2,0.15,193.62,,,,,,
1747,03/14/2026 19:50:00,21.14,296.2,322.3,0.15,192.51,,,,,,
1748,03/14/2026 20:00:00,20.91,296.8,324.7,0.16,192.94,,,,,,
1749,03/14/2026 20:10:00,20.71,252.6,277.6,0.13,164.18,,,,,,
1750,03/14/2026 20:20:00,20.51,265.0,292.6,0.14,172.26,,,,,,
1751,03/14/2026 20:30:00,20.32,226.7,251.4,0.12,147.36,,,,,,
1752,03/14/2026 20:40:00,20.15,227.4,253.2,0.12,147.82,,,,,,
1753,03/14/2026 20:50:00,19.99,231.6,258.8,0.12,150.54,,,,,,
1754,03/14/2026 21:00:00,19.84,232.9,261.2,0.12,151.38,,,,,,
1755,03/14/2026 21:10:00,19.71,234.6,263.8,0.13,152.46,,,,,,
1756,03/14/2026 21:20:00,19.59,236.2,266.4,0.13,153.50,,,,,,
1757,03/14/2026 21:30:00,19.47,237.8,269.1,0.13,154.57,,,,,,
1758,03/14/2026 21:40:00,19.36,239.5,271.6,0.13,155.66,,,,,,
1759,03/14/2026 21:50:00,19.26,241.2,274.3,0.13,156.79,,,,,,
1760,03/14/2026 22:00:00,19.14,243.1,277.2,0.13,157.99,,,,,,
1761,03/14/2026 22:10:00,19.05,244.7,279.7,0.13,159.08,,,,,,
1762,03/14/2026 22:20:00,18.95,246.5,282.3,0.13,160.19,,,,,,
1763,03/14/2026 22:30:00,18.86,248.5,285.3,0.14,161.53,,,,,,
1764,03/14/2026 22:40:00,18.75,249.5,287.3,0.14,162.20,,,,,,
1765,03/14/2026 22:50:00,18.65,254.0,293.0,0.14,165.07,,,,,,
1766,03/14/2026 23:00:00,18.57,256.1,296.0,0.14,166.46,,,,,,
1767,03/14/2026 23:10:00,18.48,257.3,298.1,0.14,167.25,,,,,,
1768,03/14/2026 23:20:00,18.39,260.0,301.9,0.14,169.01,,,,,,
1769,03/14/2026 23:30:00,18.31,261.3,304.0,0.14,169.84,,,,,,
1770,03/14/2026 23:40:00,18.24,263.5,307.1,0.15,171.29,,,,,,
1771,03/14/2026 23:50:00,18.17,265.4,309.9,0.15,172.52,,,,,,
1772,03/15/2026 00:00:00,18.08,266.9,312.3,0.15,173.51,,,,,,
1773,03/15/2026 00:10:00,18.02,269.1,315.3,0.15,174.89,,,,,,
1774,03/15/2026 00:20:00,17.94,269.8,316.8,0.15,175.38,,,,,,
1775,03/15/2026 00:30:00,17.86,270.8,318.6,0.15,176.04,,,,,,
1776,03/15/2026 00:40:00,17.78,271.7,320.2,0.15,176.59,,,,,,
1777,03/15/2026 00:50:00,17.73,272.4,321.5,0.15,177.08,,,,,,
1778,03/15/2026 01:00:00,17.68,273.0,322.6,0.15,177.46,,,,,,
1779,03/15/2026 01:10:00,17.63,273.6,323.7,0.15,177.85,,,,,,
1780,03/15/2026 01:20:00,17.59,274.6,325.2,0.15,178.47,,,,,,
1781,03/15/2026 01:30:00,17.56,275.6,326.7,0.16,179.16,,,,,,
1782,03/15/2026 01:40:00,17.53,276.1,327.5,0.16,179.46,,,,,,
1783,03/15/2026 01:50:00,17.51,276.4,327.9,0.16,179.64,,,,,,
1784,03/15/2026 02:00:00,17.49,276.8,328.6,0.16,179.92,,,,,,
1785,03/15/2026 02:10:00,17.48,277.4,329.5,0.16,180.34,,,,,,
1786,03/15/2026 02:20:00,17.47,278.7,331.1,0.16,181.18,,,,,,
1787,03/15/2026 02:30:00,17.46,280.3,333.1,0.16,182.22,,,,,,
1788,03/15/2026 02:40:00,17.46,280.7,333.5,0.16,182.48,,,,,,
1789,03/15/2026 02:50:00,17.46,280.9,333.7,0.16,182.56,,,,,,
1790,03/15/2026 03:00:00,17.46,281.5,334.5,0.16,182.97,,,,,,
1791,03/15/2026 03:10:00,17.45,282.0,335.2,0.16,183.32,,,,,,
1792,03/15/2026 03:20:00,17.44,283.0,336.3,0.16,183.92,,,,,,
1793,03/15/2026 03:30:00,17.44,283.0,336.4,0.16,183.95,,,,,,
1794,03/15/2026 03:40:00,17.44,283.3,336.8,0.16,184.17,,,,,,
1795,03/15/2026 03:50:00,17.44,283.5,337.0,0.16,184.28,,,,,,
1796,03/15/2026 04:00:00,17.44,284.6,338.3,0.16,185.02,,,,,,
1797,03/15/2026 04:10:00,17.44,286.3,340.4,0.16,186.12,,,,,,
1798,03/15/2026 04:20:00,17.44,287.0,341.1,0.16,186.53,,,,,,
1799,03/15/2026 04:30:00,17.44,287.6,341.8,0.16,186.91,,,,,,
1800,03/15/2026 04:40:00,17.43,288.0,342.4,0.16,187.22,,,,,,
1801,03/15/2026 04:50:00,17.44,288.5,343.0,0.16,187.55,,,,,,
1802,03/15/2026 05:00:00,17.45,289.1,343.5,0.16,187.89,,,,,,
1803,03/15/2026 05:10:00,17.46,289.9,344.4,0.16,188.41,,,,,,
1804,03/15/2026 05:20:00,17.49,290.3,344.7,0.16,188.69,,,,,,
1805,03/15/2026 05:30:00,17.52,291.0,345.2,0.16,189.12,,,,,,
1806,03/15/2026 05:40:00,17.54,291.5,345.6,0.16,189.45,,,,,,
1807,03/15/2026 05:50:00,17.57,293.1,347.3,0.17,190.52,,,,,,
1808,03/15/2026 06:00:00,17.58,292.9,346.9,0.16,190.36,,,,,,
1809,03/15/2026 06:10:00,17.60,293.4,347.4,0.17,190.72,,,,,,
1810,03/15/2026 06:20:00,17.62,293.9,347.7,0.17,191.02,,,,,,
1811,03/15/2026 06:30:00,17.64,294.8,348.7,0.17,191.64,,,,,,
1812,03/15/2026 06:40:00,17.66,294.9,348.6,0.17,191.67,,,,,,
1813,03/15/2026 06:50:00,17.68,296.1,349.9,0.17,192.48,,,,,,
1814,03/15/2026 07:00:00,17.70,296.6,350.4,0.17,192.81,,,,,,
1815,03/15/2026 07:10:00,17.71,297.1,350.9,0.17,193.12,,,,,,
1816,03/15/2026 07:20:00,17.72,297.7,351.5,0.17,193.52,,,,,,
1817,03/15/2026 07:30:00,17.73,298.0,351.7,0.17,193.70,,,,,,
1818,03/15/2026 07:40:00,17.73,298.8,352.6,0.17,194.22,,,,,,
1819,03/15/2026 07:50:00,17.74,299.8,353.8,0.17,194.89,,,,,,
1820,03/15/2026 08:00:00,17.75,300.3,354.2,0.17,195.18,,,,,,
1821,03/15/2026 08:10:00,17.76,301.2,355.2,0.17,195.77,,,,,,
1822,03/15/2026 08:20:00,17.77,301.5,355.5,0.17,195.98,,,,,,
1823,03/15/2026 08:30:00,17.77,301.9,355.9,0.17,196.24,,,,,,
1824,03/15/2026 08:40:00,17.78,303.7,358.0,0.17,197.41,,,,,,
1825,03/15/2026 08:50:00,17.79,304.1,358.3,0.17,197.64,,,,,,
1826,03/15/2026 09:00:00,17.86,303.9,357.5,0.17,197.54,,,,,,
1827,03/15/2026 09:10:00,17.95,305.2,358.3,0.17,198.39,,,,,,
1828,03/15/2026 09:20:00,18.01,305.7,358.3,0.17,198.70,,,,,,
1829,03/15/2026 09:30:00,18.11,306.8,358.6,0.17,199.40,,,,,,
1830,03/15/2026 09:40:00,18.22,307.2,358.2,0.17,199.70,,,,,,
1831,03/15/2026 09:50:00,18.34,307.6,357.7,0.17,199.97,,,,,,
1832,03/15/2026 10:00:00,18.45,307.3,356.3,0.17,199.77,,,,,,
1833,03/15/2026 10:10:00,18.58,307.8,355.8,0.17,200.05,,,,,,
1834,03/15/2026 10:20:00,18.73,306.9,353.4,0.17,199.45,,,,,,
1835,03/15/2026 10:30:00,18.90,308.2,353.4,0.17,200.31,,,,,,
1836,03/15/2026 10:40:00,19.12,309.4,353.0,0.17,201.09,,,,,,
1837,03/15/2026 10:50:00,19.36,309.8,351.4,0.17,201.36,,,,,,
1838,03/15/2026 11:00:00,19.62,309.9,349.3,0.17,201.43,,,,,,
1839,03/15/2026 11:10:00,19.91,309.8,346.8,0.17,201.37,,,,,,
1840,03/15/2026 11:20:00,20.24,310.4,344.9,0.17,201.78,,,,,,
1841,03/15/2026 11:30:00,20.58,310.2,341.9,0.16,201.61,,,,,,
1842,03/15/2026 11:40:00,20.94,310.4,339.2,0.16,201.73,,,,,,
1843,03/15/2026 11:50:00,21.32,309.3,335.2,0.16,201.04,,,,,,
1844,03/15/2026 12:00:00,21.68,310.2,333.5,0.16,201.64,,,,,,
1845,03/15/2026 12:10:00,22.08,310.6,330.8,0.16,201.86,,,,,,
1846,03/15/2026 12:20:00,22.44,310.8,328.5,0.16,202.05,,,,,,
1847,03/15/2026 12:30:00,22.80,311.1,326.2,0.16,202.22,,,,,,
1848,03/15/2026 12:40:00,23.13,311.7,324.5,0.16,202.63,,,,,,
1849,03/15/2026 12:50:00,23.42,308.8,319.3,0.15,200.70,,,,,,
1850,03/15/2026 13:00:00,23.73,308.0,316.4,0.15,200.22,,,,,,
1851,03/15/2026 13:10:00,24.05,307.7,314.0,0.15,200.01,,,,,,
1852,03/15/2026 13:20:00,24.38,330.0,334.4,0.16,214.52,,,,,,
1853,03/15/2026 13:30:00,24.59,342.1,345.0,0.17,222.37,,,,,,
1854,03/15/2026 13:40:00,24.78,323.5,325.1,0.16,210.30,,,,,,
1855,03/15/2026 13:50:00,24.92,319.5,320.0,0.15,207.68,,,,,,
1856,03/15/2026 14:00:00,25.01,316.3,316.2,0.15,205.58,,,,,,
1857,03/15/2026 14:10:00,25.02,314.8,314.7,0.15,204.63,,,,,,
1858,03/15/2026 14:20:00,25.00,313.8,313.8,0.15,203.96,,,,,,
1859,03/15/2026 14:30:00,24.95,312.1,312.4,0.15,202.84,,,,,,
1860,03/15/2026 14:40:00,24.87,312.3,313.2,0.15,203.02,,,,,,
1861,03/15/2026 14:50:00,24.72,308.9,310.8,0.15,200.81,,,,,,
1862,03/15/2026 15:00:00,24.66,315.3,317.6,0.15,204.94,,,,,,
1863,03/15/2026 15:10:00,24.57,308.2,311.0,0.15,200.33,,,,,,
1864,03/15/2026 15:20:00,24.41,306.0,309.9,0.15,198.93,,,,,,
1865,03/15/2026 15:30:00,24.19,301.1,306.3,0.15,195.68,,,,,,
1866,03/15/2026 15:40:00,23.94,297.9,304.6,0.15,193.62,,,,,,
1867,03/15/2026 15:50:00,23.78,296.8,304.6,0.15,192.93,,,,,,
1868,03/15/2026 16:00:00,23.61,295.3,304.2,0.15,191.98,,,,,,
1869,03/15/2026 16:10:00,23.36,290.8,301.2,0.14,189.04,,,,,,
1870,03/15/2026 16:20:00,23.15,287.2,298.9,0.14,186.69,,,,,,
1871,03/15/2026 16:30:00,22.86,283.2,296.5,0.14,184.08,,,,,,
1872,03/15/2026 16:40:00,22.60,280.1,295.0,0.14,182.06,,,,,,
1873,03/15/2026 16:50:00,22.27,277.1,294.0,0.14,180.12,,,,,,
1874,03/15/2026 17:00:00,21.96,273.8,292.5,0.14,177.95,,,,,,
1875,03/15/2026 17:10:00,21.59,271.3,292.3,0.14,176.38,,,,,,
1876,03/15/2026 17:20:00,21.22,267.4,290.5,0.14,173.81,,,,,,
1877,03/15/2026 17:30:00,20.89,264.2,289.2,0.14,171.75,,,,,,
1878,03/15/2026 17:40:00,20.56,262.3,289.3,0.14,170.51,,,,,,
1879,03/15/2026 17:50:00,20.24,260.4,289.4,0.14,169.29,,,,,,
1880,03/15/2026 18:00:00,19.87,257.1,288.2,0.14,167.12,,,,,,
1881,03/15/2026 18:10:00,19.48,260.5,294.6,0.14,169.30,,,,,,
1882,03/15/2026 18:20:00,19.12,257.7,294.0,0.14,167.53,,,,,,
1883,03/15/2026 18:30:00,18.80,255.9,294.2,0.14,166.32,,,,,,
1884,03/15/2026 18:40:00,18.45,253.7,294.2,0.14,164.93,,,,,,
1885,03/15/2026 18:50:00,17.98,251.4,294.9,0.14,163.41,,,,,,
1886,03/15/2026 19:00:00,17.58,250.8,297.1,0.14,163.01,,,,,,
1887,03/15/2026 19:10:00,17.18,250.5,299.7,0.14,162.80,,,,,,
1888,03/15/2026 19:20:00,16.87,249.8,301.3,0.14,162.40,,,,,,
1889,03/15/2026 19:30:00,16.46,249.3,303.8,0.14,162.05,,,,,,
1890,03/15/2026 19:40:00,16.11,249.0,306.2,0.14,161.85,,,,,,
1891,03/15/2026 19:50:00,15.80,249.0,308.7,0.15,161.86,,,,,,
1892,03/15/2026 20:00:00,15.52,249.3,311.3,0.15,162.06,,,,,,
1893,03/15/2026 20:10:00,15.21,248.9,313.3,0.15,161.78,,,,,,
1894,03/15/2026 20:20:00,14.94,248.8,315.4,0.15,161.69,,,,,,
1895,03/15/2026 20:30:00,14.68,249.0,317.9,0.15,161.88,,,,,,
1896,03/15/2026 20:40:00,14.45,249.4,320.4,0.15,162.10,,,,,,
1897,03/15/2026 20:50:00,14.22,249.7,322.8,0.15,162.29,,,,,,
1898,03/15/2026 21:00:00,14.00,249.9,325.0,0.15,162.46,,,,,,
1899,03/15/2026 21:10:00,13.82,250.5,327.4,0.15,162.85,,,,,,
1900,03/15/2026 21:20:00,13.63,251.1,329.9,0.15,163.22,,,,,,
1901,03/15/2026 21:30:00,13.43,251.8,332.6,0.16,163.66,,,,,,
1902,03/15/2026 21:40:00,13.24,252.8,335.6,0.16,164.29,,,,,,
1903,03/15/2026 21:50:00,13.06,254.0,339.0,0.16,165.07,,,,,,
1904,03/15/2026 22:00:00,12.91,255.1,342.0,0.16,165.83,,,,,,
1905,03/15/2026 22:10:00,12.74,256.5,345.5,0.16,166.75,,,,,,
1906,03/15/2026 22:20:00,12.60,258.0,348.8,0.16,167.68,,,,,,
1907,03/15/2026 22:30:00,12.46,259.8,352.7,0.16,168.88,,,,,,
1908,03/15/2026 22:40:00,12.37,261.6,356.1,0.17,170.06,,,,,,
1909,03/15/2026 22:50:00,12.23,263.8,360.5,0.17,171.50,,,,,,
1910,03/15/2026 23:00:00,12.08,265.5,364.3,0.17,172.55,,,,,,
1911,03/15/2026 23:10:00,11.90,266.3,367.4,0.17,173.09,,,,,,
1912,03/15/2026 23:20:00,11.71,267.1,370.5,0.17,173.60,,,,,,
1913,03/15/2026 23:30:00,11.51,268.0,374.0,0.17,174.22,,,,,,
1914,03/15/2026 23:40:00,11.34,268.3,376.1,0.17,174.36,,,,,,
1915,03/15/2026 23:50:00,11.16,269.0,379.2,0.18,174.88,,,,,,
1916,03/16/2026 00:00:00,11.02,269.9,382.1,0.18,175.45,,,,,,
1917,03/16/2026 00:10:00,10.89,271.2,385.4,0.18,176.27,,,,,,
1918,03/16/2026 00:20:00,10.74,271.8,387.9,0.18,176.65,,,,,,
1919,03/16/2026 00:30:00,10.58,272.3,390.7,0.18,177.02,,,,,,
1920,03/16/2026 00:40:00,10.44,272.5,392.4,0.18,177.11,,,,,,
1921,03/16/2026 00:50:00,10.30,273.0,394.9,0.18,177.48,,,,,,
1922,03/16/2026 01:00:00,10.17,273.1,396.6,0.18,177.48,,,,,,
1923,03/16/2026 01:10:00,10.01,273.6,399.3,0.18,177.82,,,,,,
1924,03/16/2026 01:20:00,9.88,274.5,402.2,0.19,178.39,,,,,,
1925,03/16/2026 01:30:00,9.75,274.8,404.2,0.19,178.61,,,,,,
1926,03/16/2026 01:40:00,9.63,275.0,406.0,0.19,178.72,,,,,,
1927,03/16/2026 01:50:00,9.52,275.7,408.4,0.19,179.20,,,,,,
1928,03/16/2026 02:00:00,9.42,275.8,409.9,0.19,179.26,,,,,,
1929,03/16/2026 02:10:00,9.30,276.3,412.1,0.19,179.57,,,,,,
1930,03/16/2026 02:20:00,9.17,276.3,413.9,0.19,179.59,,,,,,
1931,03/16/2026 02:30:00,9.03,276.2,415.6,0.19,179.52,,,,,,
1932,03/16/2026 02:40:00,8.87,276.1,417.5,0.19,179.48,,,,,,
1933,03/16/2026 02:50:00,8.76,276.5,419.7,0.19,179.74,,,,,,
1934,03/16/2026 03:00:00,8.64,276.8,421.8,0.19,179.93,,,,,,
1935,03/16/2026 03:10:00,8.54,276.7,422.9,0.19,179.84,,,,,,
1936,03/16/2026 03:20:00,8.43,277.1,425.0,0.19,180.13,,,,,,
1937,03/16/2026 03:30:00,8.32,277.0,426.4,0.20,180.07,,,,,,
1938,03/16/2026 03:40:00,8.20,276.9,427.9,0.20,179.99,,,,,,
1939,03/16/2026 03:50:00,8.08,276.9,429.5,0.20,179.97,,,,,,
1940,03/16/2026 04:00:00,7.98,276.7,430.6,0.20,179.88,,,,,,
1941,03/16/2026 04:10:00,7.90,276.7,431.6,0.20,179.83,,,,,,
1942,03/16/2026 04:20:00,7.84,276.4,432.1,0.20,179.67,,,,,,
1943,03/16/2026 04:30:00,7.77,276.4,433.1,0.20,179.65,,,,,,
1944,03/16/2026 04:40:00,7.67,275.8,433.6,0.20,179.26,,,,,,
1945,03/16/2026 04:50:00,7.61,275.4,433.9,0.20,179.00,,,,,,
1946,03/16/2026 05:00:00,7.53,275.3,434.8,0.20,178.95,,,,,,
1947,03/16/2026 05:10:00,7.45,275.2,435.8,0.20,178.88,,,,,,
1948,03/16/2026 05:20:00,7.36,274.6,436.1,0.20,178.48,,,,,,
1949,03/16/2026 05:30:00,7.30,274.5,436.9,0.20,178.41,,,,,,
1950,03/16/2026 05:40:00,7.24,274.4,437.7,0.20,178.38,,,,,,
1951,03/16/2026 05:50:00,7.18,274.0,437.9,0.20,178.09,,,,,,
1952,03/16/2026 06:00:00,7.13,274.0,438.7,0.20,178.13,,,,,,
1953,03/16/2026 06:10:00,7.08,274.0,439.4,0.20,178.12,,,,,,
1954,03/16/2026 06:20:00,7.03,273.7,439.5,0.20,177.91,,,,,,
1955,03/16/2026 06:30:00,6.99,273.7,440.3,0.20,177.92,,,,,,
1956,03/16/2026 06:40:00,6.93,273.8,441.2,0.20,177.96,,,,,,
1957,03/16/2026 06:50:00,6.86,273.6,441.9,0.20,177.85,,,,,,
1958,03/16/2026 07:00:00,6.82,273.8,443.0,0.20,177.98,,,,,,
1959,03/16/2026 07:10:00,6.77,273.7,443.4,0.20,177.89,,,,,,
1960,03/16/2026 07:20:00,6.72,273.5,443.9,0.20,177.77,,,,,,
1961,03/16/2026 07:30:00,6.67,273.6,444.8,0.20,177.82,,,,,,
1962,03/16/2026 07:40:00,6.62,273.7,445.8,0.20,177.94,,,,,,
1963,03/16/2026 07:50:00,6.57,273.6,446.5,0.20,177.87,,,,,,
1964,03/16/2026 08:00:00,6.52,274.0,447.8,0.20,178.09,,,,,,
1965,03/16/2026 08:10:00,6.47,274.2,448.9,0.20,178.21,,,,,,
1966,03/16/2026 08:20:00,6.42,274.0,449.4,0.20,178.10,,,,,,
1967,03/16/2026 08:30:00,6.38,273.9,449.9,0.20,178.05,,,,,,
1968,03/16/2026 08:40:00,6.33,274.0,450.8,0.20,178.13,,,,,,
1969,03/16/2026 08:50:00,6.31,274.3,451.6,0.20,178.32,,,,,,
1970,03/16/2026 09:00:00,6.34,275.0,452.3,0.20,178.76,,,,,,
1971,03/16/2026 09:10:00,6.38,275.6,452.7,0.20,179.15,,,,,,
1972,03/16/2026 09:20:00,6.42,276.2,453.0,0.21,179.55,,,,,,
1973,03/16/2026 09:30:00,6.47,277.0,453.4,0.21,180.07,,,,,,
1974,03/16/2026 09:40:00,6.53,278.0,454.1,0.21,180.67,,,,,,
1975,03/16/2026 09:50:00,6.64,279.2,454.5,0.21,181.49,,,,,,
1976,03/16/2026 10:00:00,6.67,279.7,454.8,0.21,181.82,,,,,,
1977,03/16/2026 10:10:00,6.73,279.5,453.4,0.21,181.64,,,,,,
1978,03/16/2026 10:20:00,6.85,281.4,454.7,0.21,182.93,,,,,,
1979,03/16/2026 10:30:00,6.93,282.3,455.0,0.21,183.52,,,,,,
1980,03/16/2026 10:40:00,7.07,283.4,454.6,0.21,184.24,,,,,,
1981,03/16/2026 10:50:00,7.22,284.6,454.2,0.21,185.00,,,,,,
1982,03/16/2026 11:00:00,7.36,285.8,453.9,0.21,185.77,,,,,,
1983,03/16/2026 11:10:00,7.52,286.9,453.4,0.21,186.48,,,,,,
1984,03/16/2026 11:20:00,7.70,288.5,453.2,0.21,187.52,,,,,,
1985,03/16/2026 11:30:00,7.86,289.0,451.5,0.21,187.84,,,,,,
1986,03/16/2026 11:40:00,8.05,291.3,452.4,0.21,189.36,,,,,,
1987,03/16/2026 11:50:00,8.22,292.8,452.1,0.21,190.31,,,,,,
1988,03/16/2026 12:00:00,8.41,294.7,452.3,0.21,191.57,,,,,,
1989,03/16/2026 12:10:00,8.60,296.2,451.8,0.21,192.55,,,,,,
1990,03/16/2026 12:20:00,8.89,298.5,451.1,0.21,194.03,,,,,,
1991,03/16/2026 12:30:00,9.16,300.7,450.7,0.21,195.47,,,,,,
1992,03/16/2026 12:40:00,9.50,303.4,449.9,0.21,197.24,,,,,,
1993,03/16/2026 12:50:00,9.75,305.4,449.3,0.21,198.53,,,,,,
1994,03/16/2026 13:00:00,10.02,307.2,448.1,0.21,199.66,,,,,,
1995,03/16/2026 13:10:00,10.38,309.9,447.3,0.21,201.44,,,,,,
1996,03/16/2026 13:20:00,10.79,313.0,446.1,0.21,203.43,,,,,,
1997,03/16/2026 13:30:00,11.09,315.2,445.2,0.21,204.85,,,,,,
1998,03/16/2026 13:40:00,11.31,316.2,443.8,0.21,205.53,,,,,,
1999,03/16/2026 13:50:00,11.54,318.2,443.6,0.21,206.82,,,,,,
2000,03/16/2026 14:00:00,11.78,319.2,441.9,0.21,207.49,,,,,,
2001,03/16/2026 14:10:00,12.05,321.1,441.1,0.21,208.74,,,,,,
2002,03/16/2026 14:20:00,12.31,322.3,439.5,0.21,209.52,,,,,,
2003,03/16/2026 14:30:00,12.47,323.4,438.9,0.21,210.23,,,,,,
2004,03/16/2026 14:40:00,12.74,325.3,438.0,0.21,211.42,,,,,,
2005,03/16/2026 14:50:00,12.92,325.8,436.6,0.20,211.80,,,,,,
2006,03/16/2026 15:00:00,13.19,327.3,435.2,0.20,212.72,,,,,,
2007,03/16/2026 15:10:00,13.46,329.7,435.2,0.20,214.31,,,,,,
2008,03/16/2026 15:20:00,13.62,330.4,434.2,0.20,214.76,,,,,,
2009,03/16/2026 15:30:00,13.81,331.2,432.9,0.20,215.27,,,,,,
2010,03/16/2026 15:40:00,13.95,331.3,431.3,0.20,215.32,,,,,,
2011,03/16/2026 15:50:00,14.09,331.5,430.0,0.20,215.49,,,,,,
2012,03/16/2026 16:00:00,14.25,332.1,428.9,0.20,215.88,,,,,,
2013,03/16/2026 16:10:00,14.36,332.5,428.2,0.20,216.14,,,,,,
2014,03/16/2026 16:20:00,14.40,332.6,427.8,0.20,216.18,,,,,,
2015,03/16/2026 16:30:00,14.44,332.0,426.7,0.20,215.81,,,,,,
2016,03/16/2026 16:40:00,14.45,331.0,425.2,0.20,215.14,,,,,,
2017,03/16/2026 16:50:00,14.40,317.9,408.9,0.19,206.66,,,,,,
2018,03/16/2026 17:00:00,14.42,450.8,579.5,0.28,293.03,,,,,,
2019,03/16/2026 17:10:00,14.40,448.4,576.8,0.27,291.44,,,,,,
2020,03/16/2026 17:20:00,14.38,446.0,574.0,0.27,289.90,,,,,,
2021,03/16/2026 17:30:00,14.34,443.6,571.5,0.27,288.36,,,,,,
2022,03/16/2026 17:40:00,14.25,439.7,567.9,0.27,285.82,,,,,,
2023,03/16/2026 17:50:00,14.13,436.7,565.8,0.27,283.82,,,,,,
2024,03/16/2026 18:00:00,14.04,433.3,562.8,0.27,281.62,,,,,,
2025,03/16/2026 18:10:00,13.90,429.3,559.8,0.27,279.06,,,,,,
2026,03/16/2026 18:20:00,13.80,429.2,561.3,0.27,279.00,,,,,,
2027,03/16/2026 18:30:00,13.63,426.6,560.5,0.27,277.31,,,,,,
2028,03/16/2026 18:40:00,13.46,421.6,556.5,0.26,274.05,,,,,,
2029,03/16/2026 18:50:00,13.28,417.6,553.9,0.26,271.46,,,,,,
2030,03/16/2026 19:00:00,13.06,413.6,552.0,0.26,268.85,,,,,,
2031,03/16/2026 19:10:00,12.79,409.1,550.1,0.26,265.93,,,,,,
2032,03/16/2026 19:20:00,12.57,405.1,548.3,0.26,263.33,,,,,,
2033,03/16/2026 19:30:00,12.32,402.1,548.1,0.26,261.38,,,,,,
2034,03/16/2026 19:40:00,12.08,398.0,546.2,0.26,258.70,,,,,,
2035,03/16/2026 19:50:00,11.81,394.3,545.5,0.26,256.31,,,,,,
2036,03/16/2026 20:00:00,11.58,391.3,544.9,0.26,254.38,,,,,,
2037,03/16/2026 20:10:00,11.33,387.8,544.1,0.26,252.09,,,,,,
2038,03/16/2026 20:20:00,11.09,384.8,543.7,0.25,250.15,,,,,,
2039,03/16/2026 20:30:00,10.84,382.1,543.7,0.25,248.34,,,,,,
2040,03/16/2026 20:40:00,10.63,379.7,543.7,0.25,246.79,,,,,,
2041,03/16/2026 20:50:00,10.44,378.0,544.5,0.25,245.73,,,,,,
2042,03/16/2026 21:00:00,10.25,376.0,544.7,0.25,244.40,,,,,,
2043,03/16/2026 21:10:00,10.07,374.7,545.7,0.25,243.54,,,,,,
2044,03/16/2026 21:20:00,9.86,374.0,548.5,0.26,243.12,,,,,,
2045,03/16/2026 21:30:00,9.74,374.6,551.2,0.26,243.50,,,,,,
2046,03/16/2026 21:40:00,9.58,375.5,555.4,0.26,244.07,,,,,,
2047,03/16/2026 21:50:00,9.44,377.0,559.9,0.26,245.03,,,,,,
2048,03/16/2026 22:00:00,9.30,378.7,565.1,0.26,246.16,,,,,,
2049,03/16/2026 22:10:00,9.17,378.9,567.5,0.26,246.26,,,,,,
2050,03/16/2026 22:20:00,9.04,382.6,575.4,0.27,248.68,,,,,,
2051,03/16/2026 22:30:00,8.94,382.7,577.4,0.27,248.76,,,,,,
2052,03/16/2026 22:40:00,8.83,381.3,577.2,0.27,247.82,,,,,,
2053,03/16/2026 22:50:00,8.73,380.4,577.8,0.27,247.23,,,,,,
2054,03/16/2026 23:00:00,8.63,379.1,577.8,0.27,246.45,,,,,,
2055,03/16/2026 23:10:00,8.55,378.3,578.0,0.27,245.92,,,,,,
2056,03/16/2026 23:20:00,8.46,377.6,578.5,0.27,245.45,,,,,,
2057,03/16/2026 23:30:00,8.36,376.9,579.3,0.27,245.00,,,,,,
2058,03/16/2026 23:40:00,8.30,380.6,586.2,0.27,247.42,,,,,,
2059,03/16/2026 23:50:00,8.18,378.7,585.6,0.27,246.16,,,,,,
2060,03/17/2026 00:00:00,8.12,375.6,581.9,0.27,244.13,,,,,,
2061,03/17/2026 00:10:00,8.05,375.9,583.7,0.27,244.36,,,,,,
2062,03/17/2026 00:20:00,7.97,376.1,585.5,0.27,244.47,,,,,,
2063,03/17/2026 00:30:00,7.89,376.4,587.5,0.27,244.68,,,,,,
2064,03/17/2026 00:40:00,7.83,376.3,588.4,0.27,244.59,,,,,,
2065,03/17/2026 00:50:00,7.76,377.0,590.9,0.27,245.05,,,,,,
2066,03/17/2026 01:00:00,7.70,378.3,594.1,0.27,245.87,,,,,,
2067,03/17/2026 01:10:00,7.64,379.4,597.2,0.28,246.63,,,,,,
2068,03/17/2026 01:20:00,7.57,380.6,600.4,0.28,247.40,,,,,,
2069,03/17/2026 01:30:00,7.51,381.8,603.5,0.28,248.20,,,,,,
2070,03/17/2026 01:40:00,7.44,382.9,606.5,0.28,248.85,,,,,,
2071,03/17/2026 01:50:00,7.38,384.1,609.7,0.28,249.69,,,,,,
2072,03/17/2026 02:00:00,7.29,386.0,614.5,0.28,250.87,,,,,,
2073,03/17/2026 02:10:00,7.24,387.6,618.1,0.28,251.95,,,,,,
2074,03/17/2026 02:20:00,7.19,385.1,615.2,0.28,250.32,,,,,,
2075,03/17/2026 02:30:00,7.15,386.3,617.9,0.28,251.13,,,,,,
2076,03/17/2026 02:40:00,7.13,388.0,621.1,0.29,252.18,,,,,,
2077,03/17/2026 02:50:00,7.09,389.2,623.7,0.29,252.97,,,,,,
2078,03/17/2026 03:00:00,7.07,390.3,625.9,0.29,253.68,,,,,,
2079,03/17/2026 03:10:00,7.04,391.6,628.7,0.29,254.51,,,,,,
2080,03/17/2026 03:20:00,7.00,393.2,632.2,0.29,255.58,,,,,,
2081,03/17/2026 03:30:00,6.96,394.1,634.5,0.29,256.17,,,,,,
2082,03/17/2026 03:40:00,6.94,394.8,635.9,0.29,256.60,,,,,,
2083,03/17/2026 03:50:00,6.91,395.8,638.2,0.29,257.26,,,,,,
2084,03/17/2026 04:00:00,6.89,396.7,640.3,0.29,257.88,,,,,,
2085,03/17/2026 04:10:00,6.88,396.9,640.8,0.29,258.00,,,,,,
2086,03/17/2026 04:20:00,6.84,397.2,642.1,0.30,258.21,,,,,,
2087,03/17/2026 04:30:00,6.84,397.3,642.1,0.30,258.25,,,,,,
2088,03/17/2026 04:40:00,6.83,398.2,643.9,0.30,258.80,,,,,,
2089,03/17/2026 04:50:00,6.83,398.6,644.7,0.30,259.10,,,,,,
2090,03/17/2026 05:00:00,6.82,399.1,645.6,0.30,259.45,,,,,,
2091,03/17/2026 05:10:00,6.82,399.1,645.5,0.30,259.40,,,,,,
2092,03/17/2026 05:20:00,6.82,399.6,646.3,0.30,259.73,,,,,,
2093,03/17/2026 05:30:00,6.83,400.1,646.9,0.30,260.09,,,,,,
2094,03/17/2026 05:40:00,6.83,400.9,648.2,0.30,260.60,,,,,,
2095,03/17/2026 05:50:00,6.84,401.3,648.8,0.30,260.88,,,,,,
2096,03/17/2026 06:00:00,6.85,401.9,649.3,0.30,261.20,,,,,,
2097,03/17/2026 06:10:00,6.86,402.6,650.3,0.30,261.66,,,,,,
2098,03/17/2026 06:20:00,6.87,403.3,651.3,0.30,262.16,,,,,,
2099,03/17/2026 06:30:00,6.86,403.7,652.1,0.30,262.41,,,,,,
2100,03/17/2026 06:40:00,6.85,403.8,652.5,0.30,262.49,,,,,,
2101,03/17/2026 06:50:00,6.85,404.4,653.5,0.30,262.86,,,,,,
2102,03/17/2026 07:00:00,6.82,404.6,654.4,0.30,262.98,,,,,,
2103,03/17/2026 07:10:00,6.82,404.8,654.9,0.30,263.12,,,,,,
2104,03/17/2026 07:20:00,6.80,405.7,656.7,0.30,263.73,,,,,,
2105,03/17/2026 07:30:00,6.78,405.0,656.0,0.30,263.23,,,,,,
2106,03/17/2026 07:40:00,6.77,405.6,657.3,0.30,263.67,,,,,,
2107,03/17/2026 07:50:00,6.75,405.7,657.8,0.30,263.70,,,,,,
2108,03/17/2026 08:00:00,6.73,405.5,657.8,0.30,263.55,,,,,,
2109,03/17/2026 08:10:00,6.72,405.5,658.1,0.30,263.55,,,,,,
2110,03/17/2026 08:20:00,6.70,406.0,659.3,0.30,263.88,,,,,,
2111,03/17/2026 08:30:00,6.71,406.3,659.7,0.30,264.11,,,,,,
2112,03/17/2026 08:40:00,6.74,406.6,659.5,0.30,264.29,,,,,,
2113,03/17/2026 08:50:00,6.77,407.4,660.2,0.30,264.80,,,,,,
2114,03/17/2026 09:00:00,6.82,408.3,660.5,0.30,265.37,,,,,,
2115,03/17/2026 09:10:00,6.90,409.4,660.5,0.30,266.12,,,,,,
2116,03/17/2026 09:20:00,6.98,410.5,660.5,0.30,266.83,,,,,,
2117,03/17/2026 09:30:00,7.06,411.8,660.7,0.30,267.67,,,,,,
2118,03/17/2026 09:40:00,7.16,413.0,660.4,0.30,268.45,,,,,,
2119,03/17/2026 09:50:00,7.26,414.9,661.4,0.31,269.71,,,,,,
2120,03/17/2026 10:00:00,7.35,415.5,660.2,0.30,270.10,,,,,,
2121,03/17/2026 10:10:00,7.50,417.4,659.9,0.30,271.33,,,,,,
2122,03/17/2026 10:20:00,7.64,419.1,659.5,0.30,272.39,,,,,,
2123,03/17/2026 10:30:00,7.78,420.9,659.3,0.31,273.59,,,,,,
2124,03/17/2026 10:40:00,7.91,422.3,658.8,0.31,274.50,,,,,,
2125,03/17/2026 10:50:00,8.08,423.7,657.3,0.30,275.43,,,,,,
2126,03/17/2026 11:00:00,8.23,423.2,653.2,0.30,275.10,,,,,,
2127,03/17/2026 11:10:00,8.47,425.0,651.0,0.30,276.22,,,,,,
2128,03/17/2026 11:20:00,8.72,429.6,652.8,0.30,279.24,,,,,,
2129,03/17/2026 11:30:00,8.97,431.4,650.2,0.30,280.38,,,,,,
2130,03/17/2026 11:40:00,9.25,435.5,650.8,0.30,283.07,,,,,,
2131,03/17/2026 11:50:00,9.53,438.0,648.8,0.30,284.72,,,,,,
2132,03/17/2026 12:00:00,9.85,440.7,646.4,0.30,286.45,,,,,,
2133,03/17/2026 12:10:00,10.17,444.3,645.2,0.30,288.83,,,,,,
2134,03/17/2026 12:20:00,10.49,447.6,643.7,0.30,290.95,,,,,,
2135,03/17/2026 12:30:00,10.87,450.5,640.7,0.30,292.84,,,,,,
2136,03/17/2026 12:40:00,11.30,454.6,638.2,0.30,295.51,,,,,,
2137,03/17/2026 12:50:00,11.70,458.4,636.1,0.30,297.97,,,,,,
2138,03/17/2026 13:00:00,12.11,454.8,623.5,0.29,295.60,,,,,,
2139,03/17/2026 13:10:00,12.56,461.4,624.5,0.30,299.89,,,,,,
2140,03/17/2026 13:20:00,12.99,465.9,623.0,0.30,302.85,,,,,,
2141,03/17/2026 13:30:00,13.41,470.7,622.2,0.30,305.97,,,,,,
2142,03/17/2026 13:40:00,13.87,480.1,626.7,0.30,312.10,,,,,,
2143,03/17/2026 13:50:00,14.34,479.9,618.3,0.29,311.95,,,,,,
2144,03/17/2026 14:00:00,14.92,488.7,620.0,0.30,317.68,,,,,,
2145,03/17/2026 14:10:00,15.33,471.3,591.4,0.28,306.34,,,,,,
2146,03/17/2026 14:20:00,15.70,493.5,613.2,0.29,320.75,,,,,,
2147,03/17/2026 14:30:00,16.17,502.6,617.1,0.30,326.71,,,,,,
2148,03/17/2026 14:40:00,16.60,505.7,613.9,0.29,328.68,,,,,,
2149,03/17/2026 14:50:00,17.00,501.3,602.5,0.29,325.84,,,,,,
2150,03/17/2026 15:00:00,17.38,507.5,604.2,0.29,329.85,,,,,,
2151,03/17/2026 15:10:00,17.72,516.0,609.1,0.29,335.39,,,,,,
2152,03/17/2026 15:20:00,18.03,514.8,603.1,0.29,334.62,,,,,,
2153,03/17/2026 15:30:00,18.29,520.0,605.2,0.29,337.98,,,,,,
2154,03/17/2026 15:40:00,18.62,523.6,604.5,0.29,340.33,,,,,,
2155,03/17/2026 15:50:00,18.85,523.7,601.4,0.29,340.37,,,,,,
2156,03/17/2026 16:00:00,19.05,524.0,598.8,0.29,340.60,,,,,,
2157,03/17/2026 16:10:00,19.26,523.8,595.6,0.29,340.45,,,,,,
2158,03/17/2026 16:20:00,19.38,517.5,586.8,0.28,336.40,,,,,,
2159,03/17/2026 16:30:00,19.49,512.9,580.0,0.28,333.41,,,,,,
2160,03/17/2026 16:40:00,19.57,511.9,577.7,0.28,332.72,,,,,,
2161,03/17/2026 16:50:00,19.55,503.5,568.6,0.27,327.27,,,,,,
2162,03/17/2026 17:00:00,19.47,499.4,565.1,0.27,324.62,,,,,,
2163,03/17/2026 17:10:00,19.36,493.6,559.9,0.27,320.81,,,,,,
2164,03/17/2026 17:20:00,19.21,489.1,556.7,0.27,317.90,,,,,,
2165,03/17/2026 17:30:00,19.08,483.8,552.5,0.27,314.46,,,,,,
2166,03/17/2026 17:40:00,18.89,478.5,548.9,0.26,311.04,,,,,,
2167,03/17/2026 17:50:00,18.71,474.7,546.9,0.26,308.52,,,,,,
2168,03/17/2026 18:00:00,18.50,469.2,543.3,0.26,304.96,,,,,,
2169,03/17/2026 18:10:00,18.28,463.8,540.0,0.26,301.45,,,,,,
2170,03/17/2026 18:20:00,18.06,461.2,539.9,0.26,299.78,,,,,,
2171,03/17/2026 18:30:00,17.79,453.2,534.1,0.26,294.58,,,,,,
2172,03/17/2026 18:40:00,17.56,445.6,528.1,0.25,289.67,,,,,,
2173,03/17/2026 18:50:00,17.23,439.0,524.5,0.25,285.33,,,,,,
2174,03/17/2026 19:00:00,16.81,429.6,518.8,0.25,279.23,,,,,,
2175,03/17/2026 19:10:00,16.14,417.3,512.8,0.24,271.26,,,,,,
2176,03/17/2026 19:20:00,15.50,406.1,507.3,0.24,263.95,,,,,,
2177,03/17/2026 19:30:00,15.00,401.9,508.7,0.24,261.21,,,,,,
2178,03/17/2026 19:40:00,14.55,397.9,509.9,0.24,258.65,,,,,,
2179,03/17/2026 19:50:00,14.23,394.2,509.4,0.24,256.23,,,,,,
2180,03/17/2026 20:00:00,13.98,391.0,508.7,0.24,254.14,,,,,,
2181,03/17/2026 20:10:00,13.81,390.6,510.6,0.24,253.88,,,,,,
2182,03/17/2026 20:20:00,13.67,381.0,500.0,0.24,247.67,,,,,,
2183,03/17/2026 20:30:00,13.55,394.8,519.8,0.25,256.64,,,,,,
2184,03/17/2026 20:40:00,13.41,397.1,524.8,0.25,258.12,,,,,,
2185,03/17/2026 20:50:00,13.29,373.7,495.5,0.23,242.88,,,,,,
2186,03/17/2026 21:00:00,13.19,390.4,519.1,0.25,253.76,,,,,,
2187,03/17/2026 21:10:00,13.07,394.7,526.6,0.25,256.53,,,,,,
2188,03/17/2026 21:20:00,12.96,394.9,528.6,0.25,256.71,,,,,,
2189,03/17/2026 21:30:00,12.87,395.8,531.1,0.25,257.27,,,,,,
2190,03/17/2026 21:40:00,12.76,397.8,535.4,0.25,258.55,,,,,,
2191,03/17/2026 21:50:00,12.66,399.0,538.7,0.25,259.37,,,,,,
2192,03/17/2026 22:00:00,12.53,402.9,545.8,0.26,261.90,,,,,,
2193,03/17/2026 22:10:00,12.42,405.3,550.8,0.26,263.47,,,,,,
2194,03/17/2026 22:20:00,12.32,411.8,561.3,0.26,267.69,,,,,,
2195,03/17/2026 22:30:00,12.21,414.5,566.8,0.27,269.41,,,,,,
2196,03/17/2026 22:40:00,12.09,417.6,573.0,0.27,271.47,,,,,,
2197,03/17/2026 22:50:00,11.98,415.6,572.0,0.27,270.16,,,,,,
2198,03/17/2026 23:00:00,11.87,417.7,576.8,0.27,271.50,,,,,,
2199,03/17/2026 23:10:00,11.76,419.6,581.2,0.27,272.72,,,,,,
2200,03/17/2026 23:20:00,11.65,421.9,586.2,0.28,274.22,,,,,,
2201,03/17/2026 23:30:00,11.56,423.0,589.4,0.28,274.93,,,,,,
2202,03/17/2026 23:40:00,11.44,425.1,594.3,0.28,276.32,,,,,,
2203,03/17/2026 23:50:00,11.34,426.6,598.2,0.28,277.29,,,,,,
2204,03/18/2026 00:00:00,11.25,428.2,602.1,0.28,278.34,,,,,,
2205,03/18/2026 00:10:00,11.16,429.4,605.4,0.28,279.14,,,,,,
2206,03/18/2026 00:20:00,11.08,431.6,609.9,0.29,280.51,,,,,,
2207,03/18/2026 00:30:00,10.97,431.6,611.9,0.29,280.54,,,,,,
2208,03/18/2026 00:40:00,10.86,432.1,614.7,0.29,280.90,,,,,,
2209,03/18/2026 00:50:00,10.83,433.8,617.6,0.29,281.95,,,,,,
2210,03/18/2026 01:00:00,10.76,434.5,619.9,0.29,282.41,,,,,,
2211,03/18/2026 01:10:00,10.70,435.2,622.0,0.29,282.86,,,,,,
2212,03/18/2026 01:20:00,10.61,435.0,623.4,0.29,282.73,,,,,,
2213,03/18/2026 01:30:00,10.55,435.5,625.3,0.29,283.06,,,,,,
2214,03/18/2026 01:40:00,10.47,436.1,627.5,0.29,283.47,,,,,,
2215,03/18/2026 01:50:00,10.44,437.1,629.5,0.30,284.08,,,,,,
2216,03/18/2026 02:00:00,10.36,436.9,631.0,0.30,284.01,,,,,,
2217,03/18/2026 02:10:00,10.30,437.6,633.0,0.30,284.41,,,,,,
2218,03/18/2026 02:20:00,10.25,438.2,634.8,0.30,284.86,,,,,,
2219,03/18/2026 02:30:00,10.20,438.4,636.2,0.30,284.97,,,,,,
2220,03/18/2026 02:40:00,10.12,438.5,637.8,0.30,285.00,,,,,,
2221,03/18/2026 02:50:00,10.07,438.9,639.4,0.30,285.27,,,,,,
2222,03/18/2026 03:00:00,10.04,439.5,640.8,0.30,285.67,,,,,,
2223,03/18/2026 03:10:00,9.97,439.2,641.8,0.30,285.48,,,,,,
2224,03/18/2026 03:20:00,9.92,439.8,643.5,0.30,285.86,,,,,,
2225,03/18/2026 03:30:00,9.85,439.8,644.9,0.30,285.84,,,,,,
2226,03/18/2026 03:40:00,9.81,441.7,648.7,0.30,287.13,,,,,,
2227,03/18/2026 03:50:00,9.75,441.5,649.5,0.30,286.99,,,,,,
2228,03/18/2026 04:00:00,9.67,441.9,651.6,0.30,287.22,,,,,,
2229,03/18/2026 04:10:00,9.60,442.4,653.8,0.31,287.55,,,,,,
2230,03/18/2026 04:20:00,9.58,443.1,655.4,0.31,288.03,,,,,,
2231,03/18/2026 04:30:00,9.49,443.3,657.4,0.31,288.13,,,,,,
2232,03/18/2026 04:40:00,9.43,444.3,660.1,0.31,288.77,,,,,,
2233,03/18/2026 04:50:00,9.43,445.8,662.3,0.31,289.74,,,,,,
2234,03/18/2026 05:00:00,9.35,446.5,665.0,0.31,290.24,,,,,,
2235,03/18/2026 05:10:00,9.30,447.5,667.5,0.31,290.85,,,,,,
2236,03/18/2026 05:20:00,9.26,448.2,669.5,0.31,291.34,,,,,,
2237,03/18/2026 05:30:00,9.20,448.5,671.2,0.31,291.53,,,,,,
2238,03/18/2026 05:40:00,9.13,450.4,675.5,0.32,292.76,,,,,,
2239,03/18/2026 05:50:00,9.08,451.4,678.2,0.32,293.44,,,,,,
2240,03/18/2026 06:00:00,9.01,451.9,680.3,0.32,293.76,,,,,,
2241,03/18/2026 06:10:00,8.95,452.5,682.5,0.32,294.12,,,,,,
2242,03/18/2026 06:20:00,8.91,453.1,684.3,0.32,294.50,,,,,,
2243,03/18/2026 06:30:00,8.87,452.5,684.2,0.32,294.10,,,,,,
2244,03/18/2026 06:40:00,8.85,452.3,684.4,0.32,293.96,,,,,,
2245,03/18/2026 06:50:00,8.82,453.4,686.9,0.32,294.72,,,,,,
2246,03/18/2026 07:00:00,8.79,453.9,688.1,0.32,295.03,,,,,,
2247,03/18/2026 07:10:00,8.77,454.2,689.1,0.32,295.21,,,,,,
2248,03/18/2026 07:20:00,8.74,454.9,690.7,0.32,295.66,,,,,,
2249,03/18/2026 07:30:00,8.74,455.3,691.4,0.32,295.95,,,,,,
2250,03/18/2026 07:40:00,8.73,455.6,692.1,0.32,296.12,,,,,,
2251,03/18/2026 07:50:00,8.72,456.4,693.5,0.32,296.65,,,,,,
2252,03/18/2026 08:00:00,8.71,457.1,694.8,0.32,297.13,,,,,,
2253,03/18/2026 08:10:00,8.74,458.1,695.6,0.32,297.74,,,,,,
2254,03/18/2026 08:20:00,8.76,458.8,696.3,0.32,298.24,,,,,,
2255,03/18/2026 08:30:00,8.77,459.8,697.5,0.33,298.87,,,,,,
2256,03/18/2026 08:40:00,8.82,460.9,697.9,0.33,299.57,,,,,,
2257,03/18/2026 08:50:00,8.88,462.5,699.1,0.33,300.61,,,,,,
2258,03/18/2026 09:00:00,8.95,462.5,697.7,0.33,300.64,,,,,,
2259,03/18/2026 09:10:00,9.00,463.2,697.4,0.33,301.06,,,,,,
2260,03/18/2026 09:20:00,9.08,464.5,697.7,0.33,301.92,,,,,,
2261,03/18/2026 09:30:00,9.22,466.5,697.8,0.33,303.24,,,,,,
2262,03/18/2026 09:40:00,9.35,468.3,697.5,0.33,304.39,,,,,,
2263,03/18/2026 09:50:00,9.51,470.7,697.7,0.33,305.98,,,,,,
2264,03/18/2026 10:00:00,9.65,472.9,697.9,0.33,307.36,,,,,,
2265,03/18/2026 10:10:00,9.83,475.5,697.9,0.33,309.08,,,,,,
2266,03/18/2026 10:20:00,10.02,478.1,697.6,0.33,310.76,,,,,,
2267,03/18/2026 10:30:00,10.18,480.7,697.8,0.33,312.45,,,,,,
2268,03/18/2026 10:40:00,10.38,481.4,694.7,0.33,312.93,,,,,,
2269,03/18/2026 10:50:00,10.57,483.0,693.1,0.33,313.97,,,,,,
2270,03/18/2026 11:00:00,10.78,485.6,692.4,0.33,315.63,,,,,,
2271,03/18/2026 11:10:00,11.01,489.0,692.3,0.33,317.82,,,,,,
2272,03/18/2026 11:20:00,11.22,491.5,691.6,0.33,319.45,,,,,,
2273,03/18/2026 11:30:00,11.49,494.9,691.0,0.33,321.69,,,,,,
2274,03/18/2026 11:40:00,11.71,497.6,690.3,0.33,323.46,,,,,,
2275,03/18/2026 11:50:00,12.00,500.9,689.0,0.33,325.59,,,,,,
2276,03/18/2026 12:00:00,12.31,503.7,686.8,0.33,327.40,,,,,,
2277,03/18/2026 12:10:00,12.54,506.2,685.5,0.33,329.00,,,,,,
2278,03/18/2026 12:20:00,12.82,510.3,685.7,0.33,331.72,,,,,,
2279,03/18/2026 12:30:00,13.07,512.2,683.5,0.33,332.91,,,,,,
2280,03/18/2026 12:40:00,13.55,517.1,680.9,0.32,336.15,,,,,,
2281,03/18/2026 12:50:00,13.89,520.8,679.3,0.32,338.53,,,,,,
2282,03/18/2026 13:00:00,14.17,524.1,678.4,0.32,340.70,,,,,,
2283,03/18/2026 13:10:00,14.50,526.8,675.8,0.32,342.42,,,,,,
2284,03/18/2026 13:20:00,14.98,531.3,673.0,0.32,345.36,,,,,,
2285,03/18/2026 13:30:00,15.55,537.5,670.5,0.32,349.37,,,,,,
2286,03/18/2026 13:40:00,16.00,541.1,667.3,0.32,351.74,,,,,,
2287,03/18/2026 13:50:00,16.44,546.0,665.7,0.32,354.92,,,,,,
2288,03/18/2026 14:00:00,16.93,548.8,660.8,0.32,356.72,,,,,,
2289,03/18/2026 14:10:00,17.45,553.3,657.5,0.32,359.65,,,,,,
2290,03/18/2026 14:20:00,17.98,557.1,653.3,0.31,362.10,,,,,,
2291,03/18/2026 14:30:00,18.27,558.9,650.8,0.31,363.29,,,,,,
2292,03/18/2026 14:40:00,18.83,561.9,645.5,0.31,365.23,,,,,,
2293,03/18/2026 14:50:00,19.30,567.7,644.8,0.31,368.97,,,,,,
2294,03/18/2026 15:00:00,19.75,566.0,636.2,0.31,367.92,,,,,,
2295,03/18/2026 15:10:00,20.09,567.6,632.8,0.31,368.94,,,,,,
2296,03/18/2026 15:20:00,20.19,567.4,631.2,0.31,368.78,,,,,,
2297,03/18/2026 15:30:00,20.58,568.1,626.2,0.30,369.26,,,,,,
2298,03/18/2026 15:40:00,20.97,568.8,621.4,0.30,369.70,,,,,,
2299,03/18/2026 15:50:00,21.28,569.4,617.6,0.30,370.09,,,,,,
2300,03/18/2026 16:00:00,21.45,569.3,615.1,0.30,370.04,,,,,,
2301,03/18/2026 16:10:00,21.64,569.5,612.7,0.30,370.15,,,,,,
2302,03/18/2026 16:20:00,21.90,569.0,608.7,0.29,369.85,,,,,,
2303,03/18/2026 16:30:00,22.05,576.9,615.0,0.30,374.97,,,,,,
2304,03/18/2026 16:40:00,22.06,574.9,612.7,0.30,373.66,,,,,,
2305,03/18/2026 16:50:00,22.18,574.6,610.8,0.30,373.49,,,,,,
2306,03/18/2026 17:00:00,22.27,574.0,608.9,0.29,373.11,,,,,,
2307,03/18/2026 17:10:00,22.39,571.5,604.6,0.29,371.48,,,,,,
2308,03/18/2026 17:20:00,22.49,569.2,600.8,0.29,369.97,,,,,,
2309,03/18/2026 17:30:00,22.52,567.9,599.1,0.29,369.12,,,,,,
2310,03/18/2026 17:40:00,22.55,565.9,596.7,0.29,367.85,,,,,,
2311,03/18/2026 17:50:00,22.49,564.0,595.4,0.29,366.57,,,,,,
2312,03/18/2026 18:00:00,22.44,560.2,592.0,0.29,364.13,,,,,,
2313,03/18/2026 18:10:00,22.35,557.4,590.2,0.29,362.31,,,,,,
2314,03/18/2026 18:20:00,22.23,554.5,588.7,0.28,360.42,,,,,,
2315,03/18/2026 18:30:00,22.11,551.0,586.6,0.28,358.18,,,,,,
2316,03/18/2026 18:40:00,21.97,548.3,585.5,0.28,356.39,,,,,,
2317,03/18/2026 18:50:00,21.79,544.5,583.9,0.28,353.94,,,,,,
2318,03/18/2026 19:00:00,21.61,540.4,581.9,0.28,351.27,,,,,,
2319,03/18/2026 19:10:00,21.39,536.5,580.5,0.28,348.73,,,,,,
2320,03/18/2026 19:20:00,21.20,533.0,579.3,0.28,346.45,,,,,,
2321,03/18/2026 19:30:00,20.95,528.8,577.9,0.28,343.70,,,,,,
2322,03/18/2026 19:40:00,20.72,525.0,577.0,0.28,341.28,,,,,,
2323,03/18/2026 19:50:00,20.44,521.8,577.1,0.28,339.16,,,,,,
2324,03/18/2026 20:00:00,20.18,518.7,577.1,0.28,337.14,,,,,,
2325,03/18/2026 20:10:00,19.90,514.5,576.2,0.28,334.43,,,,,,
2326,03/18/2026 20:20:00,19.63,508.9,573.6,0.28,330.76,,,,,,
2327,03/18/2026 20:30:00,19.39,505.5,573.0,0.28,328.58,,,,,,
2328,03/18/2026 20:40:00,19.16,501.8,571.8,0.28,326.15,,,,,,
2329,03/18/2026 20:50:00,18.94,498.4,571.1,0.27,323.97,,,,,,
2330,03/18/2026 21:00:00,18.70,493.4,568.7,0.27,320.69,,,,,,
2331,03/18/2026 21:10:00,18.45,491.5,569.8,0.27,319.47,,,,,,
2332,03/18/2026 21:20:00,18.22,488.0,569.1,0.27,317.22,,,,,,
2333,03/18/2026 21:30:00,17.99,485.0,568.7,0.27,315.22,,,,,,
2334,03/18/2026 21:40:00,17.76,482.0,568.4,0.27,313.28,,,,,,
2335,03/18/2026 21:50:00,17.53,479.0,568.2,0.27,311.35,,,,,,
2336,03/18/2026 22:00:00,17.32,476.7,568.4,0.27,309.89,,,,,,
2337,03/18/2026 22:10:00,17.10,473.6,567.8,0.27,307.83,,,,,,
2338,03/18/2026 22:20:00,16.91,472.0,568.6,0.27,306.78,,,,,,
2339,03/18/2026 22:30:00,16.73,469.9,568.7,0.27,305.42,,,,,,
2340,03/18/2026 22:40:00,16.55,468.4,569.4,0.27,304.45,,,,,,
2341,03/18/2026 22:50:00,16.37,466.9,570.2,0.27,303.48,,,,,,
2342,03/18/2026 23:00:00,16.21,465.5,570.9,0.27,302.60,,,,,,
2343,03/18/2026 23:10:00,16.05,464.3,571.8,0.27,301.77,,,,,,
2344,03/18/2026 23:20:00,15.88,462.7,572.3,0.27,300.76,,,,,,
2345,03/18/2026 23:30:00,15.73,460.8,572.2,0.27,299.52,,,,,,
2346,03/18/2026 23:40:00,15.58,460.2,573.7,0.27,299.13,,,,,,
2347,03/18/2026 23:50:00,15.44,459.2,574.5,0.27,298.45,,,,,,
2348,03/19/2026 00:00:00,15.31,458.8,576.0,0.27,298.19,,,,,,
2349,03/19/2026 00:10:00,15.17,458.1,577.3,0.28,297.77,,,,,,
2350,03/19/2026 00:20:00,15.03,457.7,578.9,0.28,297.49,,,,,,
2351,03/19/2026 00:30:00,14.93,457.0,579.6,0.28,297.02,,,,,,
2352,03/19/2026 00:40:00,14.78,456.5,581.2,0.28,296.71,,,,,,
2353,03/19/2026 00:50:00,14.67,456.2,582.6,0.28,296.56,,,,,,
2354,03/19/2026 01:00:00,14.56,456.4,584.5,0.28,296.64,,,,,,
2355,03/19/2026 01:10:00,14.45,455.8,585.5,0.28,296.27,,,,,,
2356,03/19/2026 01:20:00,14.34,456.1,587.6,0.28,296.46,,,,,,
2357,03/19/2026 01:30:00,14.26,456.2,589.1,0.28,296.55,,,,,,
2358,03/19/2026 01:40:00,14.15,456.5,591.2,0.28,296.72,,,,,,
2359,03/19/2026 01:50:00,14.06,456.5,592.7,0.28,296.74,,,,,,
2360,03/19/2026 02:00:00,13.98,456.7,594.2,0.28,296.85,,,,,,
2361,03/19/2026 02:10:00,13.90,457.2,596.1,0.28,297.16,,,,,,
2362,03/19/2026 02:20:00,13.82,457.7,598.2,0.28,297.54,,,,,,
2363,03/19/2026 02:30:00,13.74,458.3,600.2,0.29,297.89,,,,,,
2364,03/19/2026 02:40:00,13.67,459.2,602.6,0.29,298.47,,,,,,
2365,03/19/2026 02:50:00,13.60,460.0,604.9,0.29,299.02,,,,,,
2366,03/19/2026 03:00:00,13.53,461.2,607.4,0.29,299.76,,,,,,
2367,03/19/2026 03:10:00,13.45,462.2,610.2,0.29,300.44,,,,,,
2368,03/19/2026 03:20:00,13.39,463.5,613.0,0.29,301.29,,,,,,
2369,03/19/2026 03:30:00,13.32,464.6,615.6,0.29,301.98,,,,,,
2370,03/19/2026 03:40:00,13.26,466.0,618.4,0.29,302.89,,,,,,
2371,03/19/2026 03:50:00,13.19,467.8,622.0,0.30,304.05,,,,,,
2372,03/19/2026 04:00:00,13.13,469.4,625.2,0.30,305.13,,,,,,
2373,03/19/2026 04:10:00,13.07,471.5,629.0,0.30,306.47,,,,,,
2374,03/19/2026 04:20:00,13.02,473.5,632.7,0.30,307.78,,,,,,
2375,03/19/2026 04:30:00,12.96,475.5,636.5,0.30,309.10,,,,,,
2376,03/19/2026 04:40:00,12.90,477.6,640.4,0.30,310.44,,,,,,
2377,03/19/2026 04:50:00,12.85,479.2,643.4,0.31,311.49,,,,,,
2378,03/19/2026 05:00:00,12.79,481.1,647.1,0.31,312.71,,,,,,
2379,03/19/2026 05:10:00,12.73,482.0,649.2,0.31,313.28,,,,,,
2380,03/19/2026 05:20:00,12.66,483.1,652.0,0.31,313.98,,,,,,
2381,03/19/2026 05:30:00,12.61,486.2,657.2,0.31,316.04,,,,,,
2382,03/19/2026 05:40:00,12.56,488.8,661.6,0.31,317.71,,,,,,
2383,03/19/2026 05:50:00,12.51,492.4,667.5,0.32,320.03,,,,,,
2384,03/19/2026 06:00:00,12.46,493.6,670.1,0.32,320.85,,,,,,
2385,03/19/2026 06:10:00,12.40,495.3,673.4,0.32,321.92,,,,,,
2386,03/19/2026 06:20:00,12.35,497.3,677.1,0.32,323.22,,,,,,
2387,03/19/2026 06:30:00,12.30,499.9,681.8,0.32,324.96,,,,,,
2388,03/19/2026 06:40:00,12.25,501.2,684.5,0.32,325.79,,,,,,
2389,03/19/2026 06:50:00,12.20,502.6,687.3,0.33,326.67,,,,,,
2390,03/19/2026 07:00:00,12.16,504.5,690.8,0.33,327.95,,,,,,
2391,03/19/2026 07:10:00,12.12,505.7,693.3,0.33,328.72,,,,,,
2392,03/19/2026 07:20:00,12.09,506.3,694.7,0.33,329.10,,,,,,
2393,03/19/2026 07:30:00,12.06,507.4,696.8,0.33,329.79,,,,,,
2394,03/19/2026 07:40:00,12.02,508.1,698.5,0.33,330.26,,,,,,
2395,03/19/2026 07:50:00,11.99,510.0,701.6,0.33,331.50,,,,,,
2396,03/19/2026 08:00:00,11.98,510.7,702.9,0.33,331.95,,,,,,
2397,03/19/2026 08:10:00,11.96,511.3,704.2,0.33,332.37,,,,,,
2398,03/19/2026 08:20:00,11.96,512.3,705.5,0.33,332.97,,,,,,
2399,03/19/2026 08:30:00,11.97,511.7,704.4,0.33,332.59,,,,,,
2400,03/19/2026 08:40:00,12.01,513.8,706.6,0.34,333.98,,,,,,
2401,03/19/2026 08:50:00,12.06,515.0,707.2,0.34,334.76,,,,,,
2402,03/19/2026 09:00:00,12.11,515.9,707.5,0.34,335.36,,,,,,
2403,03/19/2026 09:10:00,12.20,517.2,707.4,0.34,336.17,,,,,,
2404,03/19/2026 09:20:00,12.31,518.9,707.3,0.34,337.25,,,,,,
2405,03/19/2026 09:30:00,12.43,520.5,707.3,0.34,338.35,,,,,,
2406,03/19/2026 09:40:00,12.57,522.0,706.4,0.34,339.28,,,,,,
2407,03/19/2026 09:50:00,12.70,523.6,705.9,0.34,340.32,,,,,,
2408,03/19/2026 10:00:00,12.86,525.9,705.8,0.34,341.86,,,,,,
2409,03/19/2026 10:10:00,13.02,527.8,705.2,0.34,343.06,,,,,,
2410,03/19/2026 10:20:00,13.20,530.2,704.7,0.34,344.60,,,,,,
2411,03/19/2026 10:30:00,13.38,532.3,704.0,0.34,346.00,,,,,,
2412,03/19/2026 10:40:00,13.56,534.1,703.1,0.34,347.19,,,,,,
2413,03/19/2026 10:50:00,13.74,536.3,702.5,0.34,348.62,,,,,,
2414,03/19/2026 11:00:00,13.94,538.0,700.7,0.33,349.72,,,,,,
2415,03/19/2026 11:10:00,14.18,541.2,700.3,0.33,351.78,,,,,,
2416,03/19/2026 11:20:00,14.37,542.7,698.7,0.33,352.77,,,,,,
2417,03/19/2026 11:30:00,14.61,545.3,697.5,0.33,354.42,,,,,,
2418,03/19/2026 11:40:00,14.86,547.9,696.1,0.33,356.12,,,,,,
2419,03/19/2026 11:50:00,15.12,550.7,694.9,0.33,357.96,,,,,,
2420,03/19/2026 12:00:00,15.36,553.4,693.7,0.33,359.69,,,,,,
2421,03/19/2026 12:10:00,15.63,555.6,691.7,0.33,361.14,,,,,,
2422,03/19/2026 12:20:00,15.94,558.9,690.3,0.33,363.31,,,,,,
2423,03/19/2026 12:30:00,16.47,564.2,687.3,0.33,366.73,,,,,,
2424,03/19/2026 12:40:00,16.85,569.2,686.7,0.33,369.95,,,,,,
2425,03/19/2026 12:50:00,17.20,572.0,684.1,0.33,371.81,,,,,,
2426,03/19/2026 13:00:00,17.55,575.0,681.6,0.33,373.74,,,,,,
2427,03/19/2026 13:10:00,18.21,580.4,676.9,0.33,377.23,,,,,,
2428,03/19/2026 13:20:00,18.86,587.0,673.9,0.33,381.54,,,,,,
2429,03/19/2026 13:30:00,19.07,588.7,672.5,0.33,382.66,,,,,,
2430,03/19/2026 13:40:00,19.50,591.7,669.0,0.32,384.62,,,,,,
2431,03/19/2026 13:50:00,20.16,596.2,663.6,0.32,387.55,,,,,,
2432,03/19/2026 14:00:00,20.50,600.6,663.2,0.32,390.37,,,,,,
2433,03/19/2026 14:10:00,21.15,605.3,658.5,0.32,393.44,,,,,,
2434,03/19/2026 14:20:00,21.30,606.5,657.6,0.32,394.22,,,,,,
2435,03/19/2026 14:30:00,21.84,609.8,653.2,0.32,396.38,,,,,,
2436,03/19/2026 14:40:00,22.30,613.0,649.8,0.32,398.42,,,,,,
2437,03/19/2026 14:50:00,22.73,611.1,641.8,0.31,397.23,,,,,,
2438,03/19/2026 15:00:00,23.15,613.5,638.3,0.31,398.81,,,,,,
2439,03/19/2026 15:10:00,23.80,615.9,631.9,0.31,400.34,,,,,,
2440,03/19/2026 15:20:00,23.94,618.0,632.1,0.31,401.70,,,,,,
2441,03/19/2026 15:30:00,24.67,619.2,623.5,0.30,402.45,,,,,,
2442,03/19/2026 15:40:00,25.07,613.7,612.8,0.30,398.93,,,,,,
2443,03/19/2026 15:50:00,25.15,612.8,610.9,0.30,398.33,,,,,,
2444,03/19/2026 16:00:00,25.43,618.3,612.7,0.30,401.87,,,,,,
2445,03/19/2026 16:10:00,25.48,617.5,611.4,0.30,401.40,,,,,,
2446,03/19/2026 16:20:00,25.76,617.3,607.6,0.30,401.24,,,,,,
2447,03/19/2026 16:30:00,26.19,616.5,601.5,0.29,400.76,,,,,,
2448,03/19/2026 16:40:00,26.27,615.5,599.5,0.29,400.06,,,,,,
2449,03/19/2026 16:50:00,26.42,612.7,595.0,0.29,398.26,,,,,,
2450,03/19/2026 17:00:00,26.54,610.5,591.4,0.29,396.83,,,,,,
2451,03/19/2026 17:10:00,26.57,608.8,589.4,0.29,395.73,,,,,,
2452,03/19/2026 17:20:00,26.62,610.1,590.0,0.29,396.56,,,,,,
2453,03/19/2026 17:30:00,26.57,601.7,582.4,0.28,391.10,,,,,,
2454,03/19/2026 17:40:00,26.59,605.6,586.0,0.28,393.64,,,,,,
2455,03/19/2026 17:50:00,26.49,601.8,583.5,0.28,391.16,,,,,,
2456,03/19/2026 18:00:00,26.48,616.6,598.0,0.29,400.76,,,,,,
2457,03/19/2026 18:10:00,26.42,615.0,597.2,0.29,399.73,,,,,,
2458,03/19/2026 18:20:00,26.29,612.0,595.8,0.29,397.80,,,,,,
2459,03/19/2026 18:30:00,26.15,609.8,595.5,0.29,396.40,,,,,,
2460,03/19/2026 18:40:00,25.98,608.1,595.9,0.29,395.28,,,,,,
2461,03/19/2026 18:50:00,25.76,604.2,594.7,0.29,392.74,,,,,,
2462,03/19/2026 19:00:00,25.64,601.7,593.7,0.29,391.11,,,,,,
2463,03/19/2026 19:10:00,25.44,598.4,592.9,0.29,388.98,,,,,,
2464,03/19/2026 19:20:00,25.24,595.2,592.2,0.29,386.90,,,,,,
2465,03/19/2026 19:30:00,25.04,588.7,588.2,0.29,382.63,,,,,,
2466,03/19/2026 19:40:00,24.80,587.7,590.2,0.29,382.00,,,,,,
2467,03/19/2026 19:50:00,24.56,584.4,589.8,0.29,379.86,,,,,,
2468,03/19/2026 20:00:00,24.26,580.1,589.3,0.29,377.05,,,,,,
2469,03/19/2026 20:10:00,24.00,575.6,588.0,0.29,374.16,,,,,,
2470,03/19/2026 20:20:00,23.72,571.3,587.1,0.28,371.33,,,,,,
2471,03/19/2026 20:30:00,23.45,566.9,586.0,0.28,368.48,,,,,,
2472,03/19/2026 20:40:00,23.15,562.3,585.0,0.28,365.47,,,,,,
2473,03/19/2026 20:50:00,22.85,557.6,584.0,0.28,362.47,,,,,,
2474,03/19/2026 21:00:00,22.56,553.3,583.2,0.28,359.65,,,,,,
2475,03/19/2026 21:10:00,22.28,548.6,581.8,0.28,356.56,,,,,,
2476,03/19/2026 21:20:00,22.02,544.6,580.9,0.28,353.98,,,,,,
2477,03/19/2026 21:30:00,21.77,541.1,580.5,0.28,351.73,,,,,,
2478,03/19/2026 21:40:00,21.51,538.0,580.6,0.28,349.73,,,,,,
2479,03/19/2026 21:50:00,21.28,534.3,579.5,0.28,347.29,,,,,,
2480,03/19/2026 22:00:00,21.04,531.7,580.0,0.28,345.60,,,,,,
2481,03/19/2026 22:10:00,20.80,528.7,579.8,0.28,343.64,,,,,,
2482,03/19/2026 22:20:00,20.59,527.0,580.8,0.28,342.52,,,,,,
2483,03/19/2026 22:30:00,20.38,525.3,581.7,0.28,341.48,,,,,,
2484,03/19/2026 22:40:00,20.17,522.9,581.9,0.28,339.89,,,,,,
2485,03/19/2026 22:50:00,19.96,520.5,582.0,0.28,338.32,,,,,,
2486,03/19/2026 23:00:00,19.77,518.9,583.0,0.28,337.32,,,,,,
2487,03/19/2026 23:10:00,19.58,517.1,583.5,0.28,336.12,,,,,,
2488,03/19/2026 23:20:00,19.39,515.3,584.1,0.28,334.97,,,,,,
2489,03/19/2026 23:30:00,19.22,514.0,585.0,0.28,334.12,,,,,,
2490,03/19/2026 23:40:00,19.06,512.9,586.0,0.28,333.41,,,,,,
2491,03/19/2026 23:50:00,18.91,511.1,586.0,0.28,332.21,,,,,,
2492,03/20/2026 00:00:00,18.76,510.7,587.7,0.28,331.98,,,,,,
2493,03/20/2026 00:10:00,18.61,509.5,588.5,0.28,331.18,,,,,,
2494,03/20/2026 00:20:00,18.48,508.7,589.5,0.28,330.67,,,,,,
2495,03/20/2026 00:30:00,18.35,507.7,590.1,0.28,329.97,,,,,,
2496,03/20/2026 00:40:00,18.22,507.3,591.6,0.28,329.74,,,,,,
2497,03/20/2026 00:50:00,18.09,505.9,591.7,0.28,328.81,,,,,,
2498,03/20/2026 01:00:00,17.96,505.1,592.7,0.28,328.34,,,,,,
2499,03/20/2026 01:10:00,17.85,503.5,592.4,0.28,327.25,,,,,,
2500,03/20/2026 01:20:00,17.74,504.7,595.5,0.29,328.07,,,,,,
2501,03/20/2026 01:30:00,17.63,503.2,595.4,0.29,327.10,,,,,,
2502,03/20/2026 01:40:00,17.54,503.0,596.5,0.29,326.94,,,,,,
2503,03/20/2026 01:50:00,17.44,502.8,597.8,0.29,326.84,,,,,,
2504,03/20/2026 02:00:00,17.35,502.6,598.8,0.29,326.70,,,,,,
2505,03/20/2026 02:10:00,17.26,502.5,600.0,0.29,326.62,,,,,,
2506,03/20/2026 02:20:00,17.18,502.3,601.0,0.29,326.52,,,,,,
2507,03/20/2026 02:30:00,17.09,502.3,602.3,0.29,326.50,,,,,,
2508,03/20/2026 02:40:00,17.00,502.3,603.7,0.29,326.50,,,,,,
2509,03/20/2026 02:50:00,16.91,502.3,605.0,0.29,326.50,,,,,,
2510,03/20/2026 03:00:00,16.84,502.5,606.5,0.29,326.66,,,,,,
2511,03/20/2026 03:10:00,16.76,503.1,608.4,0.29,326.99,,,,,,
2512,03/20/2026 03:20:00,16.70,503.8,610.2,0.29,327.47,,,,,,
2513,03/20/2026 03:30:00,16.62,504.7,612.5,0.29,328.05,,,,,,
2514,03/20/2026 03:40:00,16.55,506.1,615.3,0.29,328.97,,,,,,
2515,03/20/2026 03:50:00,16.49,507.4,617.8,0.30,329.79,,,,,,
2516,03/20/2026 04:00:00,16.42,508.7,620.4,0.30,330.64,,,,,,
2517,03/20/2026 04:10:00,16.36,510.0,623.0,0.30,331.49,,,,,,
2518,03/20/2026 04:20:00,16.30,512.0,626.4,0.30,332.77,,,,,,
2519,03/20/2026 04:30:00,16.24,513.5,629.2,0.30,333.78,,,,,,
2520,03/20/2026 04:40:00,16.18,515.3,632.5,0.30,334.94,,,,,,
2521,03/20/2026 04:50:00,16.10,519.4,638.9,0.31,337.63,,,,,,
2522,03/20/2026 05:00:00,16.04,519.8,640.2,0.31,337.86,,,,,,
2523,03/20/2026 05:10:00,15.98,521.6,643.5,0.31,339.05,,,,,,
2524,03/20/2026 05:20:00,15.93,523.5,646.7,0.31,340.29,,,,,,
2525,03/20/2026 05:30:00,15.86,525.7,650.6,0.31,341.72,,,,,,
2526,03/20/2026 05:40:00,15.81,528.0,654.2,0.31,343.18,,,,,,
2527,03/20/2026 05:50:00,15.75,530.4,658.2,0.32,344.75,,,,,,
2528,03/20/2026 06:00:00,15.70,532.6,661.8,0.32,346.20,,,,,,
2529,03/20/2026 06:10:00,15.64,534.5,665.2,0.32,347.40,,,,,,
2530,03/20/2026 06:20:00,15.59,535.8,667.9,0.32,348.29,,,,,,
2531,03/20/2026 06:30:00,15.53,537.7,671.3,0.32,349.51,,,,,,
2532,03/20/2026 06:40:00,15.45,538.9,674.0,0.32,350.26,,,,,,
2533,03/20/2026 06:50:00,15.40,540.3,676.7,0.32,351.19,,,,,,
2534,03/20/2026 07:00:00,15.34,541.2,678.9,0.33,351.81,,,,,,
2535,03/20/2026 07:10:00,15.29,542.2,681.1,0.33,352.41,,,,,,
2536,03/20/2026 07:20:00,15.23,543.0,683.1,0.33,352.92,,,,,,
2537,03/20/2026 07:30:00,15.17,543.3,684.7,0.33,353.14,,,,,,
2538,03/20/2026 07:40:00,15.11,544.8,687.6,0.33,354.14,,,,,,
2539,03/20/2026 07:50:00,15.07,545.4,689.1,0.33,354.51,,,,,,
2540,03/20/2026 08:00:00,15.04,546.8,691.4,0.33,355.39,,,,,,
2541,03/20/2026 08:10:00,14.99,547.0,692.6,0.33,355.57,,,,,,
2542,03/20/2026 08:20:00,14.96,548.1,694.5,0.33,356.29,,,,,,
2543,03/20/2026 08:30:00,14.96,549.4,696.2,0.33,357.14,,,,,,
2544,03/20/2026 08:40:00,14.97,550.3,697.2,0.33,357.72,,,,,,
2545,03/20/2026 08:50:00,14.99,551.6,698.5,0.33,358.56,,,,,,
2546,03/20/2026 09:00:00,15.02,553.4,700.1,0.34,359.72,,,,,,
2547,03/20/2026 09:10:00,15.09,555.0,700.9,0.34,360.76,,,,,,
2548,03/20/2026 09:20:00,15.16,556.7,701.6,0.34,361.84,,,,,,
2549,03/20/2026 09:30:00,15.24,558.4,702.3,0.34,362.96,,,,,,
2550,03/20/2026 09:40:00,15.35,560.8,703.2,0.34,364.49,,,,,,
2551,03/20/2026 09:50:00,15.46,562.8,703.9,0.34,365.82,,,,,,
2552,03/20/2026 10:00:00,15.60,565.7,704.9,0.34,367.73,,,,,,
2553,03/20/2026 10:10:00,15.73,568.4,705.7,0.34,369.45,,,,,,
2554,03/20/2026 10:20:00,15.88,571.1,706.5,0.34,371.24,,,,,,
2555,03/20/2026 10:30:00,16.03,573.7,706.8,0.34,372.88,,,,,,
2556,03/20/2026 10:40:00,16.22,576.8,707.3,0.34,374.94,,,,,,
2557,03/20/2026 10:50:00,16.41,580.1,707.8,0.34,377.09,,,,,,
2558,03/20/2026 11:00:00,16.62,583.8,708.4,0.34,379.44,,,,,,
2559,03/20/2026 11:10:00,16.82,587.0,708.7,0.34,381.53,,,,,,
2560,03/20/2026 11:20:00,17.02,590.7,709.7,0.34,383.99,,,,,,
2561,03/20/2026 11:30:00,17.21,594.9,711.2,0.34,386.69,,,,,,
2562,03/20/2026 11:40:00,17.50,597.5,709.2,0.34,388.40,,,,,,
2563,03/20/2026 11:50:00,17.69,600.2,709.0,0.34,390.10,,,,,,
2564,03/20/2026 12:00:00,18.01,604.0,708.0,0.34,392.59,,,,,,
2565,03/20/2026 12:10:00,18.19,606.0,707.1,0.34,393.90,,,,,,
2566,03/20/2026 12:20:00,18.43,609.0,706.4,0.34,395.86,,,,,,
2567,03/20/2026 12:30:00,18.70,612.1,705.4,0.34,397.87,,,,,,
2568,03/20/2026 12:40:00,19.08,616.5,704.0,0.34,400.75,,,,,,
2569,03/20/2026 12:50:00,19.29,616.6,700.7,0.34,400.78,,,,,,
2570,03/20/2026 13:00:00,19.75,623.2,700.4,0.34,405.08,,,,,,
2571,03/20/2026 13:10:00,20.30,629.0,697.9,0.34,408.87,,,,,,
2572,03/20/2026 13:20:00,20.48,625.3,691.0,0.33,406.47,,,,,,
2573,03/20/2026 13:30:00,21.08,636.1,693.1,0.34,413.48,,,,,,
2574,03/20/2026 13:40:00,21.68,640.3,688.3,0.33,416.19,,,,,,
2575,03/20/2026 13:50:00,22.24,643.3,682.9,0.33,418.17,,,,,,
2576,03/20/2026 14:00:00,22.34,643.9,682.0,0.33,418.54,,,,,,
2577,03/20/2026 14:10:00,22.74,649.1,681.4,0.33,421.91,,,,,,
2578,03/20/2026 14:20:00,23.28,651.9,676.4,0.33,423.75,,,,,,
2579,03/20/2026 14:30:00,23.46,652.9,674.8,0.33,424.38,,,,,,
2580,03/20/2026 14:40:00,23.34,651.0,674.5,0.33,423.14,,,,,,
2581,03/20/2026 14:50:00,24.19,659.9,671.4,0.33,428.97,,,,,,
2582,03/20/2026 15:00:00,24.02,653.6,667.3,0.32,424.84,,,,,,
2583,03/20/2026 15:10:00,24.38,657.1,665.9,0.32,427.13,,,,,,
2584,03/20/2026 15:20:00,25.05,664.9,664.2,0.32,432.21,,,,,,
2585,03/20/2026 15:30:00,24.94,658.2,659.1,0.32,427.84,,,,,,
2586,03/20/2026 15:40:00,25.17,661.5,659.1,0.32,429.97,,,,,,
2587,03/20/2026 15:50:00,25.50,662.7,655.9,0.32,430.77,,,,,,
2588,03/20/2026 16:00:00,26.16,663.8,647.9,0.32,431.44,,,,,,
2589,03/20/2026 16:10:00,26.56,662.8,641.9,0.31,430.84,,,,,,
2590,03/20/2026 16:20:00,26.25,654.0,637.2,0.31,425.11,,,,,,
2591,03/20/2026 16:30:00,26.91,658.3,633.0,0.31,427.91,,,,,,
2592,03/20/2026 16:40:00,27.32,664.1,633.3,0.31,431.66,,,,,,
2593,03/20/2026 16:50:00,27.36,658.2,627.1,0.31,427.85,,,,,,
2594,03/20/2026 17:00:00,27.50,658.1,625.3,0.30,427.79,,,,,,
2595,03/20/2026 17:10:00,27.52,656.0,623.1,0.30,426.39,,,,,,
2596,03/20/2026 17:20:00,27.48,652.4,620.1,0.30,424.07,,,,,,
2597,03/20/2026 17:30:00,27.41,652.0,620.6,0.30,423.78,,,,,,
2598,03/20/2026 17:40:00,27.40,652.7,621.4,0.30,424.28,,,,,,
2599,03/20/2026 17:50:00,27.69,647.8,613.1,0.30,421.09,,,,,,
2600,03/20/2026 18:00:00,27.59,647.2,613.9,0.30,420.68,,,,,,
2601,03/20/2026 18:10:00,27.60,645.5,612.1,0.30,419.57,,,,,,
2602,03/20/2026 18:20:00,27.59,642.9,609.7,0.30,417.87,,,,,,
2603,03/20/2026 18:30:00,27.69,639.3,605.1,0.29,415.55,,,,,,
2604,03/20/2026 18:40:00,27.77,629.6,595.1,0.29,409.24,,,,,,
2605,03/20/2026 18:50:00,27.74,622.0,588.2,0.29,404.29,,,,,,
2606,03/20/2026 19:00:00,27.55,617.1,585.7,0.28,401.10,,,,,,
2607,03/20/2026 19:10:00,27.44,642.7,611.4,0.30,417.78,,,,,,
2608,03/20/2026 19:20:00,27.29,608.5,580.6,0.28,395.52,,,,,,
2609,03/20/2026 19:30:00,27.08,604.6,579.3,0.28,393.02,,,,,,
2610,03/20/2026 19:40:00,26.90,612.3,588.8,0.29,397.97,,,,,,
2611,03/20/2026 19:50:00,26.69,607.3,586.5,0.28,394.78,,,,,,
2612,03/20/2026 20:00:00,26.43,604.7,587.1,0.29,393.07,,,,,,
2613,03/20/2026 20:10:00,26.28,601.0,585.3,0.28,390.65,,,,,,
2614,03/20/2026 20:20:00,26.06,596.6,583.6,0.28,387.77,,,,,,
2615,03/20/2026 20:30:00,25.82,592.3,582.3,0.28,385.02,,,,,,
2616,03/20/2026 20:40:00,25.60,589.9,582.6,0.28,383.45,,,,,,
2617,03/20/2026 20:50:00,25.39,583.2,578.5,0.28,379.05,,,,,,
2618,03/20/2026 21:00:00,25.14,583.6,582.0,0.28,379.36,,,,,,
2619,03/20/2026 21:10:00,24.91,580.9,582.0,0.28,377.62,,,,,,
2620,03/20/2026 21:20:00,24.67,577.2,581.2,0.28,375.20,,,,,,
2621,03/20/2026 21:30:00,24.44,574.5,581.3,0.28,373.43,,,,,,
2622,03/20/2026 21:40:00,24.20,571.6,581.3,0.28,371.54,,,,,,
2623,03/20/2026 21:50:00,23.97,566.8,579.4,0.28,368.44,,,,,,
2624,03/20/2026 22:00:00,23.72,564.8,580.5,0.28,367.15,,,,,,
2625,03/20/2026 22:10:00,23.50,563.8,582.2,0.28,366.48,,,,,,
2626,03/20/2026 22:20:00,23.30,558.9,579.7,0.28,363.30,,,,,,
2627,03/20/2026 22:30:00,23.08,557.5,580.9,0.28,362.36,,,,,,
2628,03/20/2026 22:40:00,22.88,556.2,582.2,0.28,361.54,,,,,,
2629,03/20/2026 22:50:00,22.67,555.3,583.8,0.28,360.92,,,,,,
2630,03/20/2026 23:00:00,22.46,554.6,585.8,0.28,360.48,,,,,,
2631,03/20/2026 23:10:00,22.27,552.7,586.3,0.28,359.28,,,,,,
2632,03/20/2026 23:20:00,22.08,552.0,588.2,0.28,358.82,,,,,,
2633,03/20/2026 23:30:00,21.89,551.2,589.8,0.29,358.29,,,,,,
2634,03/20/2026 23:40:00,21.72,550.4,591.1,0.29,357.76,,,,,,
2635,03/20/2026 23:50:00,21.54,546.8,589.6,0.29,355.43,,,,,,
2636,03/21/2026 00:00:00,21.37,545.2,590.2,0.29,354.38,,,,,,
2637,03/21/2026 00:10:00,21.19,544.4,591.8,0.29,353.88,,,,,,
2638,03/21/2026 00:20:00,21.03,543.7,593.2,0.29,353.41,,,,,,
2639,03/21/2026 00:30:00,20.85,542.8,594.5,0.29,352.79,,,,,,
2640,03/21/2026 00:40:00,20.68,541.5,595.5,0.29,351.98,,,,,,
2641,03/21/2026 00:50:00,20.52,540.3,596.4,0.29,351.20,,,,,,
2642,03/21/2026 01:00:00,20.37,539.4,597.4,0.29,350.60,,,,,,
2643,03/21/2026 01:10:00,20.24,538.6,598.4,0.29,350.06,,,,,,
2644,03/21/2026 01:20:00,20.10,537.6,599.3,0.29,349.42,,,,,,
2645,03/21/2026 01:30:00,19.95,536.0,599.6,0.29,348.41,,,,,,
2646,03/21/2026 01:40:00,19.80,534.8,600.3,0.29,347.64,,,,,,
2647,03/21/2026 01:50:00,19.66,533.3,600.7,0.29,346.68,,,,,,
2648,03/21/2026 02:00:00,19.53,531.9,600.9,0.29,345.76,,,,,,
2649,03/21/2026 02:10:00,19.40,531.0,601.7,0.29,345.12,,,,,,
2650,03/21/2026 02:20:00,19.27,529.9,602.3,0.29,344.45,,,,,,
2651,03/21/2026 02:30:00,19.16,528.6,602.5,0.29,343.60,,,,,,
2652,03/21/2026 02:40:00,19.04,526.0,601.3,0.29,341.90,,,,,,
2653,03/21/2026 02:50:00,18.92,526.9,604.1,0.29,342.50,,,,,,
2654,03/21/2026 03:00:00,18.82,525.6,604.1,0.29,341.67,,,,,,
2655,03/21/2026 03:10:00,18.72,525.4,605.1,0.29,341.49,,,,,,
2656,03/21/2026 03:20:00,18.63,524.8,605.8,0.29,341.12,,,,,,
2657,03/21/2026 03:30:00,18.54,524.1,606.3,0.29,340.66,,,,,,
2658,03/21/2026 03:40:00,18.45,522.6,606.0,0.29,339.71,,,,,,
2659,03/21/2026 03:50:00,18.36,521.5,606.1,0.29,339.00,,,,,,
2660,03/21/2026 04:00:00,18.28,521.0,606.6,0.29,338.67,,,,,,
2661,03/21/2026 04:10:00,18.20,520.6,607.2,0.29,338.37,,,,,,
2662,03/21/2026 04:20:00,18.12,520.2,608.0,0.29,338.14,,,,,,
2663,03/21/2026 04:30:00,18.04,520.2,609.2,0.29,338.14,,,,,,
2664,03/21/2026 04:40:00,17.96,519.8,610.0,0.29,337.90,,,,,,
2665,03/21/2026 04:50:00,17.89,521.0,612.4,0.29,338.65,,,,,,
2666,03/21/2026 05:00:00,17.82,520.6,613.0,0.29,338.37,,,,,,
2667,03/21/2026 05:10:00,17.74,520.3,613.9,0.30,338.21,,,,,,
2668,03/21/2026 05:20:00,17.68,520.4,614.9,0.30,338.26,,,,,,
2669,03/21/2026 05:30:00,17.60,521.0,616.9,0.30,338.63,,,,,,
2670,03/21/2026 05:40:00,17.55,520.9,617.5,0.30,338.61,,,,,,
2671,03/21/2026 05:50:00,17.49,521.3,619.0,0.30,338.84,,,,,,
2672,03/21/2026 06:00:00,17.42,518.2,616.4,0.30,336.84,,,,,,
2673,03/21/2026 06:10:00,17.36,522.6,622.5,0.30,339.72,,,,,,
2674,03/21/2026 06:20:00,17.31,513.8,612.8,0.29,333.96,,,,,,
2675,03/21/2026 06:30:00,17.25,515.6,615.8,0.30,335.16,,,,,,
2676,03/21/2026 06:40:00,17.19,516.3,617.5,0.30,335.59,,,,,,
2677,03/21/2026 06:50:00,17.14,516.1,618.2,0.30,335.49,,,,,,
2678,03/21/2026 07:00:00,17.08,516.9,620.0,0.30,335.96,,,,,,
2679,03/21/2026 07:10:00,17.03,517.7,621.7,0.30,336.49,,,,,,
2680,03/21/2026 07:20:00,16.98,518.6,623.6,0.30,337.08,,,,,,
2681,03/21/2026 07:30:00,16.92,519.2,625.3,0.30,337.51,,,,,,
2682,03/21/2026 07:40:00,16.87,519.6,626.6,0.30,337.72,,,,,,
2683,03/21/2026 07:50:00,16.82,520.4,628.5,0.30,338.29,,,,,,
2684,03/21/2026 08:00:00,16.78,521.9,630.8,0.30,339.23,,,,,,
2685,03/21/2026 08:10:00,16.73,519.7,628.9,0.30,337.79,,,,,,
2686,03/21/2026 08:20:00,16.72,517.1,625.9,0.30,336.11,,,,,,
2687,03/21/2026 08:30:00,16.71,518.1,627.4,0.30,336.80,,,,,,
2688,03/21/2026 08:40:00,16.72,519.0,628.1,0.30,337.32,,,,,,
2689,03/21/2026 08:50:00,16.76,520.3,629.2,0.30,338.18,,,,,,
2690,03/21/2026 09:00:00,16.80,522.8,631.6,0.30,339.81,,,,,,
2691,03/21/2026 09:10:00,16.85,525.7,634.2,0.30,341.69,,,,,,
2692,03/21/2026 09:20:00,16.93,527.9,635.6,0.31,343.14,,,,,,
2693,03/21/2026 09:30:00,17.01,530.6,637.6,0.31,344.91,,,,,,
2694,03/21/2026 09:40:00,17.10,532.4,638.2,0.31,346.04,,,,,,
2695,03/21/2026 09:50:00,17.21,542.2,648.4,0.31,352.45,,,,,,
2696,03/21/2026 10:00:00,17.33,536.5,639.5,0.31,348.70,,,,,,
2697,03/21/2026 10:10:00,17.44,544.0,646.7,0.31,353.60,,,,,,
2698,03/21/2026 10:20:00,17.57,547.3,648.5,0.31,355.75,,,,,,
2699,03/21/2026 10:30:00,17.73,551.6,651.0,0.31,358.51,,,,,,
2700,03/21/2026 10:40:00,17.88,556.8,654.6,0.32,361.92,,,,,,
2701,03/21/2026 10:50:00,18.06,561.1,656.8,0.32,364.68,,,,,,
2702,03/21/2026 11:00:00,18.23,565.6,659.5,0.32,367.66,,,,,,
2703,03/21/2026 11:10:00,18.48,570.4,661.0,0.32,370.78,,,,,,
2704,03/21/2026 11:20:00,18.66,574.5,662.7,0.32,373.40,,,,,,
2705,03/21/2026 11:30:00,18.88,579.8,665.3,0.32,376.85,,,,,,
2706,03/21/2026 11:40:00,19.06,583.7,666.9,0.32,379.43,,,,,,
2707,03/21/2026 11:50:00,19.29,589.3,669.6,0.32,383.06,,,,,,
2708,03/21/2026 12:00:00,19.60,595.5,671.6,0.32,387.05,,,,,,
2709,03/21/2026 12:10:00,19.80,599.6,673.1,0.33,389.73,,,,,,
2710,03/21/2026 12:20:00,20.03,604.0,674.3,0.33,392.59,,,,,,
2711,03/21/2026 12:30:00,20.35,609.9,675.9,0.33,396.46,,,,,,
2712,03/21/2026 12:40:00,20.63,620.7,683.5,0.33,403.47,,,,,,
2713,03/21/2026 12:50:00,20.88,624.9,684.1,0.33,406.18,,,,,,
2714,03/21/2026 13:00:00,21.14,628.9,684.4,0.33,408.81,,,,,,
2715,03/21/2026 13:10:00,21.40,631.7,683.4,0.33,410.64,,,,,,
2716,03/21/2026 13:20:00,21.85,637.5,682.6,0.33,414.34,,,,,,
2717,03/21/2026 13:30:00,22.13,640.3,681.5,0.33,416.22,,,,,,
2718,03/21/2026 13:40:00,22.48,646.5,682.6,0.33,420.22,,,,,,
2719,03/21/2026 13:50:00,22.89,651.8,682.1,0.33,423.67,,,,,,
2720,03/21/2026 14:00:00,23.12,650.5,677.2,0.33,422.83,,,,,,
2721,03/21/2026 14:10:00,23.82,658.9,675.7,0.33,428.28,,,,,,
2722,03/21/2026 14:20:00,23.86,660.7,676.9,0.33,429.46,,,,,,
2723,03/21/2026 14:30:00,24.33,664.6,674.1,0.33,432.01,,,,,,
2724,03/21/2026 14:40:00,24.76,669.6,673.0,0.33,435.26,,,,,,
2725,03/21/2026 14:50:00,24.74,669.1,672.8,0.33,434.94,,,,,,
2726,03/21/2026 15:00:00,25.17,673.2,670.8,0.33,437.55,,,,,,
2727,03/21/2026 15:10:00,25.50,701.8,694.5,0.34,456.15,,,,,,
2728,03/21/2026 15:20:00,25.87,701.2,688.7,0.34,455.80,,,,,,
2729,03/21/2026 15:30:00,25.95,700.6,686.9,0.33,455.37,,,,,,
2730,03/21/2026 15:40:00,25.99,701.0,686.8,0.33,455.66,,,,,,
2731,03/21/2026 15:50:00,25.98,702.2,688.0,0.34,456.44,,,,,,
2732,03/21/2026 16:00:00,26.56,701.7,679.4,0.33,456.10,,,,,,
2733,03/21/2026 16:10:00,26.97,704.5,676.5,0.33,457.91,,,,,,
2734,03/21/2026 16:20:00,27.39,699.1,665.7,0.32,454.44,,,,,,
2735,03/21/2026 16:30:00,27.54,696.9,661.6,0.32,452.97,,,,,,
2736,03/21/2026 16:40:00,27.48,698.4,663.9,0.32,453.99,,,,,,
2737,03/21/2026 16:50:00,27.61,697.8,661.6,0.32,453.56,,,,,,
2738,03/21/2026 17:00:00,27.79,695.7,657.2,0.32,452.19,,,,,,
2739,03/21/2026 17:10:00,27.75,697.2,659.1,0.32,453.21,,,,,,
2740,03/21/2026 17:20:00,28.04,671.9,631.7,0.31,436.76,,,,,,
2741,03/21/2026 17:30:00,28.35,665.8,622.1,0.30,432.79,,,,,,
2742,03/21/2026 17:40:00,28.55,659.4,613.6,0.30,428.63,,,,,,
2743,03/21/2026 17:50:00,28.42,659.1,615.0,0.30,428.44,,,,,,
2744,03/21/2026 18:00:00,28.29,657.9,615.4,0.30,427.65,,,,,,
2745,03/21/2026 18:10:00,28.00,664.7,625.3,0.30,432.05,,,,,,
2746,03/21/2026 18:20:00,28.17,662.2,620.9,0.30,430.41,,,,,,
2747,03/21/2026 18:30:00,28.40,648.1,605.0,0.29,421.29,,,,,,
2748,03/21/2026 18:40:00,28.42,645.1,601.9,0.29,419.31,,,,,,
2749,03/21/2026 18:50:00,28.30,640.5,599.1,0.29,416.35,,,,,,
2750,03/21/2026 19:00:00,28.25,638.9,598.0,0.29,415.29,,,,,,
2751,03/21/2026 19:10:00,28.20,631.2,591.5,0.29,410.31,,,,,,
2752,03/21/2026 19:20:00,28.13,615.3,577.4,0.28,399.95,,,,,,
2753,03/21/2026 19:30:00,28.00,611.9,575.6,0.28,397.70,,,,,,
2754,03/21/2026 19:40:00,27.88,605.5,571.0,0.28,393.54,,,,,,
2755,03/21/2026 19:50:00,27.76,600.3,567.4,0.28,390.22,,,,,,
2756,03/21/2026 20:00:00,27.60,595.1,564.3,0.27,386.84,,,,,,
2757,03/21/2026 20:10:00,27.40,592.7,564.2,0.27,385.24,,,,,,
2758,03/21/2026 20:20:00,27.24,602.3,575.3,0.28,391.50,,,,,,
2759,03/21/2026 20:30:00,27.05,600.2,575.5,0.28,390.16,,,,,,
2760,03/21/2026 20:40:00,26.89,597.8,575.0,0.28,388.57,,,,,,
2761,03/21/2026 20:50:00,26.69,596.4,576.0,0.28,387.69,,,,,,
2762,03/21/2026 21:00:00,26.48,594.6,576.6,0.28,386.46,,,,,,
2763,03/21/2026 21:10:00,26.26,591.6,576.3,0.28,384.53,,,,,,
2764,03/21/2026 21:20:00,26.04,589.0,576.4,0.28,382.87,,,,,,
2765,03/21/2026 21:30:00,25.80,585.6,576.0,0.28,380.64,,,,,,
2766,03/21/2026 21:40:00,25.62,584.2,576.6,0.28,379.70,,,,,,
2767,03/21/2026 21:50:00,25.38,581.7,577.1,0.28,378.10,,,,,,
2768,03/21/2026 22:00:00,25.13,579.2,577.7,0.28,376.51,,,,,,
2769,03/21/2026 22:10:00,24.90,576.3,577.6,0.28,374.59,,,,,,
2770,03/21/2026 22:20:00,24.69,575.0,578.8,0.28,373.76,,,,,,
2771,03/21/2026 22:30:00,24.48,573.0,579.3,0.28,372.44,,,,,,
2772,03/21/2026 22:40:00,24.29,570.7,579.3,0.28,370.96,,,,,,
2773,03/21/2026 22:50:00,24.11,570.2,581.0,0.28,370.60,,,,,,
2774,03/21/2026 23:00:00,23.93,568.9,582.0,0.28,369.77,,,,,,
2775,03/21/2026 23:10:00,23.75,567.7,583.0,0.28,368.98,,,,,,
2776,03/21/2026 23:20:00,23.58,567.0,584.4,0.28,368.54,,,,,,
2777,03/21/2026 23:30:00,23.41,567.6,587.2,0.28,368.92,,,,,,
2778,03/21/2026 23:40:00,23.23,567.2,589.1,0.29,368.68,,,,,,
2779,03/21/2026 23:50:00,23.05,567.9,592.1,0.29,369.12,,,,,,
2780,03/22/2026 00:00:00,22.89,567.5,593.8,0.29,368.87,,,,,,
2781,03/22/2026 00:10:00,22.69,568.1,597.1,0.29,369.27,,,,,,
2782,03/22/2026 00:20:00,22.50,567.2,598.7,0.29,368.71,,,,,,
2783,03/22/2026 00:30:00,22.30,567.2,601.3,0.29,368.70,,,,,,
2784,03/22/2026 00:40:00,22.12,566.7,603.2,0.29,368.36,,,,,,
2785,03/22/2026 00:50:00,21.94,566.7,605.5,0.29,368.34,,,,,,
2786,03/22/2026 01:00:00,21.77,567.0,608.3,0.29,368.58,,,,,,
2787,03/22/2026 01:10:00,21.58,567.3,611.2,0.30,368.78,,,,,,
2788,03/22/2026 01:20:00,21.41,567.4,613.6,0.30,368.80,,,,,,
2789,03/22/2026 01:30:00,21.24,568.3,617.0,0.30,369.39,,,,,,
2790,03/22/2026 01:40:00,21.10,568.8,619.6,0.30,369.70,,,,,,
2791,03/22/2026 01:50:00,20.94,569.7,622.8,0.30,370.29,,,,,,
2792,03/22/2026 02:00:00,20.81,569.5,624.5,0.30,370.19,,,,,,
2793,03/22/2026 02:10:00,20.68,570.0,626.9,0.30,370.53,,,,,,
2794,03/22/2026 02:20:00,20.53,570.2,629.2,0.30,370.60,,,,,,
2795,03/22/2026 02:30:00,20.38,570.3,631.6,0.31,370.72,,,,,,
2796,03/22/2026 02:40:00,20.24,570.6,634.0,0.31,370.89,,,,,,
2797,03/22/2026 02:50:00,20.10,571.0,636.5,0.31,371.18,,,,,,
2798,03/22/2026 03:00:00,19.98,570.5,637.7,0.31,370.84,,,,,,
2799,03/22/2026 03:10:00,19.88,569.9,638.6,0.31,370.45,,,,,,
2800,03/22/2026 03:20:00,19.77,569.8,640.1,0.31,370.40,,,,,,
2801,03/22/2026 03:30:00,19.66,567.9,639.7,0.31,369.16,,,,,,
2802,03/22/2026 03:40:00,19.54,566.0,639.3,0.31,367.90,,,,,,
2803,03/22/2026 03:50:00,19.44,565.9,640.6,0.31,367.81,,,,,,
2804,03/22/2026 04:00:00,19.36,561.9,637.5,0.31,365.26,,,,,,
2805,03/22/2026 04:10:00,19.27,563.3,640.4,0.31,366.16,,,,,,
2806,03/22/2026 04:20:00,19.17,562.7,641.1,0.31,365.74,,,,,,
2807,03/22/2026 04:30:00,19.10,562.8,642.4,0.31,365.79,,,,,,
2808,03/22/2026 04:40:00,19.02,562.3,643.1,0.31,365.48,,,,,,
2809,03/22/2026 04:50:00,18.91,560.3,642.4,0.31,364.18,,,,,,
2810,03/22/2026 05:00:00,18.82,552.6,635.0,0.31,359.22,,,,,,
2811,03/22/2026 05:10:00,18.72,552.0,635.8,0.31,358.80,,,,,,
2812,03/22/2026 05:20:00,18.65,551.0,635.8,0.31,358.15,,,,,,
2813,03/22/2026 05:30:00,18.57,549.9,635.6,0.31,357.41,,,,,,
2814,03/22/2026 05:40:00,18.50,548.4,635.1,0.31,356.47,,,,,,
2815,03/22/2026 05:50:00,18.41,548.8,637.0,0.31,356.73,,,,,,
2816,03/22/2026 06:00:00,18.33,547.1,636.3,0.31,355.61,,,,,,
2817,03/22/2026 06:10:00,18.24,545.4,635.6,0.31,354.49,,,,,,
2818,03/22/2026 06:20:00,18.17,544.5,635.7,0.31,353.92,,,,,,
2819,03/22/2026 06:30:00,18.10,544.7,637.0,0.31,354.08,,,,,,
2820,03/22/2026 06:40:00,18.02,544.2,637.7,0.31,353.75,,,,,,
2821,03/22/2026 06:50:00,17.95,544.2,638.8,0.31,353.74,,,,,,
2822,03/22/2026 07:00:00,17.89,539.0,633.6,0.30,350.33,,,,,,
2823,03/22/2026 07:10:00,17.82,544.4,641.1,0.31,353.87,,,,,,
2824,03/22/2026 07:20:00,17.76,544.6,642.3,0.31,353.98,,,,,,
2825,03/22/2026 07:30:00,17.68,540.5,638.7,0.31,351.31,,,,,,
2826,03/22/2026 07:40:00,17.62,540.9,640.1,0.31,351.59,,,,,,
2827,03/22/2026 07:50:00,17.57,549.4,651.0,0.31,357.12,,,,,,
2828,03/22/2026 08:00:00,17.51,555.4,659.1,0.32,361.00,,,,,,
2829,03/22/2026 08:10:00,17.46,556.2,660.7,0.32,361.51,,,,,,
2830,03/22/2026 08:20:00,17.43,555.9,661.0,0.32,361.33,,,,,,
2831,03/22/2026 08:30:00,17.43,556.3,661.5,0.32,361.60,,,,,,
2832,03/22/2026 08:40:00,17.43,557.3,662.5,0.32,362.24,,,,,,
2833,03/22/2026 08:50:00,17.44,559.0,664.4,0.32,363.34,,,,,,
2834,03/22/2026 09:00:00,17.49,553.7,657.4,0.32,359.92,,,,,,
2835,03/22/2026 09:10:00,17.55,564.3,668.9,0.32,366.78,,,,,,
2836,03/22/2026 09:20:00,17.62,565.8,669.5,0.32,367.79,,,,,,
2837,03/22/2026 09:30:00,17.70,562.3,664.1,0.32,365.52,,,,,,
2838,03/22/2026 09:40:00,17.79,570.9,672.9,0.32,371.11,,,,,,
2839,03/22/2026 09:50:00,17.87,573.5,674.5,0.33,372.80,,,,,,
2840,03/22/2026 10:00:00,17.99,576.2,675.6,0.33,374.53,,,,,,
2841,03/22/2026 10:10:00,18.13,572.0,668.5,0.32,371.82,,,,,,
2842,03/22/2026 10:20:00,18.28,573.1,667.3,0.32,372.51,,,,,,
2843,03/22/2026 10:30:00,18.43,581.6,674.7,0.33,378.07,,,,,,
2844,03/22/2026 10:40:00,18.55,579.9,670.7,0.32,376.92,,,,,,
2845,03/22/2026 10:50:00,18.71,596.1,686.9,0.33,387.47,,,,,,
2846,03/22/2026 11:00:00,18.94,598.5,685.8,0.33,389.02,,,,,,
2847,03/22/2026 11:10:00,19.10,596.3,680.6,0.33,387.62,,,,,,
2848,03/22/2026 11:20:00,19.27,599.0,681.0,0.33,389.34,,,,,,
2849,03/22/2026 11:30:00,19.56,603.8,681.7,0.33,392.45,,,,,,
2850,03/22/2026 11:40:00,19.77,609.2,684.4,0.33,396.00,,,,,,
2851,03/22/2026 11:50:00,19.94,612.6,685.5,0.33,398.21,,,,,,
2852,03/22/2026 12:00:00,20.15,615.9,685.7,0.33,400.32,,,,,,
2853,03/22/2026 12:10:00,20.46,621.5,687.0,0.33,404.00,,,,,,
2854,03/22/2026 12:20:00,20.74,626.5,687.9,0.33,407.20,,,,,,
2855,03/22/2026 12:30:00,20.90,629.6,688.9,0.33,409.22,,,,,,
2856,03/22/2026 12:40:00,21.23,634.4,688.9,0.33,412.33,,,,,,
2857,03/22/2026 12:50:00,21.45,638.6,690.1,0.34,415.12,,,,,,
2858,03/22/2026 13:00:00,21.76,669.6,718.5,0.35,435.25,,,,,,
2859,03/22/2026 13:10:00,22.05,674.1,718.7,0.35,438.17,,,,,,
2860,03/22/2026 13:20:00,22.26,677.3,718.6,0.35,440.25,,,,,,
2861,03/22/2026 13:30:00,22.60,680.5,716.7,0.35,442.35,,,,,,
2862,03/22/2026 13:40:00,22.76,677.1,710.5,0.35,440.11,,,,,,
2863,03/22/2026 13:50:00,23.05,685.0,714.3,0.35,445.27,,,,,,
2864,03/22/2026 14:00:00,23.32,691.6,716.9,0.35,449.51,,,,,,
2865,03/22/2026 14:10:00,23.68,695.3,715.2,0.35,451.96,,,,,,
2866,03/22/2026 14:20:00,23.97,699.3,714.8,0.35,454.57,,,,,,
2867,03/22/2026 14:30:00,24.26,704.3,715.4,0.35,457.80,,,,,,
2868,03/22/2026 14:40:00,24.53,707.8,714.9,0.35,460.06,,,,,,
2869,03/22/2026 14:50:00,24.82,711.0,713.6,0.35,462.15,,,,,,
2870,03/22/2026 15:00:00,25.04,712.7,712.1,0.35,463.26,,,,,,
2871,03/22/2026 15:10:00,25.40,716.3,710.4,0.35,465.61,,,,,,
2872,03/22/2026 15:20:00,25.68,718.2,708.1,0.35,466.86,,,,,,
2873,03/22/2026 15:30:00,25.90,720.1,706.8,0.34,468.09,,,,,,
2874,03/22/2026 15:40:00,26.01,719.3,704.3,0.34,467.53,,,,,,
2875,03/22/2026 15:50:00,26.26,720.9,702.4,0.34,468.60,,,,,,
2876,03/22/2026 16:00:00,26.49,713.6,691.9,0.34,463.82,,,,,,
2877,03/22/2026 16:10:00,26.90,714.0,686.6,0.33,464.10,,,,,,
2878,03/22/2026 16:20:00,27.14,712.9,682.3,0.33,463.41,,,,,,
2879,03/22/2026 16:30:00,27.22,710.9,679.2,0.33,462.08,,,,,,
2880,03/22/2026 16:40:00,27.21,711.3,679.8,0.33,462.35,,,,,,
2881,03/22/2026 16:50:00,27.37,711.0,677.2,0.33,462.12,,,,,,
2882,03/22/2026 17:00:00,27.45,708.6,674.0,0.33,460.62,,,,,,
2883,03/22/2026 17:10:00,27.48,705.0,670.1,0.33,458.27,,,,,,
2884,03/22/2026 17:20:00,27.62,702.5,665.9,0.32,456.65,,,,,,
2885,03/22/2026 17:30:00,27.70,700.2,662.7,0.32,455.15,,,,,,
2886,03/22/2026 17:40:00,27.70,700.8,663.2,0.32,455.52,,,,,,
2887,03/22/2026 17:50:00,27.66,694.8,658.0,0.32,451.61,,,,,,
2888,03/22/2026 18:00:00,27.64,698.3,661.6,0.32,453.90,,,,,,
2889,03/22/2026 18:10:00,27.63,696.0,659.6,0.32,452.37,,,,,,
2890,03/22/2026 18:20:00,27.62,694.3,658.1,0.32,451.29,,,,,,
2891,03/22/2026 18:30:00,27.59,693.6,657.9,0.32,450.86,,,,,,
2892,03/22/2026 18:40:00,27.51,691.3,656.7,0.32,449.33,,,,,,
2893,03/22/2026 18:50:00,27.45,690.7,656.9,0.32,448.97,,,,,,
2894,03/22/2026 19:00:00,27.41,689.5,656.3,0.32,448.14,,,,,,
2895,03/22/2026 19:10:00,27.33,684.2,652.3,0.32,444.75,,,,,,
2896,03/22/2026 19:20:00,27.30,684.6,653.0,0.32,444.97,,,,,,
2897,03/22/2026 19:30:00,27.22,678.0,647.8,0.32,440.70,,,,,,
2898,03/22/2026 19:40:00,27.13,678.3,649.3,0.32,440.91,,,,,,
2899,03/22/2026 19:50:00,26.97,673.7,647.0,0.32,437.91,,,,,,
2900,03/22/2026 20:00:00,26.86,677.5,652.1,0.32,440.38,,,,,,
2901,03/22/2026 20:10:00,26.67,670.3,647.6,0.32,435.67,,,,,,
2902,03/22/2026 20:20:00,26.55,665.8,644.8,0.31,432.74,,,,,,
2903,03/22/2026 20:30:00,26.44,656.2,636.9,0.31,426.53,,,,,,
2904,03/22/2026 20:40:00,26.29,655.2,637.8,0.31,425.86,,,,,,
2905,03/22/2026 20:50:00,26.13,649.5,634.4,0.31,422.16,,,,,,
2906,03/22/2026 21:00:00,25.96,647.1,634.3,0.31,420.63,,,,,,
2907,03/22/2026 21:10:00,25.84,644.6,633.4,0.31,419.01,,,,,,
2908,03/22/2026 21:20:00,25.70,642.7,633.4,0.31,417.78,,,,,,
2909,03/22/2026 21:30:00,25.55,640.2,632.9,0.31,416.13,,,,,,
2910,03/22/2026 21:40:00,25.37,636.1,631.2,0.31,413.45,,,,,,
2911,03/22/2026 21:50:00,25.20,632.4,629.8,0.31,411.05,,,,,,
2912,03/22/2026 22:00:00,25.02,628.6,628.3,0.31,408.57,,,,,,
2913,03/22/2026 22:10:00,24.82,626.8,629.2,0.31,407.42,,,,,,
2914,03/22/2026 22:20:00,24.63,623.9,628.7,0.31,405.52,,,,,,
2915,03/22/2026 22:30:00,24.47,620.5,627.5,0.30,403.31,,,,,,
2916,03/22/2026 22:40:00,24.28,616.6,626.1,0.30,400.82,,,,,,
2917,03/22/2026 22:50:00,24.15,615.0,626.2,0.30,399.77,,,,,,
2918,03/22/2026 23:00:00,23.98,614.1,627.6,0.30,399.15,,,,,,
2919,03/22/2026 23:10:00,23.76,613.1,629.5,0.31,398.52,,,,,,
2920,03/22/2026 23:20:00,23.56,607.8,626.7,0.30,395.07,,,,,,
2921,03/22/2026 23:30:00,23.39,608.8,630.2,0.31,395.74,,,,,,
2922,03/22/2026 23:40:00,23.23,607.2,630.7,0.31,394.66,,,,,,
2923,03/22/2026 23:50:00,23.06,604.7,630.4,0.31,393.08,,,,,,
2924,03/23/2026 00:00:00,22.85,602.5,631.0,0.31,391.63,,,,,,
2925,03/23/2026 00:10:00,22.68,599.4,630.1,0.31,389.60,,,,,,
2926,03/23/2026 00:20:00,22.49,599.2,632.5,0.31,389.48,,,,,,
2927,03/23/2026 00:30:00,22.33,598.2,633.7,0.31,388.86,,,,,,
2928,03/23/2026 00:40:00,22.17,597.0,634.6,0.31,388.02,,,,,,
2929,03/23/2026 00:50:00,22.00,595.2,635.2,0.31,386.85,,,,,,
2930,03/23/2026 01:00:00,21.82,593.4,635.8,0.31,385.73,,,,,,
2931,03/23/2026 01:10:00,21.67,591.7,636.3,0.31,384.63,,,,,,
2932,03/23/2026 01:20:00,21.53,591.7,638.2,0.31,384.59,,,,,,
2933,03/23/2026 01:30:00,21.34,590.4,639.6,0.31,383.77,,,,,,
2934,03/23/2026 01:40:00,21.18,589.1,640.5,0.31,382.93,,,,,,
2935,03/23/2026 01:50:00,21.00,587.8,641.7,0.31,382.09,,,,,,
2936,03/23/2026 02:00:00,20.81,588.3,645.0,0.31,382.37,,,,,,
2937,03/23/2026 02:10:00,20.65,586.5,645.5,0.31,381.25,,,,,,
2938,03/23/2026 02:20:00,20.48,586.8,648.2,0.31,381.39,,,,,,
2939,03/23/2026 02:30:00,20.30,591.9,656.8,0.32,384.74,,,,,,
2940,03/23/2026 02:40:00,20.13,584.6,651.2,0.31,380.01,,,,,,
2941,03/23/2026 02:50:00,19.96,585.2,654.5,0.32,380.41,,,,,,
2942,03/23/2026 03:00:00,19.80,587.2,659.1,0.32,381.67,,,,,,
2943,03/23/2026 03:10:00,19.62,584.9,659.4,0.32,380.21,,,,,,
2944,03/23/2026 03:20:00,19.45,584.6,661.7,0.32,380.01,,,,,,
2945,03/23/2026 03:30:00,19.33,581.3,660.0,0.32,377.88,,,,,,
2946,03/23/2026 03:40:00,19.20,584.2,665.2,0.32,379.72,,,,,,
2947,03/23/2026 03:50:00,19.03,583.3,666.9,0.32,379.17,,,,,,
2948,03/23/2026 04:00:00,18.90,582.6,668.2,0.32,378.71,,,,,,
2949,03/23/2026 04:10:00,18.75,582.2,670.3,0.32,378.45,,,,,,
2950,03/23/2026 04:20:00,18.61,581.2,671.2,0.32,377.80,,,,,,
2951,03/23/2026 04:30:00,18.48,581.2,673.5,0.33,377.79,,,,,,
2952,03/23/2026 04:40:00,18.37,592.1,687.8,0.33,384.86,,,,,,
2953,03/23/2026 04:50:00,18.22,589.8,687.7,0.33,383.35,,,,,,
2954,03/23/2026 05:00:00,18.12,587.8,687.1,0.33,382.08,,,,,,
2955,03/23/2026 05:10:00,18.01,587.4,688.4,0.33,381.79,,,,,,
2956,03/23/2026 05:20:00,17.90,587.0,689.8,0.33,381.55,,,,,,
2957,03/23/2026 05:30:00,17.79,584.8,689.2,0.33,380.13,,,,,,
2958,03/23/2026 05:40:00,17.70,584.4,690.3,0.33,379.87,,,,,,
2959,03/23/2026 05:50:00,17.58,583.1,690.7,0.33,379.00,,,,,,
2960,03/23/2026 06:00:00,17.48,582.3,691.4,0.33,378.46,,,,,,
2961,03/23/2026 06:10:00,17.38,581.7,692.6,0.33,378.12,,,,,,
2962,03/23/2026 06:20:00,17.29,578.9,690.7,0.33,376.28,,,,,,
2963,03/23/2026 06:30:00,17.19,575.0,687.8,0.33,373.73,,,,,,
2964,03/23/2026 06:40:00,17.09,576.5,691.3,0.33,374.71,,,,,,
2965,03/23/2026 06:50:00,17.00,576.1,692.5,0.33,374.45,,,,,,
2966,03/23/2026 07:00:00,16.89,580.0,699.1,0.34,376.99,,,,,,
2967,03/23/2026 07:10:00,16.79,571.3,690.2,0.33,371.35,,,,,,
2968,03/23/2026 07:20:00,16.69,568.2,688.3,0.33,369.31,,,,,,
2969,03/23/2026 07:30:00,16.60,569.4,691.4,0.33,370.12,,,,,,
2970,03/23/2026 07:40:00,16.51,566.9,690.0,0.33,368.50,,,,,,
2971,03/23/2026 07:50:00,16.43,566.1,690.3,0.33,367.94,,,,,,
2972,03/23/2026 08:00:00,16.34,566.7,692.6,0.33,368.32,,,,,,
2973,03/23/2026 08:10:00,16.27,566.6,693.8,0.33,368.29,,,,,,
2974,03/23/2026 08:20:00,16.22,565.2,693.1,0.33,367.40,,,,,,
2975,03/23/2026 08:30:00,16.18,567.4,696.5,0.33,368.84,,,,,,
2976,03/23/2026 08:40:00,16.14,567.0,696.6,0.33,368.57,,,,,,
2977,03/23/2026 08:50:00,16.11,567.2,697.4,0.34,368.66,,,,,,
2978,03/23/2026 09:00:00,16.14,567.9,697.7,0.34,369.11,,,,,,
2979,03/23/2026 09:10:00,16.17,568.1,697.5,0.34,369.25,,,,,,
2980,03/23/2026 09:20:00,16.19,569.1,698.2,0.34,369.89,,,,,,
2981,03/23/2026 09:30:00,16.25,570.8,699.4,0.34,371.04,,,,,,
2982,03/23/2026 09:40:00,16.30,572.6,700.6,0.34,372.22,,,,,,
2983,03/23/2026 09:50:00,16.36,573.7,700.9,0.34,372.91,,,,,,
2984,03/23/2026 10:00:00,16.44,575.7,701.9,0.34,374.21,,,,,,
2985,03/23/2026 10:10:00,16.51,578.7,704.2,0.34,376.16,,,,,,
2986,03/23/2026 10:20:00,16.63,579.8,703.4,0.34,376.87,,,,,,
2987,03/23/2026 10:30:00,16.75,582.8,704.8,0.34,378.80,,,,,,
2988,03/23/2026 10:40:00,16.85,584.8,705.7,0.34,380.13,,,,,,
2989,03/23/2026 10:50:00,16.96,587.7,707.0,0.34,381.99,,,,,,
2990,03/23/2026 11:00:00,17.10,591.2,708.7,0.34,384.26,,,,,,
2991,03/23/2026 11:10:00,17.26,595.6,711.1,0.34,387.11,,,,,,
2992,03/23/2026 11:20:00,17.38,598.8,712.9,0.34,389.19,,,,,,
2993,03/23/2026 11:30:00,17.49,600.0,712.4,0.34,389.99,,,,,,
2994,03/23/2026 11:40:00,17.62,603.8,714.5,0.34,392.47,,,,,,
2995,03/23/2026 11:50:00,17.78,607.7,716.3,0.35,395.01,,,,,,
2996,03/23/2026 12:00:00,18.01,613.0,718.5,0.35,398.44,,,,,,
2997,03/23/2026 12:10:00,18.21,617.6,720.4,0.35,401.47,,,,,,
2998,03/23/2026 12:20:00,18.43,623.6,723.4,0.35,405.32,,,,,,
2999,03/23/2026 12:30:00,18.61,628.1,725.3,0.35,408.24,,,,,,
3000,03/23/2026 12:40:00,18.84,631.0,724.8,0.35,410.17,,,,,,
3001,03/23/2026 12:50:00,19.08,635.4,725.6,0.35,412.99,,,,,,
3002,03/23/2026 13:00:00,19.30,640.7,727.7,0.35,416.44,,,,,,
3003,03/23/2026 13:10:00,19.54,646.1,729.9,0.35,419.99,,,,,,
3004,03/23/2026 13:20:00,19.85,651.0,730.0,0.35,423.15,,,,,,
3005,03/23/2026 13:30:00,20.19,658.0,732.0,0.36,427.67,,,,,,
3006,03/23/2026 13:40:00,20.49,663.0,732.3,0.36,430.98,,,,,,
3007,03/23/2026 13:50:00,20.81,667.1,731.4,0.36,433.61,,,,,,
3008,03/23/2026 14:00:00,21.20,665.1,722.8,0.35,432.29,,,,,,
3009,03/23/2026 14:10:00,21.63,668.9,719.9,0.35,434.81,,,,,,
3010,03/23/2026 14:20:00,21.92,640.8,685.1,0.33,416.51,,,,,,
3011,03/23/2026 14:30:00,22.19,694.1,737.6,0.36,451.18,,,,,,
3012,03/23/2026 14:40:00,22.52,674.7,711.8,0.35,438.53,,,,,,
3013,03/23/2026 14:50:00,22.88,672.0,703.3,0.34,436.80,,,,,,
3014,03/23/2026 15:00:00,23.15,690.3,718.3,0.35,448.72,,,,,,
3015,03/23/2026 15:10:00,23.32,694.1,719.5,0.35,451.16,,,,,,
3016,03/23/2026 15:20:00,23.63,696.4,717.1,0.35,452.65,,,,,,
3017,03/23/2026 15:30:00,24.06,702.2,716.3,0.35,456.43,,,,,,
3018,03/23/2026 15:40:00,24.35,702.6,712.4,0.35,456.70,,,,,,
3019,03/23/2026 15:50:00,24.41,703.7,712.6,0.35,457.40,,,,,,
3020,03/23/2026 16:00:00,24.51,706.4,713.6,0.35,459.13,,,,,,
3021,03/23/2026 16:10:00,24.58,707.1,713.4,0.35,459.59,,,,,,
3022,03/23/2026 16:20:00,24.83,708.3,710.8,0.35,460.41,,,,,,
3023,03/23/2026 16:30:00,25.16,709.7,707.3,0.34,461.31,,,,,,
3024,03/23/2026 16:40:00,25.32,710.4,705.7,0.34,461.78,,,,,,
3025,03/23/2026 16:50:00,25.19,709.9,707.0,0.34,461.41,,,,,,
3026,03/23/2026 17:00:00,25.16,711.0,708.7,0.35,462.15,,,,,,
3027,03/23/2026 17:10:00,25.65,712.8,703.2,0.34,463.32,,,,,,
3028,03/23/2026 17:20:00,25.77,712.9,701.5,0.34,463.40,,,,,,
3029,03/23/2026 17:30:00,26.05,711.8,696.4,0.34,462.64,,,,,,
3030,03/23/2026 17:40:00,26.02,699.6,684.9,0.33,454.77,,,,,,
3031,03/23/2026 17:50:00,25.76,700.2,689.2,0.34,455.13,,,,,,
3032,03/23/2026 18:00:00,25.64,707.2,697.8,0.34,459.67,,,,,,
3033,03/23/2026 18:10:00,25.61,708.6,699.6,0.34,460.60,,,,,,
3034,03/23/2026 18:20:00,25.51,708.1,700.5,0.34,460.24,,,,,,
3035,03/23/2026 18:30:00,25.64,711.1,701.7,0.34,462.20,,,,,,
3036,03/23/2026 18:40:00,25.80,707.6,695.9,0.34,459.96,,,,,,
3037,03/23/2026 18:50:00,25.92,700.0,686.6,0.33,454.98,,,,,,
3038,03/23/2026 19:00:00,25.90,693.5,680.6,0.33,450.75,,,,,,
3039,03/23/2026 19:10:00,25.86,692.0,679.7,0.33,449.77,,,,,,
3040,03/23/2026 19:20:00,25.78,691.2,680.0,0.33,449.25,,,,,,
3041,03/23/2026 19:30:00,25.67,691.1,681.5,0.33,449.22,,,,,,
3042,03/23/2026 19:40:00,25.60,702.2,693.5,0.34,456.40,,,,,,
3043,03/23/2026 19:50:00,25.52,691.5,684.0,0.33,449.49,,,,,,
3044,03/23/2026 20:00:00,25.45,677.5,671.1,0.33,440.35,,,,,,
3045,03/23/2026 20:10:00,25.37,679.5,674.3,0.33,441.70,,,,,,
3046,03/23/2026 20:20:00,25.24,678.4,674.9,0.33,440.93,,,,,,
3047,03/23/2026 20:30:00,25.17,675.9,673.5,0.33,439.31,,,,,,
3048,03/23/2026 20:40:00,25.08,673.7,672.5,0.33,437.92,,,,,,
3049,03/23/2026 20:50:00,24.99,673.2,673.4,0.33,437.60,,,,,,
3050,03/23/2026 21:00:00,24.91,671.7,673.0,0.33,436.62,,,,,,
3051,03/23/2026 21:10:00,24.81,667.9,670.6,0.33,434.13,,,,,,
3052,03/23/2026 21:20:00,24.69,663.9,668.3,0.33,431.52,,,,,,
3053,03/23/2026 21:30:00,24.56,658.2,664.3,0.32,427.81,,,,,,
3054,03/23/2026 21:40:00,24.43,656.0,663.9,0.32,426.38,,,,,,
3055,03/23/2026 21:50:00,24.30,651.9,661.7,0.32,423.76,,,,,,
3056,03/23/2026 22:00:00,24.15,648.5,660.3,0.32,421.52,,,,,,
3057,03/23/2026 22:10:00,24.01,645.5,659.2,0.32,419.56,,,,,,
3058,03/23/2026 22:20:00,23.86,642.6,658.3,0.32,417.70,,,,,,
3059,03/23/2026 22:30:00,23.71,640.3,658.1,0.32,416.18,,,,,,
3060,03/23/2026 22:40:00,23.54,636.5,656.7,0.32,413.73,,,,,,
3061,03/23/2026 22:50:00,23.38,634.2,656.5,0.32,412.20,,,,,,
3062,03/23/2026 23:00:00,23.19,630.7,655.6,0.32,409.94,,,,,,
3063,03/23/2026 23:10:00,23.03,621.1,647.9,0.31,403.70,,,,,,
3064,03/23/2026 23:20:00,22.83,624.5,654.3,0.32,405.92,,,,,,
3065,03/23/2026 23:30:00,22.66,618.8,650.8,0.32,402.24,,,,,,
3066,03/23/2026 23:40:00,22.46,617.3,652.1,0.32,401.27,,,,,,
3067,03/23/2026 23:50:00,22.29,615.4,652.5,0.32,400.01,,,,,,
3068,03/24/2026 00:00:00,22.12,608.2,647.4,0.31,395.34,,,,,,
3069,03/24/2026 00:10:00,21.95,612.2,654.1,0.32,397.94,,,,,,
3070,03/24/2026 00:20:00,21.79,609.2,653.3,0.32,395.99,,,,,,
3071,03/24/2026 00:30:00,21.63,610.4,656.9,0.32,396.76,,,,,,
3072,03/24/2026 00:40:00,21.48,609.0,657.6,0.32,395.83,,,,,,
3073,03/24/2026 00:50:00,21.31,608.5,659.6,0.32,395.50,,,,,,
3074,03/24/2026 01:00:00,21.13,608.7,662.5,0.32,395.65,,,,,,
3075,03/24/2026 01:10:00,20.96,605.9,662.1,0.32,393.84,,,,,,
3076,03/24/2026 01:20:00,20.81,606.1,664.6,0.32,393.94,,,,,,
3077,03/24/2026 01:30:00,20.64,609.0,670.4,0.32,395.87,,,,,,
3078,03/24/2026 01:40:00,20.49,609.3,673.1,0.33,396.05,,,,,,
3079,03/24/2026 01:50:00,20.34,609.2,675.3,0.33,395.96,,,,,,
3080,03/24/2026 02:00:00,20.18,608.7,677.2,0.33,395.63,,,,,,
3081,03/24/2026 02:10:00,20.03,601.4,671.4,0.33,390.89,,,,,,
3082,03/24/2026 02:20:00,19.88,605.2,678.1,0.33,393.38,,,,,,
3083,03/24/2026 02:30:00,19.73,608.9,684.7,0.33,395.81,,,,,,
3084,03/24/2026 02:40:00,19.58,605.4,683.2,0.33,393.52,,,,,,
3085,03/24/2026 02:50:00,19.46,605.1,684.8,0.33,393.32,,,,,,
3086,03/24/2026 03:00:00,19.31,603.8,685.7,0.33,392.46,,,,,,
3087,03/24/2026 03:10:00,19.19,603.9,687.9,0.33,392.56,,,,,,
3088,03/24/2026 03:20:00,19.04,651.2,744.4,0.36,423.28,,,,,,
3089,03/24/2026 03:30:00,18.89,648.8,744.3,0.36,421.75,,,,,,
3090,03/24/2026 03:40:00,18.78,634.4,729.8,0.35,412.38,,,,,,
3091,03/24/2026 03:50:00,18.64,598.0,690.2,0.33,388.71,,,,,,
3092,03/24/2026 04:00:00,18.54,595.9,689.5,0.33,387.33,,,,,,
3093,03/24/2026 04:10:00,18.43,593.7,688.8,0.33,385.92,,,,,,
3094,03/24/2026 04:20:00,18.32,592.0,688.6,0.33,384.79,,,,,,
3095,03/24/2026 04:30:00,18.21,589.9,688.0,0.33,383.45,,,,,,
3096,03/24/2026 04:40:00,18.10,586.8,686.1,0.33,381.39,,,,,,
3097,03/24/2026 04:50:00,17.98,574.8,674.2,0.33,373.61,,,,,,
3098,03/24/2026 05:00:00,17.91,582.1,683.9,0.33,378.36,,,,,,
3099,03/24/2026 05:10:00,17.82,579.8,682.8,0.33,376.88,,,,,,
3100,03/24/2026 05:20:00,17.73,577.6,681.7,0.33,375.45,,,,,,
3101,03/24/2026 05:30:00,17.65,575.7,680.8,0.33,374.20,,,,,,
3102,03/24/2026 05:40:00,17.57,573.6,679.7,0.33,372.85,,,,,,
3103,03/24/2026 05:50:00,17.48,571.7,678.9,0.33,371.63,,,,,,
3104,03/24/2026 06:00:00,17.40,568.6,676.7,0.33,369.60,,,,,,
3105,03/24/2026 06:10:00,17.31,568.1,677.4,0.33,369.24,,,,,,
3106,03/24/2026 06:20:00,17.24,566.9,677.2,0.33,368.48,,,,,,
3107,03/24/2026 06:30:00,17.16,565.0,676.4,0.33,367.27,,,,,,
3108,03/24/2026 06:40:00,17.09,563.6,675.9,0.33,366.34,,,,,,
3109,03/24/2026 06:50:00,17.02,561.7,674.8,0.32,365.12,,,,,,
3110,03/24/2026 07:00:00,16.95,560.2,674.2,0.32,364.12,,,,,,
3111,03/24/2026 07:10:00,16.86,558.6,673.8,0.32,363.06,,,,,,
3112,03/24/2026 07:20:00,16.78,557.6,673.9,0.32,362.44,,,,,,
3113,03/24/2026 07:30:00,16.72,555.9,673.0,0.32,361.34,,,,,,
3114,03/24/2026 07:40:00,16.65,555.2,673.3,0.32,360.90,,,,,,
3115,03/24/2026 07:50:00,16.57,554.5,673.7,0.32,360.44,,,,,,
3116,03/24/2026 08:00:00,16.52,553.3,673.3,0.32,359.64,,,,,,
3117,03/24/2026 08:10:00,16.47,552.5,673.2,0.32,359.15,,,,,,
3118,03/24/2026 08:20:00,16.45,552.1,673.0,0.32,358.87,,,,,,
3119,03/24/2026 08:30:00,16.40,551.6,673.2,0.32,358.56,,,,,,
3120,03/24/2026 08:40:00,16.38,551.6,673.5,0.32,358.55,,,,,,
3121,03/24/2026 08:50:00,16.35,551.7,674.2,0.32,358.60,,,,,,
3122,03/24/2026 09:00:00,16.33,551.5,674.3,0.32,358.48,,,,,,
3123,03/24/2026 09:10:00,16.32,551.8,674.8,0.32,358.68,,,,,,
3124,03/24/2026 09:20:00,16.34,552.6,675.5,0.32,359.21,,,,,,
3125,03/24/2026 09:30:00,16.35,553.3,676.1,0.32,359.64,,,,,,
3126,03/24/2026 09:40:00,16.38,554.5,677.1,0.33,360.44,,,,,,
3127,03/24/2026 09:50:00,16.51,557.3,678.2,0.33,362.24,,,,,,
3128,03/24/2026 10:00:00,16.58,558.6,678.6,0.33,363.11,,,,,,
3129,03/24/2026 10:10:00,16.70,560.6,678.9,0.33,364.38,,,,,,
3130,03/24/2026 10:20:00,16.80,562.5,679.5,0.33,365.64,,,,,,
3131,03/24/2026 10:30:00,16.95,565.2,680.1,0.33,367.36,,,,,,
3132,03/24/2026 10:40:00,17.12,566.4,678.7,0.33,368.15,,,,,,
3133,03/24/2026 10:50:00,17.28,568.8,678.8,0.33,369.69,,,,,,
3134,03/24/2026 11:00:00,17.41,570.8,679.0,0.33,371.04,,,,,,
3135,03/24/2026 11:10:00,17.60,573.2,678.7,0.33,372.59,,,,,,
3136,03/24/2026 11:20:00,17.72,575.8,679.7,0.33,374.29,,,,,,
3137,03/24/2026 11:30:00,17.90,577.8,679.1,0.33,375.57,,,,,,
3138,03/24/2026 11:40:00,18.09,580.6,679.1,0.33,377.40,,,,,,
3139,03/24/2026 11:50:00,18.27,583.3,679.4,0.33,379.17,,,,,,
3140,03/24/2026 12:00:00,18.45,586.4,679.9,0.33,381.13,,,,,,
3141,03/24/2026 12:10:00,18.68,589.8,680.0,0.33,383.37,,,,,,
3142,03/24/2026 12:20:00,18.87,592.9,680.5,0.33,385.38,,,,,,
3143,03/24/2026 12:30:00,19.08,595.9,680.5,0.33,387.37,,,,,,
3144,03/24/2026 12:40:00,19.32,599.6,680.8,0.33,389.73,,,,,,
3145,03/24/2026 12:50:00,19.55,604.2,682.3,0.33,392.73,,,,,,
3146,03/24/2026 13:00:00,19.78,607.2,681.9,0.33,394.65,,,,,,
3147,03/24/2026 13:10:00,20.01,610.6,682.2,0.33,396.91,,,,,,
3148,03/24/2026 13:20:00,20.27,614.5,682.2,0.33,399.42,,,,,,
3149,03/24/2026 13:30:00,20.54,618.4,682.3,0.33,401.96,,,,,,
3150,03/24/2026 13:40:00,20.83,622.4,682.2,0.33,404.57,,,,,,
3151,03/24/2026 13:50:00,21.12,626.5,682.0,0.33,407.21,,,,,,
3152,03/24/2026 14:00:00,21.40,630.9,682.5,0.33,410.07,,,,,,
3153,03/24/2026 14:10:00,21.73,636.1,683.0,0.33,413.44,,,,,,
3154,03/24/2026 14:20:00,22.02,639.8,682.6,0.33,415.90,,,,,,
3155,03/24/2026 14:30:00,22.26,644.0,683.3,0.33,418.62,,,,,,
3156,03/24/2026 14:40:00,22.57,648.5,683.4,0.33,421.55,,,,,,
3157,03/24/2026 14:50:00,22.87,652.8,683.4,0.33,424.34,,,,,,
3158,03/24/2026 15:00:00,23.16,656.2,682.7,0.33,426.55,,,,,,
3159,03/24/2026 15:10:00,23.77,672.6,690.5,0.34,437.22,,,,,,
3160,03/24/2026 15:20:00,24.16,675.8,688.0,0.33,439.27,,,,,,
3161,03/24/2026 15:30:00,24.46,673.8,681.6,0.33,437.99,,,,,,
3162,03/24/2026 15:40:00,24.51,672.0,679.0,0.33,436.80,,,,,,
3163,03/24/2026 15:50:00,24.56,672.4,678.6,0.33,437.04,,,,,,
3164,03/24/2026 16:00:00,24.73,674.1,677.9,0.33,438.18,,,,,,
3165,03/24/2026 16:10:00,24.96,668.3,668.9,0.33,434.41,,,,,,
3166,03/24/2026 16:20:00,25.07,670.2,669.3,0.33,435.66,,,,,,
3167,03/24/2026 16:30:00,25.08,675.7,674.5,0.33,439.18,,,,,,
3168,03/24/2026 16:40:00,25.45,675.8,669.5,0.33,439.24,,,,,,
3169,03/24/2026 16:50:00,25.54,679.2,671.6,0.33,441.48,,,,,,
3170,03/24/2026 17:00:00,25.63,678.0,669.1,0.33,440.68,,,,,,
3171,03/24/2026 17:10:00,25.79,673.6,662.6,0.32,437.82,,,,,,
3172,03/24/2026 17:20:00,25.99,635.8,622.9,0.30,413.30,,,,,,
3173,03/24/2026 17:30:00,26.00,633.3,620.3,0.30,411.64,,,,,,
3174,03/24/2026 17:40:00,26.22,642.3,626.2,0.30,417.47,,,,,,
3175,03/24/2026 17:50:00,26.27,673.1,655.5,0.32,437.49,,,,,,
3176,03/24/2026 18:00:00,26.39,664.2,645.3,0.31,431.73,,,,,,
3177,03/24/2026 18:10:00,26.38,636.8,618.9,0.30,413.91,,,,,,
3178,03/24/2026 18:20:00,26.43,630.4,611.9,0.30,409.73,,,,,,
3179,03/24/2026 18:30:00,26.43,627.6,609.3,0.30,407.92,,,,,,
3180,03/24/2026 18:40:00,26.40,617.8,600.2,0.29,401.56,,,,,,
3181,03/24/2026 18:50:00,26.45,601.4,583.7,0.28,390.93,,,,,,
3182,03/24/2026 19:00:00,26.40,614.1,596.6,0.29,399.15,,,,,,
3183,03/24/2026 19:10:00,26.37,601.1,584.3,0.28,390.72,,,,,,
3184,03/24/2026 19:20:00,26.33,631.4,614.2,0.30,410.40,,,,,,
3185,03/24/2026 19:30:00,26.27,661.1,643.9,0.31,429.71,,,,,,
3186,03/24/2026 19:40:00,26.19,658.9,642.8,0.31,428.30,,,,,,
3187,03/24/2026 19:50:00,26.14,657.0,641.6,0.31,427.02,,,,,,
3188,03/24/2026 20:00:00,26.08,656.2,641.7,0.31,426.56,,,,,,
3189,03/24/2026 20:10:00,26.00,653.8,640.4,0.31,424.98,,,,,,
3190,03/24/2026 20:20:00,25.94,651.8,639.2,0.31,423.66,,,,,,
3191,03/24/2026 20:30:00,25.84,650.2,638.9,0.31,422.65,,,,,,
3192,03/24/2026 20:40:00,25.70,648.1,638.8,0.31,421.26,,,,,,
3193,03/24/2026 20:50:00,25.63,646.4,638.0,0.31,420.18,,,,,,
3194,03/24/2026 21:00:00,25.56,643.5,636.0,0.31,418.29,,,,,,
3195,03/24/2026 21:10:00,25.49,642.4,635.9,0.31,417.58,,,,,,
3196,03/24/2026 21:20:00,25.38,639.1,634.0,0.31,415.38,,,,,,
3197,03/24/2026 21:30:00,25.27,636.8,633.2,0.31,413.95,,,,,,
3198,03/24/2026 21:40:00,25.19,634.3,631.8,0.31,412.33,,,,,,
3199,03/24/2026 21:50:00,25.13,633.1,631.4,0.31,411.48,,,,,,
3200,03/24/2026 22:00:00,25.02,631.4,631.2,0.31,410.43,,,,,,
3201,03/24/2026 22:10:00,24.93,628.6,629.6,0.31,408.61,,,,,,
3202,03/24/2026 22:20:00,24.82,626.3,628.6,0.31,407.06,,,,,,
3203,03/24/2026 22:30:00,24.71,624.2,628.0,0.31,405.76,,,,,,
3204,03/24/2026 22:40:00,24.61,621.8,626.9,0.30,404.17,,,,,,
3205,03/24/2026 22:50:00,24.51,619.8,626.3,0.30,402.90,,,,,,
3206,03/24/2026 23:00:00,24.39,617.7,625.8,0.30,401.52,,,,,,
3207,03/24/2026 23:10:00,24.29,616.9,626.2,0.30,400.99,,,,,,
3208,03/24/2026 23:20:00,24.16,615.5,626.6,0.30,400.07,,,,,,
3209,03/24/2026 23:30:00,24.02,614.2,627.1,0.30,399.22,,,,,,
3210,03/24/2026 23:40:00,23.88,610.2,624.8,0.30,396.61,,,,,,
3211,03/24/2026 23:50:00,23.78,607.8,623.8,0.30,395.05,,,,,,
3212,03/25/2026 00:00:00,23.65,598.2,615.6,0.30,388.81,,,,,,
3213,03/25/2026 00:10:00,23.53,604.3,623.5,0.30,392.76,,,,,,
3214,03/25/2026 00:20:00,23.41,600.7,621.4,0.30,390.44,,,,,,
3215,03/25/2026 00:30:00,23.28,601.9,624.5,0.30,391.27,,,,,,
3216,03/25/2026 00:40:00,23.16,601.2,625.3,0.30,390.77,,,,,,
3217,03/25/2026 00:50:00,23.05,599.7,625.4,0.30,389.83,,,,,,
3218,03/25/2026 01:00:00,22.94,598.4,625.4,0.30,388.95,,,,,,
3219,03/25/2026 01:10:00,22.84,598.1,626.6,0.30,388.79,,,,,,
3220,03/25/2026 01:20:00,22.75,626.6,657.7,0.32,407.27,,,,,,
3221,03/25/2026 01:30:00,22.66,598.6,629.5,0.31,389.09,,,,,,
3222,03/25/2026 01:40:00,22.52,598.1,630.9,0.31,388.77,,,,,,
3223,03/25/2026 01:50:00,22.44,597.2,631.1,0.31,388.17,,,,,,
3224,03/25/2026 02:00:00,22.31,593.7,629.2,0.31,385.91,,,,,,
3225,03/25/2026 02:10:00,22.20,599.8,637.2,0.31,389.89,,,,,,
3226,03/25/2026 02:20:00,22.09,595.2,634.0,0.31,386.91,,,,,,
3227,03/25/2026 02:30:00,21.95,596.5,637.2,0.31,387.70,,,,,,
3228,03/25/2026 02:40:00,21.84,595.4,637.7,0.31,387.01,,,,,,
3229,03/25/2026 02:50:00,21.74,598.1,642.1,0.31,388.77,,,,,,
3230,03/25/2026 03:00:00,21.63,595.6,641.0,0.31,387.15,,,,,,
3231,03/25/2026 03:10:00,21.49,596.3,643.8,0.31,387.62,,,,,,
3232,03/25/2026 03:20:00,21.38,591.3,639.9,0.31,384.34,,,,,,
3233,03/25/2026 03:30:00,21.27,598.2,649.0,0.31,388.83,,,,,,
3234,03/25/2026 03:40:00,21.17,597.8,650.1,0.31,388.54,,,,,,
3235,03/25/2026 03:50:00,21.06,599.3,653.4,0.32,389.57,,,,,,
3236,03/25/2026 04:00:00,20.95,599.7,655.4,0.32,389.77,,,,,,
3237,03/25/2026 04:10:00,20.85,601.2,658.6,0.32,390.78,,,,,,
3238,03/25/2026 04:20:00,20.75,602.0,661.0,0.32,391.33,,,,,,
3239,03/25/2026 04:30:00,20.66,602.1,662.5,0.32,391.34,,,,,,
3240,03/25/2026 04:40:00,20.55,602.3,664.4,0.32,391.47,,,,,,
3241,03/25/2026 04:50:00,20.46,603.9,667.5,0.32,392.51,,,,,,
3242,03/25/2026 05:00:00,20.39,605.6,670.6,0.32,393.66,,,,,,
3243,03/25/2026 05:10:00,20.28,610.5,677.7,0.33,396.83,,,,,,
3244,03/25/2026 05:20:00,20.20,614.0,682.7,0.33,399.07,,,,,,
3245,03/25/2026 05:30:00,20.12,614.9,685.1,0.33,399.71,,,,,,
3246,03/25/2026 05:40:00,20.02,616.5,688.6,0.33,400.73,,,,,,
3247,03/25/2026 05:50:00,19.94,618.6,692.3,0.34,402.12,,,,,,
3248,03/25/2026 06:00:00,19.84,620.6,696.0,0.34,403.40,,,,,,
3249,03/25/2026 06:10:00,19.77,623.0,699.9,0.34,404.95,,,,,,
3250,03/25/2026 06:20:00,19.68,625.0,703.6,0.34,406.27,,,,,,
3251,03/25/2026 06:30:00,19.61,626.4,706.4,0.34,407.19,,,,,,
3252,03/25/2026 06:40:00,19.51,628.6,710.4,0.34,408.56,,,,,,
3253,03/25/2026 06:50:00,19.44,631.6,715.1,0.35,410.53,,,,,,
3254,03/25/2026 07:00:00,19.35,634.0,719.4,0.35,412.12,,,,,,
3255,03/25/2026 07:10:00,19.29,636.1,722.8,0.35,413.46,,,,,,
3256,03/25/2026 07:20:00,19.21,638.5,726.9,0.35,415.04,,,,,,
3257,03/25/2026 07:30:00,19.14,640.2,729.9,0.35,416.12,,,,,,
3258,03/25/2026 07:40:00,19.08,641.9,733.1,0.36,417.25,,,,,,
3259,03/25/2026 07:50:00,19.01,645.0,737.8,0.36,419.27,,,,,,
3260,03/25/2026 08:00:00,18.97,646.0,739.7,0.36,419.91,,,,,,
3261,03/25/2026 08:10:00,18.94,647.0,741.3,0.36,420.53,,,,,,
3262,03/25/2026 08:20:00,18.92,649.5,744.6,0.36,422.15,,,,,,
3263,03/25/2026 08:30:00,18.92,655.1,751.1,0.36,425.84,,,,,,
3264,03/25/2026 08:40:00,18.90,654.8,750.9,0.36,425.61,,,,,,
3265,03/25/2026 08:50:00,18.94,658.2,754.2,0.37,427.85,,,,,,
3266,03/25/2026 09:00:00,18.95,660.7,756.8,0.37,429.47,,,,,,
3267,03/25/2026 09:10:00,19.00,665.2,761.1,0.37,432.35,,,,,,
3268,03/25/2026 09:20:00,19.04,664.1,759.2,0.37,431.67,,,,,,
3269,03/25/2026 09:30:00,19.08,667.0,761.7,0.37,433.56,,,,,,
3270,03/25/2026 09:40:00,19.16,664.8,757.7,0.37,432.10,,,,,,
3271,03/25/2026 09:50:00,19.24,670.0,762.3,0.37,435.51,,,,,,
3272,03/25/2026 10:00:00,19.38,675.3,765.8,0.37,438.97,,,,,,
3273,03/25/2026 10:10:00,19.46,680.2,769.8,0.37,442.16,,,,,,
3274,03/25/2026 10:20:00,19.59,679.2,766.2,0.37,441.46,,,,,,
3275,03/25/2026 10:30:00,19.69,681.0,766.6,0.37,442.66,,,,,,
3276,03/25/2026 10:40:00,19.94,683.7,765.1,0.37,444.43,,,,,,
3277,03/25/2026 10:50:00,20.04,697.1,778.3,0.38,453.15,,,,,,
3278,03/25/2026 11:00:00,20.15,697.0,776.0,0.38,453.02,,,,,,
3279,03/25/2026 11:10:00,20.33,690.6,765.8,0.37,448.91,,,,,,
3280,03/25/2026 11:20:00,20.48,692.1,764.6,0.37,449.83,,,,,,
3281,03/25/2026 11:30:00,20.64,694.2,764.2,0.37,451.22,,,,,,
3282,03/25/2026 11:40:00,20.87,696.7,762.9,0.37,452.83,,,,,,
3283,03/25/2026 11:50:00,21.11,700.1,762.3,0.37,455.05,,,,,,
3284,03/25/2026 12:00:00,21.33,703.9,762.6,0.37,457.53,,,,,,
3285,03/25/2026 12:10:00,21.63,707.3,761.2,0.37,459.75,,,,,,
3286,03/25/2026 12:20:00,21.90,711.7,761.3,0.37,462.63,,,,,,
3287,03/25/2026 12:30:00,22.17,715.0,760.2,0.37,464.75,,,,,,
3288,03/25/2026 12:40:00,22.37,718.0,759.9,0.37,466.70,,,,,,
3289,03/25/2026 12:50:00,22.59,721.2,759.6,0.37,468.77,,,,,,
3290,03/25/2026 13:00:00,22.90,725.8,759.3,0.37,471.76,,,,,,
3291,03/25/2026 13:10:00,23.14,728.5,758.2,0.37,473.55,,,,,,
3292,03/25/2026 13:20:00,23.43,731.9,756.8,0.37,475.73,,,,,,
3293,03/25/2026 13:30:00,23.66,735.4,756.7,0.37,478.00,,,,,,
3294,03/25/2026 13:40:00,23.91,737.7,755.0,0.37,479.52,,,,,,
3295,03/25/2026 13:50:00,24.17,743.2,756.4,0.37,483.09,,,,,,
3296,03/25/2026 14:00:00,24.41,747.3,756.7,0.37,485.75,,,,,,
3297,03/25/2026 14:10:00,24.66,750.2,755.6,0.37,487.62,,,,,,
3298,03/25/2026 14:20:00,24.92,753.2,754.5,0.37,489.57,,,,,,
3299,03/25/2026 14:30:00,25.16,755.6,753.1,0.37,491.15,,,,,,
3300,03/25/2026 14:40:00,25.45,759.4,752.3,0.37,493.60,,,,,,
3301,03/25/2026 14:50:00,25.69,762.0,751.1,0.37,495.28,,,,,,
3302,03/25/2026 15:00:00,25.90,765.0,750.8,0.37,497.26,,,,,,
3303,03/25/2026 15:10:00,26.11,768.0,750.5,0.37,499.19,,,,,,
3304,03/25/2026 15:20:00,26.32,770.8,750.0,0.37,501.01,,,,,,
3305,03/25/2026 15:30:00,26.54,773.7,749.5,0.37,502.89,,,,,,
3306,03/25/2026 15:40:00,26.76,776.5,748.8,0.37,504.71,,,,,,
3307,03/25/2026 15:50:00,26.94,769.8,739.8,0.36,500.40,,,,,,
3308,03/25/2026 16:00:00,27.08,770.8,738.6,0.36,501.05,,,,,,
3309,03/25/2026 16:10:00,27.24,769.3,734.8,0.36,500.06,,,,,,
3310,03/25/2026 16:20:00,27.40,767.3,730.5,0.36,498.73,,,,,,
3311,03/25/2026 16:30:00,27.56,763.3,724.5,0.35,496.17,,,,,,
3312,03/25/2026 16:40:00,27.69,764.6,723.7,0.35,496.99,,,,,,
3313,03/25/2026 16:50:00,27.80,766.5,723.9,0.35,498.20,,,,,,
3314,03/25/2026 17:00:00,27.88,763.7,720.1,0.35,496.41,,,,,,
3315,03/25/2026 17:10:00,27.99,761.8,716.8,0.35,495.20,,,,,,
3316,03/25/2026 17:20:00,28.02,762.0,716.5,0.35,495.28,,,,,,
3317,03/25/2026 17:30:00,28.05,759.2,713.5,0.35,493.48,,,,,,
3318,03/25/2026 17:40:00,28.08,758.9,712.8,0.35,493.31,,,,,,
3319,03/25/2026 17:50:00,28.12,754.1,707.8,0.35,490.18,,,,,,
3320,03/25/2026 18:00:00,28.13,752.6,706.2,0.34,489.19,,,,,,
3321,03/25/2026 18:10:00,28.12,751.5,705.4,0.34,488.50,,,,,,
3322,03/25/2026 18:20:00,28.07,757.2,711.3,0.35,492.16,,,,,,
3323,03/25/2026 18:30:00,28.07,746.2,701.0,0.34,485.05,,,,,,
3324,03/25/2026 18:40:00,28.04,744.7,700.0,0.34,484.03,,,,,,
3325,03/25/2026 18:50:00,28.00,742.5,698.5,0.34,482.64,,,,,,
3326,03/25/2026 19:00:00,27.90,738.3,695.9,0.34,479.89,,,,,,
3327,03/25/2026 19:10:00,27.81,733.3,692.4,0.34,476.63,,,,,,
3328,03/25/2026 19:20:00,27.74,732.5,692.7,0.34,476.13,,,,,,
3329,03/25/2026 19:30:00,27.64,729.1,690.7,0.34,473.88,,,,,,
3330,03/25/2026 19:40:00,27.57,720.8,683.8,0.33,468.49,,,,,,
3331,03/25/2026 19:50:00,27.49,726.5,690.4,0.34,472.23,,,,,,
3332,03/25/2026 20:00:00,27.40,724.7,690.0,0.34,471.06,,,,,,
3333,03/25/2026 20:10:00,27.34,722.8,688.9,0.34,469.83,,,,,,
3334,03/25/2026 20:20:00,27.23,720.5,688.3,0.34,468.36,,,,,,
3335,03/25/2026 20:30:00,27.15,716.8,685.8,0.33,465.94,,,,,,
3336,03/25/2026 20:40:00,27.04,710.9,681.8,0.33,462.10,,,,,,
3337,03/25/2026 20:50:00,26.97,711.6,683.4,0.33,462.54,,,,,,
3338,03/25/2026 21:00:00,26.90,710.3,683.0,0.33,461.71,,,,,,
3339,03/25/2026 21:10:00,26.84,706.4,680.1,0.33,459.14,,,,,,
3340,03/25/2026 21:20:00,26.73,704.0,679.3,0.33,457.57,,,,,,
3341,03/25/2026 21:30:00,26.60,699.5,676.8,0.33,454.69,,,,,,
3342,03/25/2026 21:40:00,26.48,696.9,675.9,0.33,452.96,,,,,,
3343,03/25/2026 21:50:00,26.39,693.6,673.9,0.33,450.81,,,,,,
3344,03/25/2026 22:00:00,26.32,689.9,671.3,0.33,448.45,,,,,,
3345,03/25/2026 22:10:00,26.22,679.5,662.5,0.32,441.68,,,,,,
3346,03/25/2026 22:20:00,26.14,694.0,677.8,0.33,451.10,,,,,,
3347,03/25/2026 22:30:00,26.00,673.2,659.4,0.32,437.59,,,,,,
3348,03/25/2026 22:40:00,25.92,689.9,676.8,0.33,448.44,,,,,,
3349,03/25/2026 22:50:00,25.81,688.9,677.4,0.33,447.77,,,,,,
3350,03/25/2026 23:00:00,25.74,682.5,672.2,0.33,443.65,,,,,,
3351,03/25/2026 23:10:00,25.60,677.6,669.2,0.33,440.44,,,,,,
3352,03/25/2026 23:20:00,25.49,673.8,667.0,0.32,438.00,,,,,,
3353,03/25/2026 23:30:00,25.38,662.5,657.3,0.32,430.62,,,,,,
3354,03/25/2026 23:40:00,25.26,671.4,667.8,0.33,436.38,,,,,,
3355,03/25/2026 23:50:00,25.17,661.6,659.2,0.32,430.02,,,,,,
3356,03/26/2026 00:00:00,25.06,664.2,663.4,0.32,431.73,,,,,,
3357,03/26/2026 00:10:00,24.95,659.5,660.3,0.32,428.69,,,,,,
3358,03/26/2026 00:20:00,24.80,668.6,671.4,0.33,434.60,,,,,,
3359,03/26/2026 00:30:00,24.69,648.1,652.3,0.32,421.29,,,,,,
3360,03/26/2026 00:40:00,24.59,658.0,663.7,0.32,427.70,,,,,,
3361,03/26/2026 00:50:00,24.47,663.0,670.4,0.33,430.93,,,,,,
3362,03/26/2026 01:00:00,24.35,655.5,664.7,0.32,426.09,,,,,,
3363,03/26/2026 01:10:00,24.23,657.8,668.5,0.33,427.55,,,,,,
3364,03/26/2026 01:20:00,24.12,651.6,663.9,0.32,423.54,,,,,,
3365,03/26/2026 01:30:00,24.02,695.4,709.9,0.35,451.99,,,,,,
3366,03/26/2026 01:40:00,23.91,638.9,653.9,0.32,415.30,,,,,,
3367,03/26/2026 01:50:00,23.79,645.4,662.2,0.32,419.51,,,,,,
3368,03/26/2026 02:00:00,23.69,629.8,647.6,0.31,409.39,,,,,,
3369,03/26/2026 02:10:00,23.57,648.6,668.7,0.33,421.60,,,,,,
3370,03/26/2026 02:20:00,23.45,652.5,674.5,0.33,424.14,,,,,,
3371,03/26/2026 02:30:00,23.31,651.4,675.3,0.33,423.40,,,,,,
3372,03/26/2026 02:40:00,23.19,651.4,677.1,0.33,423.39,,,,,,
3373,03/26/2026 02:50:00,23.05,648.4,676.1,0.33,421.46,,,,,,
3374,03/26/2026 03:00:00,22.93,648.0,677.5,0.33,421.19,,,,,,
3375,03/26/2026 03:10:00,22.78,653.3,685.2,0.33,424.64,,,,,,
3376,03/26/2026 03:20:00,22.67,642.8,675.9,0.33,417.81,,,,,,
3377,03/26/2026 03:30:00,22.57,641.9,676.5,0.33,417.24,,,,,,
3378,03/26/2026 03:40:00,22.43,642.0,678.6,0.33,417.31,,,,,,
3379,03/26/2026 03:50:00,22.34,645.7,683.8,0.33,419.68,,,,,,
3380,03/26/2026 04:00:00,22.24,643.0,682.6,0.33,417.97,,,,,,
3381,03/26/2026 04:10:00,22.15,638.3,678.9,0.33,414.89,,,,,,
3382,03/26/2026 04:20:00,22.03,666.9,711.4,0.35,433.51,,,,,,
3383,03/26/2026 04:30:00,21.91,671.8,718.5,0.35,436.68,,,,,,
3384,03/26/2026 04:40:00,21.81,637.0,682.7,0.33,414.02,,,,,,
3385,03/26/2026 04:50:00,21.65,629.4,677.0,0.33,409.09,,,,,,
3386,03/26/2026 05:00:00,21.54,628.3,677.5,0.33,408.40,,,,,,
3387,03/26/2026 05:10:00,21.44,640.9,692.7,0.34,416.57,,,,,,
3388,03/26/2026 05:20:00,21.32,661.6,716.9,0.35,430.02,,,,,,
3389,03/26/2026 05:30:00,21.20,632.1,686.9,0.33,410.88,,,,,,
3390,03/26/2026 05:40:00,21.14,654.9,712.7,0.35,425.71,,,,,,
3391,03/26/2026 05:50:00,21.03,716.7,781.8,0.38,465.82,,,,,,
3392,03/26/2026 06:00:00,20.94,650.3,711.0,0.35,422.69,,,,,,
3393,03/26/2026 06:10:00,20.83,616.3,675.5,0.33,400.61,,,,,,
3394,03/26/2026 06:20:00,20.75,670.8,736.5,0.36,436.04,,,,,,
3395,03/26/2026 06:30:00,20.65,663.7,730.5,0.35,431.43,,,,,,
3396,03/26/2026 06:40:00,20.58,673.5,742.3,0.36,437.77,,,,,,
3397,03/26/2026 06:50:00,20.48,674.2,744.9,0.36,438.26,,,,,,
3398,03/26/2026 07:00:00,20.42,670.2,741.5,0.36,435.64,,,,,,
3399,03/26/2026 07:10:00,20.35,681.8,755.6,0.37,443.17,,,,,,
3400,03/26/2026 07:20:00,20.26,684.4,760.0,0.37,444.85,,,,,,
3401,03/26/2026 07:30:00,20.16,683.0,760.2,0.37,443.93,,,,,,
3402,03/26/2026 07:40:00,20.11,687.2,765.9,0.37,446.70,,,,,,
3403,03/26/2026 07:50:00,20.02,687.1,767.2,0.37,446.60,,,,,,
3404,03/26/2026 08:00:00,20.00,685.4,765.8,0.37,445.49,,,,,,
3405,03/26/2026 08:10:00,19.97,689.7,771.2,0.37,448.29,,,,,,
3406,03/26/2026 08:20:00,19.95,697.2,779.9,0.38,453.19,,,,,,
3407,03/26/2026 08:30:00,19.91,700.4,784.3,0.38,455.23,,,,,,
3408,03/26/2026 08:40:00,19.89,697.2,781.0,0.38,453.17,,,,,,
3409,03/26/2026 08:50:00,19.87,695.2,779.1,0.38,451.86,,,,,,
3410,03/26/2026 09:00:00,19.84,702.4,787.8,0.38,456.57,,,,,,
3411,03/26/2026 09:10:00,19.81,696.4,781.6,0.38,452.65,,,,,,
3412,03/26/2026 09:20:00,19.82,704.7,790.7,0.38,458.02,,,,,,
3413,03/26/2026 09:30:00,19.82,706.5,792.8,0.39,459.23,,,,,,
3414,03/26/2026 09:40:00,19.84,691.7,775.8,0.38,449.62,,,,,,
3415,03/26/2026 09:50:00,19.88,697.4,781.5,0.38,453.32,,,,,,
3416,03/26/2026 10:00:00,19.91,693.4,776.3,0.38,450.71,,,,,,
3417,03/26/2026 10:10:00,19.97,705.2,788.5,0.38,458.41,,,,,,
3418,03/26/2026 10:20:00,20.02,704.0,786.3,0.38,457.57,,,,,,
3419,03/26/2026 10:30:00,20.16,705.4,785.2,0.38,458.52,,,,,,
3420,03/26/2026 10:40:00,20.31,704.9,781.8,0.38,458.16,,,,,,
3421,03/26/2026 10:50:00,20.42,710.4,786.0,0.38,461.77,,,,,,
3422,03/26/2026 11:00:00,20.56,714.5,788.1,0.38,464.45,,,,,,
3423,03/26/2026 11:10:00,20.74,718.7,789.2,0.38,467.14,,,,,,
3424,03/26/2026 11:20:00,20.90,722.9,791.1,0.39,469.90,,,,,,
3425,03/26/2026 11:30:00,21.06,726.3,791.7,0.39,472.08,,,,,,
3426,03/26/2026 11:40:00,21.26,727.9,789.8,0.38,473.11,,,,,,
3427,03/26/2026 11:50:00,21.43,734.1,793.6,0.39,477.20,,,,,,
3428,03/26/2026 12:00:00,21.60,738.5,795.2,0.39,480.02,,,,,,
3429,03/26/2026 12:10:00,21.81,740.3,793.5,0.39,481.18,,,,,,
3430,03/26/2026 12:20:00,22.03,728.8,777.2,0.38,473.69,,,,,,
3431,03/26/2026 12:30:00,22.26,738.6,783.8,0.38,480.12,,,,,,
3432,03/26/2026 12:40:00,22.47,740.4,781.9,0.38,481.26,,,,,,
3433,03/26/2026 12:50:00,22.74,742.4,779.4,0.38,482.54,,,,,,
3434,03/26/2026 13:00:00,23.09,746.5,777.8,0.38,485.23,,,,,,
3435,03/26/2026 13:10:00,23.39,746.6,772.7,0.38,485.27,,,,,,
3436,03/26/2026 13:20:00,23.77,760.9,781.0,0.38,494.56,,,,,,
3437,03/26/2026 13:30:00,24.16,780.3,794.4,0.39,507.23,,,,,,
3438,03/26/2026 13:40:00,24.32,778.8,790.1,0.39,506.20,,,,,,
3439,03/26/2026 13:50:00,24.58,778.8,785.8,0.38,506.23,,,,,,
3440,03/26/2026 14:00:00,24.86,782.0,784.3,0.38,508.30,,,,,,
3441,03/26/2026 14:10:00,25.27,779.7,775.3,0.38,506.78,,,,,,
3442,03/26/2026 14:20:00,25.61,787.6,777.6,0.38,511.92,,,,,,
3443,03/26/2026 14:30:00,25.60,789.6,779.7,0.38,513.22,,,,,,
3444,03/26/2026 14:40:00,25.89,800.9,786.2,0.38,520.56,,,,,,
3445,03/26/2026 14:50:00,25.95,796.5,780.9,0.38,517.72,,,,,,
3446,03/26/2026 15:00:00,26.13,798.5,780.0,0.38,519.01,,,,,,
3447,03/26/2026 15:10:00,26.28,783.0,762.5,0.37,508.98,,,,,,
3448,03/26/2026 15:20:00,26.49,783.6,759.8,0.37,509.36,,,,,,
3449,03/26/2026 15:30:00,26.64,786.9,760.8,0.37,511.51,,,,,,
3450,03/26/2026 15:40:00,26.83,791.2,761.9,0.37,514.26,,,,,,
3451,03/26/2026 15:50:00,27.06,803.2,769.8,0.38,522.06,,,,,,
3452,03/26/2026 16:00:00,27.40,793.8,755.8,0.37,515.98,,,,,,
3453,03/26/2026 16:10:00,27.52,796.6,756.6,0.37,517.82,,,,,,
3454,03/26/2026 16:20:00,27.67,800.2,757.8,0.37,520.12,,,,,,
3455,03/26/2026 16:30:00,27.76,800.8,756.9,0.37,520.50,,,,,,
3456,03/26/2026 16:40:00,27.90,811.8,765.2,0.37,527.70,,,,,,
3457,03/26/2026 16:50:00,27.99,814.4,766.3,0.38,529.35,,,,,,
3458,03/26/2026 17:00:00,28.05,813.2,764.3,0.37,528.56,,,,,,
3459,03/26/2026 17:10:00,28.12,810.7,760.9,0.37,526.98,,,,,,
3460,03/26/2026 17:20:00,28.21,806.6,755.7,0.37,524.30,,,,,,
3461,03/26/2026 17:30:00,28.26,808.0,756.2,0.37,525.17,,,,,,
3462,03/26/2026 17:40:00,28.28,805.5,753.6,0.37,523.59,,,,,,
3463,03/26/2026 17:50:00,28.28,804.2,752.4,0.37,522.75,,,,,,
3464,03/26/2026 18:00:00,28.29,795.5,744.1,0.36,517.09,,,,,,
3465,03/26/2026 18:10:00,28.35,798.1,745.6,0.36,518.74,,,,,,
3466,03/26/2026 18:20:00,28.33,793.2,741.4,0.36,515.59,,,,,,
3467,03/26/2026 18:30:00,28.27,792.1,741.3,0.36,514.87,,,,,,
3468,03/26/2026 18:40:00,28.25,793.0,742.3,0.36,515.45,,,,,,
3469,03/26/2026 18:50:00,28.17,789.8,740.5,0.36,513.34,,,,,,
3470,03/26/2026 19:00:00,28.11,787.5,739.3,0.36,511.89,,,,,,
3471,03/26/2026 19:10:00,28.04,786.5,739.3,0.36,511.23,,,,,,
3472,03/26/2026 19:20:00,27.96,785.7,739.7,0.36,510.67,,,,,,
3473,03/26/2026 19:30:00,27.90,782.5,737.6,0.36,508.64,,,,,,
3474,03/26/2026 19:40:00,27.82,780.4,736.8,0.36,507.26,,,,,,
3475,03/26/2026 19:50:00,27.71,775.4,733.6,0.36,503.99,,,,,,
3476,03/26/2026 20:00:00,27.62,782.8,741.9,0.36,508.80,,,,,,
3477,03/26/2026 20:10:00,27.51,767.6,729.2,0.36,498.95,,,,,,
3478,03/26/2026 20:20:00,27.43,764.1,727.0,0.36,496.67,,,,,,
3479,03/26/2026 20:30:00,27.31,756.5,721.6,0.35,491.73,,,,,,
3480,03/26/2026 20:40:00,27.20,752.0,718.8,0.35,488.78,,,,,,
3481,03/26/2026 20:50:00,27.08,746.7,715.5,0.35,485.35,,,,,,
3482,03/26/2026 21:00:00,26.98,742.3,712.7,0.35,482.48,,,,,,
3483,03/26/2026 21:10:00,26.84,738.0,710.6,0.35,479.72,,,,,,
3484,03/26/2026 21:20:00,26.74,734.6,708.7,0.35,477.49,,,,,,
3485,03/26/2026 21:30:00,26.63,735.0,710.7,0.35,477.72,,,,,,
3486,03/26/2026 21:40:00,26.52,731.3,708.7,0.35,475.35,,,,,,
3487,03/26/2026 21:50:00,26.44,727.6,706.3,0.34,472.91,,,,,,
3488,03/26/2026 22:00:00,26.34,723.6,703.8,0.34,470.32,,,,,,
3489,03/26/2026 22:10:00,26.19,719.6,702.0,0.34,467.75,,,,,,
3490,03/26/2026 22:20:00,26.03,715.6,700.4,0.34,465.15,,,,,,
3491,03/26/2026 22:30:00,25.94,712.9,699.0,0.34,463.37,,,,,,
3492,03/26/2026 22:40:00,25.85,709.1,696.7,0.34,460.94,,,,,,
3493,03/26/2026 22:50:00,25.73,705.0,694.4,0.34,458.27,,,,,,
3494,03/26/2026 23:00:00,25.61,700.8,691.8,0.34,455.49,,,,,,
3495,03/26/2026 23:10:00,25.50,697.2,689.9,0.34,453.16,,,,,,
3496,03/26/2026 23:20:00,25.39,694.8,689.2,0.34,451.62,,,,,,
3497,03/26/2026 23:30:00,25.25,689.9,686.3,0.33,448.41,,,,,,
3498,03/26/2026 23:40:00,25.13,686.6,684.7,0.33,446.31,,,,,,
3499,03/26/2026 23:50:00,24.97,682.9,683.3,0.33,443.87,,,,,,
3500,03/27/2026 00:00:00,24.84,679.8,682.0,0.33,441.87,,,,,,
3501,03/27/2026 00:10:00,24.72,676.6,680.6,0.33,439.79,,,,,,
3502,03/27/2026 00:20:00,24.62,675.0,680.5,0.33,438.74,,,,,,
3503,03/27/2026 00:30:00,24.48,672.0,679.4,0.33,436.82,,,,,,
3504,03/27/2026 00:40:00,24.35,668.8,678.1,0.33,434.74,,,,,,
3505,03/27/2026 00:50:00,24.23,666.4,677.4,0.33,433.18,,,,,,
3506,03/27/2026 01:00:00,24.08,663.9,676.9,0.33,431.52,,,,,,
3507,03/27/2026 01:10:00,23.95,661.2,676.1,0.33,429.75,,,,,,
3508,03/27/2026 01:20:00,23.83,660.2,676.9,0.33,429.13,,,,,,
3509,03/27/2026 01:30:00,23.71,659.0,677.3,0.33,428.34,,,,,,
3510,03/27/2026 01:40:00,23.59,658.0,678.2,0.33,427.72,,,,,,
3511,03/27/2026 01:50:00,23.46,657.2,679.2,0.33,427.20,,,,,,
3512,03/27/2026 02:00:00,23.35,656.8,680.4,0.33,426.94,,,,,,
3513,03/27/2026 02:10:00,23.24,655.9,681.1,0.33,426.31,,,,,,
3514,03/27/2026 02:20:00,23.12,655.1,682.0,0.33,425.85,,,,,,
3515,03/27/2026 02:30:00,23.02,654.5,682.8,0.33,425.40,,,,,,
3516,03/27/2026 02:40:00,22.89,655.1,685.5,0.33,425.84,,,,,,
3517,03/27/2026 02:50:00,22.76,653.5,685.8,0.33,424.78,,,,,,
3518,03/27/2026 03:00:00,22.66,652.4,686.2,0.33,424.05,,,,,,
3519,03/27/2026 03:10:00,22.50,655.0,691.2,0.34,425.72,,,,,,
3520,03/27/2026 03:20:00,22.37,654.0,692.2,0.34,425.11,,,,,,
3521,03/27/2026 03:30:00,22.29,653.5,692.9,0.34,424.75,,,,,,
3522,03/27/2026 03:40:00,22.17,658.3,699.9,0.34,427.88,,,,,,
3523,03/27/2026 03:50:00,22.05,654.6,697.9,0.34,425.47,,,,,,
3524,03/27/2026 04:00:00,21.97,652.8,697.2,0.34,424.31,,,,,,
3525,03/27/2026 04:10:00,21.85,653.0,699.2,0.34,424.43,,,,,,
3526,03/27/2026 04:20:00,21.77,655.9,703.8,0.34,426.37,,,,,,
3527,03/27/2026 04:30:00,21.65,655.9,705.6,0.34,426.31,,,,,,
3528,03/27/2026 04:40:00,21.56,657.1,708.2,0.34,427.09,,,,,,
3529,03/27/2026 04:50:00,21.46,656.8,709.5,0.34,426.93,,,,,,
3530,03/27/2026 05:00:00,21.38,661.6,716.0,0.35,430.07,,,,,,
3531,03/27/2026 05:10:00,21.33,655.1,709.9,0.34,425.83,,,,,,
3532,03/27/2026 05:20:00,21.23,656.8,713.3,0.35,426.93,,,,,,
3533,03/27/2026 05:30:00,21.15,656.5,714.2,0.35,426.70,,,,,,
3534,03/27/2026 05:40:00,21.05,653.5,712.7,0.35,424.80,,,,,,
3535,03/27/2026 05:50:00,20.92,655.6,717.0,0.35,426.16,,,,,,
3536,03/27/2026 06:00:00,20.83,657.8,720.9,0.35,427.59,,,,,,
3537,03/27/2026 06:10:00,20.75,656.1,720.4,0.35,426.44,,,,,,
3538,03/27/2026 06:20:00,20.65,660.7,727.0,0.35,429.42,,,,,,
3539,03/27/2026 06:30:00,20.58,658.3,725.7,0.35,427.91,,,,,,
3540,03/27/2026 06:40:00,20.49,660.3,729.4,0.35,429.17,,,,,,
3541,03/27/2026 06:50:00,20.42,663.2,733.7,0.36,431.05,,,,,,
3542,03/27/2026 07:00:00,20.33,664.0,736.2,0.36,431.58,,,,,,
3543,03/27/2026 07:10:00,20.26,657.2,729.9,0.35,427.19,,,,,,
3544,03/27/2026 07:20:00,20.18,660.9,735.3,0.36,429.61,,,,,,
3545,03/27/2026 07:30:00,20.11,662.6,738.5,0.36,430.72,,,,,,
3546,03/27/2026 07:40:00,20.05,663.1,740.0,0.36,431.01,,,,,,
3547,03/27/2026 07:50:00,19.99,663.5,741.6,0.36,431.27,,,,,,
3548,03/27/2026 08:00:00,19.92,662.5,741.6,0.36,430.62,,,,,,
3549,03/27/2026 08:10:00,19.88,662.1,741.8,0.36,430.34,,,,,,
3550,03/27/2026 08:20:00,19.84,668.0,749.1,0.36,434.21,,,,,,
3551,03/27/2026 08:30:00,19.83,672.5,754.4,0.37,437.12,,,,,,
3552,03/27/2026 08:40:00,19.79,673.1,755.8,0.37,437.53,,,,,,
3553,03/27/2026 08:50:00,19.81,678.6,761.6,0.37,441.09,,,,,,
3554,03/27/2026 09:00:00,19.81,679.6,762.7,0.37,441.74,,,,,,
3555,03/27/2026 09:10:00,19.81,674.6,757.1,0.37,438.49,,,,,,
3556,03/27/2026 09:20:00,19.80,666.8,748.4,0.36,433.40,,,,,,
3557,03/27/2026 09:30:00,19.79,676.6,759.7,0.37,439.80,,,,,,
3558,03/27/2026 09:40:00,19.78,684.9,769.2,0.37,445.20,,,,,,
3559,03/27/2026 09:50:00,19.77,683.7,768.1,0.37,444.38,,,,,,
3560,03/27/2026 10:00:00,19.77,689.0,774.1,0.38,447.88,,,,,,
3561,03/27/2026 10:10:00,19.79,685.0,769.1,0.37,445.23,,,,,,
3562,03/27/2026 10:20:00,19.77,680.4,764.3,0.37,442.26,,,,,,
3563,03/27/2026 10:30:00,19.78,684.3,768.6,0.37,444.81,,,,,,
3564,03/27/2026 10:40:00,19.80,690.6,775.3,0.38,448.87,,,,,,
3565,03/27/2026 10:50:00,19.83,692.4,776.8,0.38,450.06,,,,,,
3566,03/27/2026 11:00:00,19.85,686.9,770.2,0.37,446.51,,,,,,
3567,03/27/2026 11:10:00,19.87,688.6,771.7,0.38,447.56,,,,,,
3568,03/27/2026 11:20:00,19.88,692.7,776.3,0.38,450.27,,,,,,
3569,03/27/2026 11:30:00,19.89,700.3,784.5,0.38,455.18,,,,,,
3570,03/27/2026 11:40:00,19.88,691.7,775.1,0.38,449.60,,,,,,
3571,03/27/2026 11:50:00,19.86,701.4,786.2,0.38,455.89,,,,,,
3572,03/27/2026 12:00:00,19.83,695.6,780.4,0.38,452.15,,,,,,
3573,03/27/2026 12:10:00,19.78,692.2,777.4,0.38,449.93,,,,,,
3574,03/27/2026 12:20:00,19.77,695.3,781.0,0.38,451.92,,,,,,
3575,03/27/2026 12:30:00,19.70,692.9,779.7,0.38,450.37,,,,,,
3576,03/27/2026 12:40:00,19.64,686.6,773.7,0.38,446.31,,,,,,
3577,03/27/2026 12:50:00,19.69,695.3,782.6,0.38,451.93,,,,,,
3578,03/27/2026 13:00:00,19.70,693.9,780.8,0.38,451.04,,,,,,
3579,03/27/2026 13:10:00,19.74,695.4,781.7,0.38,451.99,,,,,,
3580,03/27/2026 13:20:00,19.74,692.3,778.3,0.38,450.01,,,,,,
3581,03/27/2026 13:30:00,19.76,695.6,781.7,0.38,452.16,,,,,,
3582,03/27/2026 13:40:00,19.71,695.4,782.3,0.38,451.99,,,,,,
3583,03/27/2026 13:50:00,19.68,693.9,781.2,0.38,451.05,,,,,,
3584,03/27/2026 14:00:00,19.70,694.7,781.7,0.38,451.57,,,,,,
3585,03/27/2026 14:10:00,19.69,694.7,781.9,0.38,451.56,,,,,,
3586,03/27/2026 14:20:00,19.67,694.4,781.9,0.38,451.37,,,,,,
3587,03/27/2026 14:30:00,19.66,691.7,779.0,0.38,449.60,,,,,,
3588,03/27/2026 14:40:00,19.66,690.6,777.9,0.38,448.90,,,,,,
3589,03/27/2026 14:50:00,19.63,691.2,779.0,0.38,449.31,,,,,,
3590,03/27/2026 15:00:00,19.58,690.3,779.1,0.38,448.71,,,,,,
3591,03/27/2026 15:10:00,19.55,690.5,779.8,0.38,448.83,,,,,,
3592,03/27/2026 15:20:00,19.52,688.8,778.4,0.38,447.73,,,,,,
3593,03/27/2026 15:30:00,19.48,687.9,778.0,0.38,447.11,,,,,,
3594,03/27/2026 15:40:00,19.38,685.1,776.7,0.38,445.31,,,,,,
3595,03/27/2026 15:50:00,19.31,681.3,773.8,0.38,442.84,,,,,,
3596,03/27/2026 16:00:00,19.23,675.2,768.2,0.37,438.85,,,,,,
3597,03/27/2026 16:10:00,19.23,671.6,764.2,0.37,436.51,,,,,,
3598,03/27/2026 16:20:00,19.16,662.5,755.0,0.37,430.60,,,,,,
3599,03/27/2026 16:30:00,19.11,651.4,743.5,0.36,423.43,,,,,,
3600,03/27/2026 16:40:00,19.03,637.3,728.6,0.35,414.26,,,,,,
3601,03/27/2026 16:50:00,18.96,635.8,728.2,0.35,413.26,,,,,,
3602,03/27/2026 17:00:00,18.87,628.1,720.9,0.35,408.29,,,,,,
3603,03/27/2026 17:10:00,18.81,618.3,710.7,0.34,401.88,,,,,,
3604,03/27/2026 17:20:00,18.75,623.5,717.7,0.35,405.30,,,,,,
3605,03/27/2026 17:30:00,18.70,623.0,718.0,0.35,404.97,,,,,,
3606,03/27/2026 17:40:00,18.64,614.6,709.3,0.34,399.50,,,,,,
3607,03/27/2026 17:50:00,18.58,618.3,714.7,0.35,401.91,,,,,,
3608,03/27/2026 18:00:00,18.48,614.7,712.2,0.34,399.57,,,,,,
3609,03/27/2026 18:10:00,18.36,611.7,710.8,0.34,397.62,,,,,,
3610,03/27/2026 18:20:00,18.23,609.1,710.1,0.34,395.90,,,,,,
3611,03/27/2026 18:30:00,18.10,606.6,709.3,0.34,394.27,,,,,,
3612,03/27/2026 18:40:00,17.98,603.8,708.3,0.34,392.49,,,,,,
3613,03/27/2026 18:50:00,17.85,601.7,708.0,0.34,391.12,,,,,,
3614,03/27/2026 19:00:00,17.73,597.9,705.6,0.34,388.62,,,,,,
3615,03/27/2026 19:10:00,17.62,594.9,704.0,0.34,386.68,,,,,,
3616,03/27/2026 19:20:00,17.51,592.0,702.5,0.34,384.78,,,,,,
3617,03/27/2026 19:30:00,17.38,586.9,698.7,0.34,381.49,,,,,,
3618,03/27/2026 19:40:00,17.30,582.0,694.1,0.33,378.27,,,,,,
3619,03/27/2026 19:50:00,17.20,578.5,691.8,0.33,376.01,,,,,,
3620,03/27/2026 20:00:00,17.11,575.3,689.6,0.33,373.96,,,,,,
3621,03/27/2026 20:10:00,17.00,570.1,685.1,0.33,370.54,,,,,,
3622,03/27/2026 20:20:00,16.87,564.1,680.2,0.33,366.64,,,,,,
3623,03/27/2026 20:30:00,16.80,558.3,674.4,0.32,362.89,,,,,,
3624,03/27/2026 20:40:00,16.65,551.1,668.3,0.32,358.25,,,,,,
3625,03/27/2026 20:50:00,16.53,548.5,667.1,0.32,356.53,,,,,,
3626,03/27/2026 21:00:00,16.45,545.5,664.8,0.32,354.56,,,,,,
3627,03/27/2026 21:10:00,16.36,539.8,659.4,0.32,350.89,,,,,,
3628,03/27/2026 21:20:00,16.27,535.1,655.3,0.31,347.84,,,,,,
3629,03/27/2026 21:30:00,16.19,530.4,650.7,0.31,344.74,,,,,,
3630,03/27/2026 21:40:00,16.10,521.8,641.7,0.31,339.16,,,,,,
3631,03/27/2026 21:50:00,15.98,519.7,641.2,0.31,337.80,,,,,,
3632,03/27/2026 22:00:00,15.87,507.8,628.2,0.30,330.05,,,,,,
3633,03/27/2026 22:10:00,15.80,511.0,633.4,0.30,332.15,,,,,,
3634,03/27/2026 22:20:00,15.70,511.4,635.6,0.30,332.42,,,,,,
3635,03/27/2026 22:30:00,15.59,506.7,631.5,0.30,329.33,,,,,,
3636,03/27/2026 22:40:00,15.53,507.2,633.0,0.30,329.65,,,,,,
3637,03/27/2026 22:50:00,15.46,504.2,630.6,0.30,327.73,,,,,,
3638,03/27/2026 23:00:00,15.39,501.1,627.9,0.30,325.72,,,,,,
3639,03/27/2026 23:10:00,15.34,500.4,627.8,0.30,325.28,,,,,,
3640,03/27/2026 23:20:00,15.28,498.7,626.6,0.30,324.14,,,,,,
3641,03/27/2026 23:30:00,15.19,496.7,625.5,0.30,322.83,,,,,,
3642,03/27/2026 23:40:00,15.12,493.2,622.3,0.30,320.56,,,,,,
3643,03/27/2026 23:50:00,15.04,492.5,622.7,0.30,320.12,,,,,,
3644,03/28/2026 00:00:00,14.99,488.8,618.9,0.30,317.74,,,,,,
3645,03/28/2026 00:10:00,14.93,493.3,625.6,0.30,320.66,,,,,,
3646,03/28/2026 00:20:00,14.85,489.0,621.5,0.30,317.83,,,,,,
3647,03/28/2026 00:30:00,14.80,483.3,615.0,0.29,314.17,,,,,,
3648,03/28/2026 00:40:00,14.75,486.3,619.7,0.30,316.13,,,,,,
3649,03/28/2026 00:50:00,14.70,485.1,619.0,0.30,315.33,,,,,,
3650,03/28/2026 01:00:00,14.64,483.7,618.2,0.29,314.40,,,,,,
3651,03/28/2026 01:10:00,14.57,485.9,622.3,0.30,315.85,,,,,,
3652,03/28/2026 01:20:00,14.51,482.7,619.2,0.30,313.77,,,,,,
3653,03/28/2026 01:30:00,14.42,482.0,619.6,0.30,313.29,,,,,,
3654,03/28/2026 01:40:00,14.37,478.5,616.0,0.29,311.03,,,,,,
3655,03/28/2026 01:50:00,14.32,481.4,620.6,0.30,312.90,,,,,,
3656,03/28/2026 02:00:00,14.24,483.9,625.0,0.30,314.50,,,,,,
3657,03/28/2026 02:10:00,14.19,481.2,622.5,0.30,312.80,,,,,,
3658,03/28/2026 02:20:00,14.17,479.6,620.9,0.30,311.76,,,,,,
3659,03/28/2026 02:30:00,14.13,480.6,622.7,0.30,312.38,,,,,,
3660,03/28/2026 02:40:00,14.08,482.3,625.7,0.30,313.48,,,,,,
3661,03/28/2026 02:50:00,14.03,482.4,626.8,0.30,313.56,,,,,,
3662,03/28/2026 03:00:00,13.98,481.7,626.8,0.30,313.12,,,,,,
3663,03/28/2026 03:10:00,13.94,479.9,625.1,0.30,311.92,,,,,,
3664,03/28/2026 03:20:00,13.88,479.3,625.4,0.30,311.57,,,,,,
3665,03/28/2026 03:30:00,13.84,472.7,617.3,0.29,307.24,,,,,,
3666,03/28/2026 03:40:00,13.80,472.5,617.8,0.29,307.10,,,,,,
3667,03/28/2026 03:50:00,13.76,473.5,619.7,0.29,307.78,,,,,,
3668,03/28/2026 04:00:00,13.72,479.6,628.4,0.30,311.74,,,,,,
3669,03/28/2026 04:10:00,13.65,475.0,623.6,0.30,308.75,,,,,,
3670,03/28/2026 04:20:00,13.64,471.0,618.6,0.29,306.17,,,,,,
3671,03/28/2026 04:30:00,13.56,470.7,619.6,0.29,305.93,,,,,,
3672,03/28/2026 04:40:00,13.52,470.7,620.2,0.29,305.96,,,,,,
3673,03/28/2026 04:50:00,13.49,470.3,620.2,0.29,305.67,,,,,,
3674,03/28/2026 05:00:00,13.46,468.3,618.1,0.29,304.39,,,,,,
3675,03/28/2026 05:10:00,13.44,470.0,620.7,0.29,305.48,,,,,,
3676,03/28/2026 05:20:00,13.42,469.7,620.6,0.29,305.31,,,,,,
3677,03/28/2026 05:30:00,13.37,467.6,618.7,0.29,303.94,,,,,,
3678,03/28/2026 05:40:00,13.31,468.0,620.2,0.29,304.18,,,,,,
3679,03/28/2026 05:50:00,13.29,468.1,620.6,0.29,304.25,,,,,,
3680,03/28/2026 06:00:00,13.26,468.2,621.3,0.29,304.31,,,,,,
3681,03/28/2026 06:10:00,13.23,467.7,621.3,0.29,303.99,,,,,,
3682,03/28/2026 06:20:00,13.17,467.7,622.2,0.30,303.98,,,,,,
3683,03/28/2026 06:30:00,13.14,468.2,623.4,0.30,304.32,,,,,,
3684,03/28/2026 06:40:00,13.12,469.3,625.4,0.30,305.07,,,,,,
3685,03/28/2026 06:50:00,13.08,469.8,626.7,0.30,305.37,,,,,,
3686,03/28/2026 07:00:00,13.04,470.9,628.8,0.30,306.06,,,,,,
3687,03/28/2026 07:10:00,13.02,471.9,630.4,0.30,306.71,,,,,,
3688,03/28/2026 07:20:00,12.96,473.8,634.0,0.30,307.94,,,,,,
3689,03/28/2026 07:30:00,12.91,475.2,636.9,0.30,308.86,,,,,,
3690,03/28/2026 07:40:00,12.88,477.0,639.9,0.30,310.07,,,,,,
3691,03/28/2026 07:50:00,12.87,479.0,642.7,0.30,311.35,,,,,,
3692,03/28/2026 08:00:00,12.83,482.4,648.0,0.31,313.58,,,,,,
3693,03/28/2026 08:10:00,12.78,484.2,651.2,0.31,314.70,,,,,,
3694,03/28/2026 08:20:00,12.76,486.7,655.0,0.31,316.33,,,,,,
3695,03/28/2026 08:30:00,12.76,489.2,658.5,0.31,317.98,,,,,,
3696,03/28/2026 08:40:00,12.75,491.8,662.2,0.31,319.67,,,,,,
3697,03/28/2026 08:50:00,12.77,495.2,666.4,0.32,321.87,,,,,,
3698,03/28/2026 09:00:00,12.77,497.2,668.9,0.32,323.16,,,,,,
3699,03/28/2026 09:10:00,12.76,500.7,673.9,0.32,325.46,,,,,,
3700,03/28/2026 09:20:00,12.78,503.0,676.7,0.32,326.96,,,,,,
3701,03/28/2026 09:30:00,12.79,506.6,681.2,0.32,329.28,,,,,,
3702,03/28/2026 09:40:00,12.79,509.1,684.6,0.33,330.93,,,,,,
3703,03/28/2026 09:50:00,12.80,512.0,688.3,0.33,332.81,,,,,,
3704,03/28/2026 10:00:00,12.82,514.7,691.7,0.33,334.56,,,,,,
3705,03/28/2026 10:10:00,12.85,517.8,695.2,0.33,336.58,,,,,,
3706,03/28/2026 10:20:00,12.88,520.5,698.2,0.33,338.30,,,,,,
3707,03/28/2026 10:30:00,12.91,522.9,700.8,0.33,339.86,,,,,,
3708,03/28/2026 10:40:00,12.94,526.1,704.5,0.34,341.97,,,,,,
3709,03/28/2026 10:50:00,12.99,529.3,707.9,0.34,344.04,,,,,,
3710,03/28/2026 11:00:00,13.03,532.3,711.1,0.34,346.00,,,,,,
3711,03/28/2026 11:10:00,13.08,534.0,712.2,0.34,347.10,,,,,,
3712,03/28/2026 11:20:00,13.14,536.8,714.9,0.34,348.94,,,,,,
3713,03/28/2026 11:30:00,13.21,538.2,715.3,0.34,349.83,,,,,,
3714,03/28/2026 11:40:00,13.26,541.3,718.4,0.34,351.82,,,,,,
3715,03/28/2026 11:50:00,13.33,543.1,719.4,0.34,353.00,,,,,,
3716,03/28/2026 12:00:00,13.42,545.7,721.1,0.34,354.69,,,,,,
3717,03/28/2026 12:10:00,13.50,548.2,722.7,0.34,356.32,,,,,,
3718,03/28/2026 12:20:00,13.60,550.0,723.1,0.35,357.53,,,,,,
3719,03/28/2026 12:30:00,13.72,552.7,724.3,0.35,359.28,,,,,,
3720,03/28/2026 12:40:00,13.82,554.9,725.2,0.35,360.69,,,,,,
3721,03/28/2026 12:50:00,13.93,557.9,727.0,0.35,362.67,,,,,,
3722,03/28/2026 13:00:00,14.05,559.8,727.1,0.35,363.88,,,,,,
3723,03/28/2026 13:10:00,14.19,562.5,727.8,0.35,365.63,,,,,,
3724,03/28/2026 13:20:00,14.28,565.3,729.6,0.35,367.46,,,,,,
3725,03/28/2026 13:30:00,14.44,571.5,734.3,0.35,371.44,,,,,,
3726,03/28/2026 13:40:00,14.57,570.1,730.0,0.35,370.58,,,,,,
3727,03/28/2026 13:50:00,14.71,575.9,734.6,0.35,374.36,,,,,,
3728,03/28/2026 14:00:00,14.93,578.4,733.5,0.35,375.95,,,,,,
3729,03/28/2026 14:10:00,15.13,579.5,731.1,0.35,376.68,,,,,,
3730,03/28/2026 14:20:00,15.26,581.7,731.2,0.35,378.12,,,,,,
3731,03/28/2026 14:30:00,15.37,585.9,734.5,0.35,380.86,,,,,,
3732,03/28/2026 14:40:00,15.45,590.7,738.9,0.36,383.97,,,,,,
3733,03/28/2026 14:50:00,15.53,591.7,738.4,0.36,384.58,,,,,,
3734,03/28/2026 15:00:00,15.61,590.8,736.0,0.35,384.05,,,,,,
3735,03/28/2026 15:10:00,15.70,597.1,742.0,0.36,388.11,,,,,,
3736,03/28/2026 15:20:00,15.82,597.3,740.0,0.36,388.26,,,,,,
3737,03/28/2026 15:30:00,15.91,597.6,738.6,0.36,388.47,,,,,,
3738,03/28/2026 15:40:00,16.02,598.1,737.1,0.35,388.78,,,,,,
3739,03/28/2026 15:50:00,16.17,601.0,737.8,0.36,390.65,,,,,,
3740,03/28/2026 16:00:00,16.30,603.6,738.6,0.36,392.36,,,,,,
3741,03/28/2026 16:10:00,16.39,609.2,743.8,0.36,396.01,,,,,,
3742,03/28/2026 16:20:00,16.49,607.6,739.8,0.36,394.94,,,,,,
3743,03/28/2026 16:30:00,16.65,612.7,743.0,0.36,398.23,,,,,,
3744,03/28/2026 16:40:00,16.76,616.9,746.1,0.36,401.00,,,,,,
3745,03/28/2026 16:50:00,16.84,619.6,747.7,0.36,402.76,,,,,,
3746,03/28/2026 17:00:00,16.97,621.5,747.6,0.36,404.00,,,,,,
3747,03/28/2026 17:10:00,17.03,621.1,745.9,0.36,403.74,,,,,,
3748,03/28/2026 17:20:00,17.09,617.8,740.9,0.36,401.59,,,,,,
3749,03/28/2026 17:30:00,17.15,622.5,745.4,0.36,404.65,,,,,,
3750,03/28/2026 17:40:00,17.24,620.9,741.8,0.36,403.58,,,,,,
3751,03/28/2026 17:50:00,17.29,622.5,742.7,0.36,404.63,,,,,,
3752,03/28/2026 18:00:00,17.33,623.5,743.2,0.36,405.26,,,,,,
3753,03/28/2026 18:10:00,17.37,624.2,743.3,0.36,405.70,,,,,,
3754,03/28/2026 18:20:00,17.40,623.6,742.0,0.36,405.32,,,,,,
3755,03/28/2026 18:30:00,17.44,621.7,739.0,0.36,404.10,,,,,,
3756,03/28/2026 18:40:00,17.47,623.3,740.4,0.36,405.15,,,,,,
3757,03/28/2026 18:50:00,17.48,623.3,740.2,0.36,405.17,,,,,,
3758,03/28/2026 19:00:00,17.52,622.1,738.0,0.36,404.40,,,,,,
3759,03/28/2026 19:10:00,17.53,618.5,733.6,0.35,402.03,,,,,,
3760,03/28/2026 19:20:00,17.52,622.2,738.1,0.36,404.41,,,,,,
3761,03/28/2026 19:30:00,17.51,621.6,737.6,0.36,404.01,,,,,,
3762,03/28/2026 19:40:00,17.51,620.6,736.4,0.36,403.37,,,,,,
3763,03/28/2026 19:50:00,17.47,622.1,738.9,0.36,404.36,,,,,,
3764,03/28/2026 20:00:00,17.42,625.1,743.4,0.36,406.30,,,,,,
3765,03/28/2026 20:10:00,17.39,616.5,733.9,0.35,400.75,,,,,,
3766,03/28/2026 20:20:00,17.36,607.4,723.5,0.35,394.78,,,,,,
3767,03/28/2026 20:30:00,17.32,607.2,724.1,0.35,394.71,,,,,,
3768,03/28/2026 20:40:00,17.29,609.8,727.5,0.35,396.35,,,,,,
3769,03/28/2026 20:50:00,17.26,616.0,735.6,0.36,400.42,,,,,,
3770,03/28/2026 21:00:00,17.24,620.8,741.8,0.36,403.52,,,,,,
3771,03/28/2026 21:10:00,17.20,611.3,731.1,0.35,397.37,,,,,,
3772,03/28/2026 21:20:00,17.13,611.2,732.1,0.35,397.25,,,,,,
3773,03/28/2026 21:30:00,17.09,608.6,729.8,0.35,395.57,,,,,,
3774,03/28/2026 21:40:00,17.04,608.8,731.0,0.35,395.70,,,,,,
3775,03/28/2026 21:50:00,17.00,606.4,728.7,0.35,394.13,,,,,,
3776,03/28/2026 22:00:00,16.95,606.9,730.4,0.35,394.48,,,,,,
3777,03/28/2026 22:10:00,16.90,605.6,729.8,0.35,393.65,,,,,,
3778,03/28/2026 22:20:00,16.86,603.3,727.8,0.35,392.17,,,,,,
3779,03/28/2026 22:30:00,16.79,600.6,725.7,0.35,390.41,,,,,,
3780,03/28/2026 22:40:00,16.74,601.5,727.7,0.35,390.98,,,,,,
3781,03/28/2026 22:50:00,16.69,594.1,719.6,0.35,386.13,,,,,,
3782,03/28/2026 23:00:00,16.66,593.0,718.8,0.35,385.43,,,,,,
3783,03/28/2026 23:10:00,16.61,590.7,717.1,0.35,383.98,,,,,,
3784,03/28/2026 23:20:00,16.57,590.6,717.7,0.35,383.90,,,,,,
3785,03/28/2026 23:30:00,16.53,590.0,717.6,0.35,383.50,,,,,,
3786,03/28/2026 23:40:00,16.48,588.0,716.2,0.34,382.22,,,,,,
3787,03/28/2026 23:50:00,16.42,586.7,715.6,0.34,381.34,,,,,,
3788,03/29/2026 00:00:00,16.37,585.5,715.2,0.34,380.60,,,,,,
3789,03/29/2026 00:10:00,16.31,584.3,714.8,0.34,379.80,,,,,,
3790,03/29/2026 00:20:00,16.26,582.5,713.5,0.34,378.61,,,,,,
3791,03/29/2026 00:30:00,16.21,579.5,710.6,0.34,376.68,,,,,,
3792,03/29/2026 00:40:00,16.15,577.8,709.6,0.34,375.56,,,,,,
3793,03/29/2026 00:50:00,16.11,575.7,707.9,0.34,374.23,,,,,,
3794,03/29/2026 01:00:00,16.06,573.8,706.4,0.34,372.97,,,,,,
3795,03/29/2026 01:10:00,16.01,572.3,705.4,0.34,371.97,,,,,,
3796,03/29/2026 01:20:00,15.95,571.5,705.7,0.34,371.50,,,,,,
3797,03/29/2026 01:30:00,15.88,570.0,705.1,0.34,370.52,,,,,,
3798,03/29/2026 01:40:00,15.81,569.3,705.5,0.34,370.06,,,,,,
3799,03/29/2026 01:50:00,15.73,566.8,703.8,0.34,368.40,,,,,,
3800,03/29/2026 02:00:00,15.67,564.8,702.5,0.34,367.15,,,,,,
3801,03/29/2026 02:10:00,15.60,563.4,702.0,0.34,366.22,,,,,,
3802,03/29/2026 02:20:00,15.53,562.0,701.4,0.34,365.29,,,,,,
3803,03/29/2026 02:30:00,15.47,559.9,700.1,0.34,363.96,,,,,,
3804,03/29/2026 02:40:00,15.42,558.4,699.0,0.34,362.98,,,,,,
3805,03/29/2026 02:50:00,15.38,557.4,698.6,0.34,362.33,,,,,,
3806,03/29/2026 03:00:00,15.33,556.3,698.1,0.33,361.61,,,,,,
3807,03/29/2026 03:10:00,15.27,555.2,697.7,0.33,360.86,,,,,,
3808,03/29/2026 03:20:00,15.20,554.2,697.7,0.33,360.21,,,,,,
3809,03/29/2026 03:30:00,15.13,553.0,697.6,0.33,359.44,,,,,,
3810,03/29/2026 03:40:00,15.05,551.8,697.6,0.33,358.66,,,,,,
3811,03/29/2026 03:50:00,14.98,550.8,697.5,0.33,358.00,,,,,,
3812,03/29/2026 04:00:00,14.89,549.2,697.3,0.33,356.97,,,,,,
3813,03/29/2026 04:10:00,14.81,547.6,696.7,0.33,355.97,,,,,,
3814,03/29/2026 04:20:00,14.74,546.5,696.5,0.33,355.22,,,,,,
3815,03/29/2026 04:30:00,14.68,545.4,696.4,0.33,354.53,,,,,,
3816,03/29/2026 04:40:00,14.60,559.8,716.2,0.34,363.88,,,,,,
3817,03/29/2026 04:50:00,14.54,544.4,697.6,0.33,353.87,,,,,,
3818,03/29/2026 05:00:00,14.43,551.2,708.4,0.34,358.27,,,,,,
3819,03/29/2026 05:10:00,14.37,550.4,708.6,0.34,357.78,,,,,,
3820,03/29/2026 05:20:00,14.29,559.0,721.1,0.35,363.36,,,,,,
3821,03/29/2026 05:30:00,14.22,538.7,696.4,0.33,350.16,,,,,,
3822,03/29/2026 05:40:00,14.16,543.2,703.3,0.34,353.07,,,,,,
3823,03/29/2026 05:50:00,14.06,542.3,704.1,0.34,352.51,,,,,,
3824,03/29/2026 06:00:00,13.97,540.4,703.2,0.34,351.26,,,,,,
3825,03/29/2026 06:10:00,13.90,540.2,704.5,0.34,351.16,,,,,,
3826,03/29/2026 06:20:00,13.84,540.8,706.4,0.34,351.54,,,,,,
3827,03/29/2026 06:30:00,13.77,541.8,709.0,0.34,352.19,,,,,,
3828,03/29/2026 06:40:00,13.68,540.5,709.1,0.34,351.34,,,,,,
3829,03/29/2026 06:50:00,13.60,541.5,711.9,0.34,351.96,,,,,,
3830,03/29/2026 07:00:00,13.53,540.5,711.9,0.34,351.30,,,,,,
3831,03/29/2026 07:10:00,13.47,541.0,713.9,0.34,351.68,,,,,,
3832,03/29/2026 07:20:00,13.40,541.9,716.4,0.34,352.26,,,,,,
3833,03/29/2026 07:30:00,13.32,542.8,719.2,0.34,352.83,,,,,,
3834,03/29/2026 07:40:00,13.28,542.9,720.1,0.34,352.86,,,,,,
3835,03/29/2026 07:50:00,13.22,545.0,724.2,0.35,354.25,,,,,,
3836,03/29/2026 08:00:00,13.18,540.5,719.0,0.34,351.33,,,,,,
3837,03/29/2026 08:10:00,13.15,547.2,728.5,0.35,355.68,,,,,,
3838,03/29/2026 08:20:00,13.11,548.6,731.2,0.35,356.60,,,,,,
3839,03/29/2026 08:30:00,13.10,549.8,733.0,0.35,357.39,,,,,,
3840,03/29/2026 08:40:00,13.12,551.8,735.2,0.35,358.65,,,,,,
3841,03/29/2026 08:50:00,13.17,554.1,737.4,0.35,360.19,,,,,,
3842,03/29/2026 09:00:00,13.24,556.8,739.4,0.35,361.90,,,,,,
3843,03/29/2026 09:10:00,13.26,559.9,743.0,0.35,363.91,,,,,,
3844,03/29/2026 09:20:00,13.35,561.2,743.0,0.35,364.76,,,,,,
3845,03/29/2026 09:30:00,13.40,565.3,747.4,0.36,367.44,,,,,,
3846,03/29/2026 09:40:00,13.49,568.7,749.9,0.36,369.65,,,,,,
3847,03/29/2026 09:50:00,13.58,569.3,748.9,0.36,370.02,,,,,,
3848,03/29/2026 10:00:00,13.69,572.7,751.1,0.36,372.25,,,,,,
3849,03/29/2026 10:10:00,13.81,578.4,756.1,0.36,375.96,,,,,,
3850,03/29/2026 10:20:00,13.97,579.8,754.7,0.36,376.89,,,,,,
3851,03/29/2026 10:30:00,14.11,584.3,757.4,0.36,379.79,,,,,,
3852,03/29/2026 10:40:00,14.24,587.1,758.5,0.36,381.61,,,,,,
3853,03/29/2026 10:50:00,14.41,586.9,754.7,0.36,381.47,,,,,,
3854,03/29/2026 11:00:00,14.56,591.2,757.2,0.36,384.29,,,,,,
3855,03/29/2026 11:10:00,14.75,596.7,760.4,0.37,387.87,,,,,,
3856,03/29/2026 11:20:00,14.92,604.8,767.1,0.37,393.10,,,,,,
3857,03/29/2026 11:30:00,15.12,610.0,769.8,0.37,396.53,,,,,,
3858,03/29/2026 11:40:00,15.32,614.1,770.8,0.37,399.19,,,,,,
3859,03/29/2026 11:50:00,15.55,618.7,771.8,0.37,402.13,,,,,,
3860,03/29/2026 12:00:00,15.74,622.7,773.0,0.37,404.76,,,,,,
3861,03/29/2026 12:10:00,15.98,626.7,773.1,0.37,407.36,,,,,,
3862,03/29/2026 12:20:00,16.23,630.2,772.5,0.37,409.65,,,,,,
3863,03/29/2026 12:30:00,16.46,633.1,771.4,0.37,411.48,,,,,,
3864,03/29/2026 12:40:00,16.71,643.2,778.9,0.38,418.10,,,,,,
3865,03/29/2026 12:50:00,16.92,638.9,769.5,0.37,415.31,,,,,,
3866,03/29/2026 13:00:00,17.26,644.8,770.0,0.37,419.10,,,,,,
3867,03/29/2026 13:10:00,17.44,650.9,773.7,0.37,423.06,,,,,,
3868,03/29/2026 13:20:00,17.74,654.9,772.6,0.37,425.66,,,,,,
3869,03/29/2026 13:30:00,18.03,659.7,772.8,0.37,428.79,,,,,,
3870,03/29/2026 13:40:00,18.40,665.8,772.9,0.37,432.77,,,,,,
3871,03/29/2026 13:50:00,18.61,670.7,774.6,0.38,435.93,,,,,,
3872,03/29/2026 14:00:00,18.90,674.3,773.3,0.38,438.29,,,,,,
3873,03/29/2026 14:10:00,19.22,680.7,774.7,0.38,442.42,,,,,,
3874,03/29/2026 14:20:00,19.55,688.3,777.3,0.38,447.38,,,,,,
3875,03/29/2026 14:30:00,19.83,691.0,775.0,0.38,449.12,,,,,,
3876,03/29/2026 14:40:00,20.11,695.1,774.5,0.38,451.79,,,,,,
3877,03/29/2026 14:50:00,20.30,695.6,771.9,0.38,452.15,,,,,,
3878,03/29/2026 15:00:00,20.69,703.9,774.0,0.38,457.53,,,,,,
3879,03/29/2026 15:10:00,20.99,732.8,800.2,0.39,476.31,,,,,,
3880,03/29/2026 15:20:00,21.15,712.8,775.5,0.38,463.33,,,,,,
3881,03/29/2026 15:30:00,21.39,715.9,774.7,0.38,465.32,,,,,,
3882,03/29/2026 15:40:00,21.61,719.3,774.4,0.38,467.54,,,,,,
3883,03/29/2026 15:50:00,21.94,724.3,774.0,0.38,470.81,,,,,,
3884,03/29/2026 16:00:00,22.08,727.4,774.9,0.38,472.83,,,,,,
3885,03/29/2026 16:10:00,22.22,721.1,765.8,0.37,468.73,,,,,,
3886,03/29/2026 16:20:00,22.39,722.6,764.5,0.37,469.71,,,,,,
3887,03/29/2026 16:30:00,22.54,725.3,764.8,0.37,471.45,,,,,,
3888,03/29/2026 16:40:00,22.71,727.3,764.1,0.37,472.77,,,,,,
3889,03/29/2026 16:50:00,22.83,728.8,763.6,0.37,473.73,,,,,,
3890,03/29/2026 17:00:00,22.94,724.5,757.3,0.37,470.94,,,,,,
3891,03/29/2026 17:10:00,23.03,724.4,755.7,0.37,470.88,,,,,,
3892,03/29/2026 17:20:00,23.12,732.1,762.2,0.37,475.88,,,,,,
3893,03/29/2026 17:30:00,23.15,731.9,761.5,0.37,475.73,,,,,,
3894,03/29/2026 17:40:00,23.18,732.4,761.5,0.37,476.05,,,,,,
3895,03/29/2026 17:50:00,23.23,732.2,760.5,0.37,475.94,,,,,,
3896,03/29/2026 18:00:00,23.30,730.1,757.2,0.37,474.57,,,,,,
3897,03/29/2026 18:10:00,23.34,728.2,754.5,0.37,473.31,,,,,,
3898,03/29/2026 18:20:00,23.36,712.4,737.8,0.36,463.04,,,,,,
3899,03/29/2026 18:30:00,23.33,711.3,737.2,0.36,462.31,,,,,,
3900,03/29/2026 18:40:00,23.33,701.8,727.4,0.35,456.16,,,,,,
3901,03/29/2026 18:50:00,23.29,700.0,726.1,0.35,455.00,,,,,,
3902,03/29/2026 19:00:00,23.23,699.5,726.5,0.35,454.68,,,,,,
3903,03/29/2026 19:10:00,23.25,693.5,719.9,0.35,450.76,,,,,,
3904,03/29/2026 19:20:00,23.25,691.1,717.5,0.35,449.21,,,,,,
3905,03/29/2026 19:30:00,23.19,689.3,716.6,0.35,448.07,,,,,,
3906,03/29/2026 19:40:00,23.13,687.0,715.1,0.35,446.56,,,,,,
3907,03/29/2026 19:50:00,23.07,685.2,714.0,0.35,445.35,,,,,,
3908,03/29/2026 20:00:00,23.03,682.7,712.1,0.35,443.75,,,,,,
3909,03/29/2026 20:10:00,22.97,681.3,711.6,0.35,442.87,,,,,,
3910,03/29/2026 20:20:00,22.91,678.8,710.0,0.35,441.21,,,,,,
3911,03/29/2026 20:30:00,22.85,676.3,708.3,0.34,439.58,,,,,,
3912,03/29/2026 20:40:00,22.80,675.4,708.1,0.34,439.01,,,,,,
3913,03/29/2026 20:50:00,22.73,670.5,704.1,0.34,435.85,,,,,,
3914,03/29/2026 21:00:00,22.65,669.2,704.0,0.34,435.01,,,,,,
3915,03/29/2026 21:10:00,22.58,667.6,703.4,0.34,433.94,,,,,,
3916,03/29/2026 21:20:00,22.51,665.3,702.0,0.34,432.47,,,,,,
3917,03/29/2026 21:30:00,22.44,664.0,701.6,0.34,431.59,,,,,,
3918,03/29/2026 21:40:00,22.41,660.9,698.9,0.34,429.59,,,,,,
3919,03/29/2026 21:50:00,22.36,660.7,699.5,0.34,429.46,,,,,,
3920,03/29/2026 22:00:00,22.30,657.1,696.6,0.34,427.13,,,,,,
3921,03/29/2026 22:10:00,22.23,656.8,697.4,0.34,426.90,,,,,,
3922,03/29/2026 22:20:00,22.16,656.0,697.6,0.34,426.40,,,,,,
3923,03/29/2026 22:30:00,22.09,657.4,700.2,0.34,427.30,,,,,,
3924,03/29/2026 22:40:00,22.00,655.7,699.7,0.34,426.18,,,,,,
3925,03/29/2026 22:50:00,21.95,652.7,697.3,0.34,424.24,,,,,,
3926,03/29/2026 23:00:00,21.90,650.7,696.0,0.34,422.94,,,,,,
3927,03/29/2026 23:10:00,21.86,648.7,694.5,0.34,421.67,,,,,,
3928,03/29/2026 23:20:00,21.80,646.9,693.4,0.34,420.46,,,,,,
3929,03/29/2026 23:30:00,21.74,645.2,692.6,0.34,419.38,,,,,,
3930,03/29/2026 23:40:00,21.68,643.8,692.1,0.34,418.50,,,,,,
3931,03/29/2026 23:50:00,21.62,642.1,691.1,0.34,417.34,,,,,,
3932,03/30/2026 00:00:00,21.55,641.1,691.2,0.34,416.72,,,,,,
3933,03/30/2026 00:10:00,21.49,639.2,690.0,0.33,415.45,,,,,,
3934,03/30/2026 00:20:00,21.42,636.9,688.6,0.33,414.01,,,,,,
3935,03/30/2026 00:30:00,21.36,631.6,683.9,0.33,410.53,,,,,,
3936,03/30/2026 00:40:00,21.28,628.6,681.8,0.33,408.58,,,,,,
3937,03/30/2026 00:50:00,21.22,624.6,678.5,0.33,406.02,,,,,,
3938,03/30/2026 01:00:00,21.14,624.3,679.4,0.33,405.81,,,,,,
3939,03/30/2026 01:10:00,21.06,623.3,679.6,0.33,405.16,,,,,,
3940,03/30/2026 01:20:00,21.00,623.7,681.0,0.33,405.42,,,,,,
3941,03/30/2026 01:30:00,20.93,623.3,681.5,0.33,405.14,,,,,,
3942,03/30/2026 01:40:00,20.86,623.2,682.4,0.33,405.06,,,,,,
3943,03/30/2026 01:50:00,20.82,622.4,682.3,0.33,404.53,,,,,,
3944,03/30/2026 02:00:00,20.71,623.5,685.2,0.33,405.27,,,,,,
3945,03/30/2026 02:10:00,20.63,623.1,686.1,0.33,404.99,,,,,,
3946,03/30/2026 02:20:00,20.57,622.4,686.2,0.33,404.54,,,,,,
3947,03/30/2026 02:30:00,20.49,621.3,686.4,0.33,403.87,,,,,,
3948,03/30/2026 02:40:00,20.40,620.1,686.4,0.33,403.04,,,,,,
3949,03/30/2026 02:50:00,20.31,618.5,686.2,0.33,402.05,,,,,,
3950,03/30/2026 03:00:00,20.24,616.6,685.1,0.33,400.79,,,,,,
3951,03/30/2026 03:10:00,20.12,616.0,686.3,0.33,400.40,,,,,,
3952,03/30/2026 03:20:00,20.02,614.7,686.5,0.33,399.56,,,,,,
3953,03/30/2026 03:30:00,19.95,614.4,687.3,0.33,399.36,,,,,,
3954,03/30/2026 03:40:00,19.87,613.0,687.1,0.33,398.44,,,,,,
3955,03/30/2026 03:50:00,19.80,612.1,687.2,0.33,397.85,,,,,,
3956,03/30/2026 04:00:00,19.71,610.2,686.4,0.33,396.64,,,,,,
3957,03/30/2026 04:10:00,19.62,609.3,686.9,0.33,396.05,,,,,,
3958,03/30/2026 04:20:00,19.53,604.4,682.9,0.33,392.88,,,,,,
3959,03/30/2026 04:30:00,19.47,610.5,690.8,0.33,396.82,,,,,,
3960,03/30/2026 04:40:00,19.39,609.5,691.0,0.33,396.20,,,,,,
3961,03/30/2026 04:50:00,19.31,607.5,689.9,0.33,394.91,,,,,,
3962,03/30/2026 05:00:00,19.23,608.4,692.4,0.33,395.48,,,,,,
3963,03/30/2026 05:10:00,19.14,607.3,692.5,0.34,394.77,,,,,,
3964,03/30/2026 05:20:00,19.06,606.8,693.3,0.34,394.43,,,,,,
3965,03/30/2026 05:30:00,19.00,607.3,694.9,0.34,394.76,,,,,,
3966,03/30/2026 05:40:00,18.96,607.3,695.5,0.34,394.75,,,,,,
3967,03/30/2026 05:50:00,18.91,607.4,696.4,0.34,394.78,,,,,,
3968,03/30/2026 06:00:00,18.86,607.5,697.4,0.34,394.85,,,,,,
3969,03/30/2026 06:10:00,18.76,608.0,699.7,0.34,395.19,,,,,,
3970,03/30/2026 06:20:00,18.73,607.9,700.1,0.34,395.16,,,,,,
3971,03/30/2026 06:30:00,18.69,608.8,701.8,0.34,395.70,,,,,,
3972,03/30/2026 06:40:00,18.64,609.8,703.8,0.34,396.39,,,,,,
3973,03/30/2026 06:50:00,18.56,609.6,705.0,0.34,396.25,,,,,,
3974,03/30/2026 07:00:00,18.51,610.3,706.6,0.34,396.71,,,,,,
3975,03/30/2026 07:10:00,18.47,611.2,708.3,0.34,397.26,,,,,,
3976,03/30/2026 07:20:00,18.42,611.9,709.9,0.34,397.73,,,,,,
3977,03/30/2026 07:30:00,18.39,612.9,711.8,0.34,398.38,,,,,,
3978,03/30/2026 07:40:00,18.34,613.7,713.4,0.34,398.90,,,,,,
3979,03/30/2026 07:50:00,18.31,614.8,715.2,0.35,399.62,,,,,,
3980,03/30/2026 08:00:00,18.29,615.5,716.5,0.35,400.09,,,,,,
3981,03/30/2026 08:10:00,18.26,613.4,714.6,0.35,398.70,,,,,,
3982,03/30/2026 08:20:00,18.22,619.8,722.7,0.35,402.87,,,,,,
3983,03/30/2026 08:30:00,18.17,620.8,724.8,0.35,403.54,,,,,,
3984,03/30/2026 08:40:00,18.14,622.6,727.4,0.35,404.71,,,,,,
3985,03/30/2026 08:50:00,18.10,625.0,731.0,0.35,406.27,,,,,,
3986,03/30/2026 09:00:00,18.07,627.5,734.3,0.36,407.86,,,,,,
3987,03/30/2026 09:10:00,18.06,630.1,737.5,0.36,409.57,,,,,,
3988,03/30/2026 09:20:00,18.09,630.9,738.1,0.36,410.08,,,,,,
3989,03/30/2026 09:30:00,18.08,633.8,741.6,0.36,411.99,,,,,,
3990,03/30/2026 09:40:00,18.11,635.8,743.4,0.36,413.28,,,,,,
3991,03/30/2026 09:50:00,18.19,638.8,745.4,0.36,415.20,,,,,,
3992,03/30/2026 10:00:00,18.31,641.5,746.4,0.36,416.94,,,,,,
3993,03/30/2026 10:10:00,18.41,643.6,747.0,0.36,418.34,,,,,,
3994,03/30/2026 10:20:00,18.53,648.5,750.5,0.36,421.56,,,,,,
3995,03/30/2026 10:30:00,18.63,650.3,750.8,0.36,422.69,,,,,,
3996,03/30/2026 10:40:00,18.77,654.5,753.0,0.36,425.46,,,,,,
3997,03/30/2026 10:50:00,18.88,659.3,756.6,0.37,428.56,,,,,,
3998,03/30/2026 11:00:00,19.05,665.2,760.2,0.37,432.41,,,,,,
3999,03/30/2026 11:10:00,19.26,670.2,762.1,0.37,435.63,,,,,,
4000,03/30/2026 11:20:00,19.44,675.1,764.3,0.37,438.79,,,,,,
4001,03/30/2026 11:30:00,19.65,679.8,765.7,0.37,441.84,,,,,,
4002,03/30/2026 11:40:00,19.83,683.4,766.6,0.37,444.18,,,,,,
4003,03/30/2026 11:50:00,20.12,689.1,767.7,0.37,447.91,,,,,,
4004,03/30/2026 12:00:00,20.20,690.5,767.9,0.37,448.83,,,,,,
4005,03/30/2026 12:10:00,20.43,693.7,767.4,0.37,450.93,,,,,,
4006,03/30/2026 12:20:00,20.67,698.9,768.8,0.37,454.25,,,,,,
4007,03/30/2026 12:30:00,20.97,704.4,769.4,0.37,457.83,,,,,,
4008,03/30/2026 12:40:00,21.23,708.3,769.1,0.37,460.38,,,,,,
4009,03/30/2026 12:50:00,21.42,712.0,769.8,0.37,462.81,,,,,,
4010,03/30/2026 13:00:00,21.66,716.9,770.9,0.38,465.96,,,,,,
4011,03/30/2026 13:10:00,21.88,719.3,769.7,0.38,467.52,,,,,,
4012,03/30/2026 13:20:00,22.12,726.1,772.7,0.38,471.95,,,,,,
4013,03/30/2026 13:30:00,22.40,733.0,775.3,0.38,476.48,,,,,,
4014,03/30/2026 13:40:00,22.72,738.4,775.5,0.38,479.93,,,,,,
4015,03/30/2026 13:50:00,23.06,746.4,778.1,0.38,485.18,,,,,,
4016,03/30/2026 14:00:00,23.27,751.7,780.0,0.38,488.62,,,,,,
4017,03/30/2026 14:10:00,23.54,756.9,780.9,0.38,492.00,,,,,,
4018,03/30/2026 14:20:00,23.83,755.7,774.8,0.38,491.24,,,,,,
4019,03/30/2026 14:30:00,24.09,763.0,777.8,0.38,495.92,,,,,,
4020,03/30/2026 14:40:00,24.33,772.0,783.1,0.38,501.81,,,,,,
4021,03/30/2026 14:50:00,24.54,776.6,784.2,0.38,504.77,,,,,,
4022,03/30/2026 15:00:00,24.73,772.2,776.7,0.38,501.95,,,,,,
4023,03/30/2026 15:10:00,24.93,781.5,782.5,0.38,507.96,,,,,,
4024,03/30/2026 15:20:00,25.17,789.3,786.4,0.38,513.02,,,,,,
4025,03/30/2026 15:30:00,25.31,787.1,782.0,0.38,511.59,,,,,,
4026,03/30/2026 15:40:00,25.50,782.1,774.0,0.38,508.40,,,,,,
4027,03/30/2026 15:50:00,25.71,790.3,778.6,0.38,513.71,,,,,,
4028,03/30/2026 16:00:00,25.83,802.6,788.8,0.39,521.72,,,,,,
4029,03/30/2026 16:10:00,26.05,812.8,795.2,0.39,528.31,,,,,,
4030,03/30/2026 16:20:00,26.16,821.0,801.4,0.39,533.64,,,,,,
4031,03/30/2026 16:30:00,26.22,813.9,793.6,0.39,529.06,,,,,,
4032,03/30/2026 16:40:00,26.32,820.9,798.8,0.39,533.60,,,,,,
4033,03/30/2026 16:50:00,26.38,819.3,796.1,0.39,532.53,,,,,,
4034,03/30/2026 17:00:00,26.41,820.4,796.8,0.39,533.25,,,,,,
4035,03/30/2026 17:10:00,26.45,822.9,798.5,0.39,534.86,,,,,,
4036,03/30/2026 17:20:00,26.53,841.3,815.1,0.40,546.82,,,,,,
4037,03/30/2026 17:30:00,26.52,834.6,808.8,0.40,542.51,,,,,,
4038,03/30/2026 17:40:00,26.57,834.3,807.7,0.40,542.32,,,,,,
4039,03/30/2026 17:50:00,26.56,839.3,812.6,0.40,545.54,,,,,,
4040,03/30/2026 18:00:00,26.57,838.8,812.0,0.40,545.19,,,,,,
4041,03/30/2026 18:10:00,26.57,847.7,820.6,0.40,551.01,,,,,,
4042,03/30/2026 18:20:00,26.55,837.3,811.0,0.40,544.24,,,,,,
4043,03/30/2026 18:30:00,26.48,834.8,809.7,0.40,542.63,,,,,,
4044,03/30/2026 18:40:00,26.45,837.1,812.4,0.40,544.10,,,,,,
4045,03/30/2026 18:50:00,26.40,836.9,813.0,0.40,543.97,,,,,,
4046,03/30/2026 19:00:00,26.32,839.5,816.9,0.40,545.70,,,,,,
4047,03/30/2026 19:10:00,26.30,833.7,811.6,0.40,541.90,,,,,,
4048,03/30/2026 19:20:00,26.22,833.4,812.6,0.40,541.72,,,,,,
4049,03/30/2026 19:30:00,26.11,836.3,817.3,0.40,543.57,,,,,,
4050,03/30/2026 19:40:00,26.05,836.6,818.6,0.40,543.76,,,,,,
4051,03/30/2026 19:50:00,25.98,837.8,821.0,0.40,544.60,,,,,,
4052,03/30/2026 20:00:00,25.88,835.5,820.3,0.40,543.07,,,,,,
4053,03/30/2026 20:10:00,25.78,835.0,821.5,0.40,542.76,,,,,,
4054,03/30/2026 20:20:00,25.69,833.5,821.7,0.40,541.78,,,,,,
4055,03/30/2026 20:30:00,25.58,830.9,820.9,0.40,540.10,,,,,,
4056,03/30/2026 20:40:00,25.45,829.7,821.9,0.40,539.29,,,,,,
4057,03/30/2026 20:50:00,25.33,827.0,821.4,0.40,537.55,,,,,,
4058,03/30/2026 21:00:00,25.21,823.2,819.5,0.40,535.06,,,,,,
4059,03/30/2026 21:10:00,25.09,820.3,818.8,0.40,533.21,,,,,,
4060,03/30/2026 21:20:00,25.00,814.2,814.2,0.40,529.23,,,,,,
4061,03/30/2026 21:30:00,24.88,810.9,813.0,0.40,527.07,,,,,,
4062,03/30/2026 21:40:00,24.75,804.1,808.3,0.40,522.64,,,,,,
4063,03/30/2026 21:50:00,24.63,802.2,808.4,0.40,521.40,,,,,,
4064,03/30/2026 22:00:00,24.53,798.8,806.8,0.39,519.25,,,,,,
4065,03/30/2026 22:10:00,24.43,794.3,804.0,0.39,516.31,,,,,,
4066,03/30/2026 22:20:00,24.33,791.8,803.1,0.39,514.69,,,,,,
4067,03/30/2026 22:30:00,24.25,787.1,799.7,0.39,511.61,,,,,,
4068,03/30/2026 22:40:00,24.17,783.0,796.9,0.39,508.92,,,,,,
4069,03/30/2026 22:50:00,24.08,780.5,795.8,0.39,507.31,,,,,,
4070,03/30/2026 23:00:00,23.99,775.6,792.4,0.39,504.12,,,,,,
4071,03/30/2026 23:10:00,23.88,774.2,792.9,0.39,503.24,,,,,,
4072,03/30/2026 23:20:00,23.80,769.7,789.6,0.39,500.34,,,,,,
4073,03/30/2026 23:30:00,23.72,765.0,786.1,0.38,497.24,,,,,,
4074,03/30/2026 23:40:00,23.65,763.6,785.9,0.38,496.37,,,,,,
4075,03/30/2026 23:50:00,23.54,759.3,783.4,0.38,493.54,,,,,,
4076,03/31/2026 00:00:00,23.43,757.6,783.3,0.38,492.41,,,,,,
4077,03/31/2026 00:10:00,23.33,753.8,781.2,0.38,489.95,,,,,,
4078,03/31/2026 00:20:00,23.24,750.4,779.3,0.38,487.77,,,,,,
4079,03/31/2026 00:30:00,23.15,746.5,776.7,0.38,485.25,,,,,,
4080,03/31/2026 00:40:00,23.09,741.7,772.7,0.38,482.10,,,,,,
4081,03/31/2026 00:50:00,23.00,734.2,766.4,0.37,477.25,,,,,,
4082,03/31/2026 01:00:00,22.91,729.0,762.4,0.37,473.83,,,,,,
4083,03/31/2026 01:10:00,22.83,724.6,759.2,0.37,470.97,,,,,,
4084,03/31/2026 01:20:00,22.73,722.4,758.6,0.37,469.54,,,,,,
4085,03/31/2026 01:30:00,22.62,716.2,753.9,0.37,465.54,,,,,,
4086,03/31/2026 01:40:00,22.53,709.5,748.3,0.36,461.19,,,,,,
4087,03/31/2026 01:50:00,22.46,702.7,742.2,0.36,456.75,,,,,,
4088,03/31/2026 02:00:00,22.36,699.6,740.7,0.36,454.75,,,,,,
4089,03/31/2026 02:10:00,22.26,705.3,748.4,0.36,458.44,,,,,,
4090,03/31/2026 02:20:00,22.15,696.9,741.2,0.36,452.98,,,,,,
4091,03/31/2026 02:30:00,22.08,698.2,743.9,0.36,453.85,,,,,,
4092,03/31/2026 02:40:00,21.97,693.5,740.7,0.36,450.80,,,,,,
4093,03/31/2026 02:50:00,21.88,688.7,737.0,0.36,447.63,,,,,,
4094,03/31/2026 03:00:00,21.77,680.7,730.2,0.36,442.47,,,,,,
4095,03/31/2026 03:10:00,21.67,679.1,730.2,0.36,441.44,,,,,,
4096,03/31/2026 03:20:00,21.59,674.3,726.3,0.35,438.31,,,,,,
4097,03/31/2026 03:30:00,21.48,671.8,725.4,0.35,436.67,,,,,,
4098,03/31/2026 03:40:00,21.41,670.9,725.6,0.35,436.05,,,,,,
4099,03/31/2026 03:50:00,21.33,668.8,724.7,0.35,434.72,,,,,,
4100,03/31/2026 04:00:00,21.24,667.3,724.5,0.35,433.71,,,,,,
4101,03/31/2026 04:10:00,21.16,664.8,723.2,0.35,432.11,,,,,,
4102,03/31/2026 04:20:00,21.09,662.8,722.2,0.35,430.85,,,,,,
4103,03/31/2026 04:30:00,20.99,660.9,721.6,0.35,429.55,,,,,,
4104,03/31/2026 04:40:00,20.90,659.1,721.2,0.35,428.43,,,,,,
4105,03/31/2026 04:50:00,20.81,657.6,721.0,0.35,427.44,,,,,,
4106,03/31/2026 05:00:00,20.74,656.4,721.0,0.35,426.69,,,,,,
4107,03/31/2026 05:10:00,20.64,654.5,720.4,0.35,425.41,,,,,,
4108,03/31/2026 05:20:00,20.55,653.0,720.3,0.35,424.46,,,,,,
4109,03/31/2026 05:30:00,20.47,651.5,719.9,0.35,423.46,,,,,,
4110,03/31/2026 05:40:00,20.42,650.4,719.6,0.35,422.76,,,,,,
4111,03/31/2026 05:50:00,20.33,649.0,719.5,0.35,421.86,,,,,,
4112,03/31/2026 06:00:00,20.24,646.8,718.6,0.35,420.44,,,,,,
4113,03/31/2026 06:10:00,20.19,645.9,718.5,0.35,419.83,,,,,,
4114,03/31/2026 06:20:00,20.10,645.6,719.6,0.35,419.61,,,,,,
4115,03/31/2026 06:30:00,20.05,644.8,719.6,0.35,419.09,,,,,,
4116,03/31/2026 06:40:00,19.97,644.4,720.5,0.35,418.86,,,,,,
4117,03/31/2026 06:50:00,19.91,644.1,721.2,0.35,418.68,,,,,,
4118,03/31/2026 07:00:00,19.84,643.4,721.7,0.35,418.22,,,,,,
4119,03/31/2026 07:10:00,19.76,642.7,722.1,0.35,417.75,,,,,,
4120,03/31/2026 07:20:00,19.71,642.3,722.5,0.35,417.48,,,,,,
4121,03/31/2026 07:30:00,19.65,642.1,723.4,0.35,417.37,,,,,,
4122,03/31/2026 07:40:00,19.60,641.4,723.5,0.35,416.91,,,,,,
4123,03/31/2026 07:50:00,19.52,641.4,724.7,0.35,416.91,,,,,,
4124,03/31/2026 08:00:00,19.49,641.5,725.5,0.35,416.98,,,,,,
4125,03/31/2026 08:10:00,19.46,641.7,726.2,0.35,417.13,,,,,,
4126,03/31/2026 08:20:00,19.44,642.0,726.9,0.35,417.30,,,,,,
4127,03/31/2026 08:30:00,19.45,643.2,728.0,0.35,418.08,,,,,,
4128,03/31/2026 08:40:00,19.48,644.7,729.2,0.35,419.06,,,,,,
4129,03/31/2026 08:50:00,19.51,646.2,730.5,0.35,420.06,,,,,,
4130,03/31/2026 09:00:00,19.51,647.0,731.3,0.35,420.53,,,,,,
4131,03/31/2026 09:10:00,19.52,648.9,733.3,0.36,421.81,,,,,,
4132,03/31/2026 09:20:00,19.52,650.8,735.4,0.36,423.02,,,,,,
4133,03/31/2026 09:30:00,19.53,652.7,737.4,0.36,424.27,,,,,,
4134,03/31/2026 09:40:00,19.59,655.4,739.5,0.36,426.04,,,,,,
4135,03/31/2026 09:50:00,19.69,658.7,741.4,0.36,428.18,,,,,,
4136,03/31/2026 10:00:00,19.72,661.7,744.2,0.36,430.11,,,,,,
4137,03/31/2026 10:10:00,19.86,665.1,745.6,0.36,432.32,,,,,,
4138,03/31/2026 10:20:00,19.95,668.2,747.4,0.36,434.31,,,,,,
4139,03/31/2026 10:30:00,20.05,672.2,750.2,0.36,436.91,,,,,,
4140,03/31/2026 10:40:00,20.18,676.7,752.8,0.37,439.83,,,,,,
4141,03/31/2026 10:50:00,20.30,680.4,754.8,0.37,442.27,,,,,,
4142,03/31/2026 11:00:00,20.51,685.5,757.0,0.37,445.61,,,,,,
4143,03/31/2026 11:10:00,20.60,688.7,758.7,0.37,447.63,,,,,,
4144,03/31/2026 11:20:00,20.72,691.9,760.2,0.37,449.74,,,,,,
4145,03/31/2026 11:30:00,20.92,697.9,763.3,0.37,453.61,,,,,,
4146,03/31/2026 11:40:00,21.13,702.2,764.3,0.37,456.40,,,,,,
4147,03/31/2026 11:50:00,21.30,705.4,764.8,0.37,458.53,,,,,,
4148,03/31/2026 12:00:00,21.41,708.6,766.3,0.37,460.57,,,,,,
4149,03/31/2026 12:10:00,21.59,712.5,767.4,0.37,463.14,,,,,,
4150,03/31/2026 12:20:00,21.78,717.2,769.2,0.37,466.20,,,,,,
4151,03/31/2026 12:30:00,21.95,720.3,769.6,0.38,468.22,,,,,,
4152,03/31/2026 12:40:00,22.12,723.5,770.0,0.38,470.26,,,,,,
4153,03/31/2026 12:50:00,22.35,730.3,773.2,0.38,474.68,,,,,,
4154,03/31/2026 13:00:00,22.48,733.5,774.5,0.38,476.80,,,,,,
4155,03/31/2026 13:10:00,22.68,738.7,776.5,0.38,480.14,,,,,,
4156,03/31/2026 13:20:00,22.86,742.3,777.2,0.38,482.51,,,,,,
4157,03/31/2026 13:30:00,23.06,747.8,779.5,0.38,486.06,,,,,,
4158,03/31/2026 13:40:00,23.25,751.4,780.0,0.38,488.39,,,,,,
4159,03/31/2026 13:50:00,23.45,762.2,787.8,0.38,495.43,,,,,,
4160,03/31/2026 14:00:00,23.64,764.7,787.2,0.38,497.06,,,,,,
4161,03/31/2026 14:10:00,23.85,762.0,780.9,0.38,495.30,,,,,,
4162,03/31/2026 14:20:00,24.08,766.6,781.6,0.38,498.27,,,,,,
4163,03/31/2026 14:30:00,24.30,770.5,782.0,0.38,500.83,,,,,,
4164,03/31/2026 14:40:00,24.47,775.7,784.4,0.38,504.21,,,,,,
4165,03/31/2026 14:50:00,24.68,781.6,786.9,0.38,508.04,,,,,,
4166,03/31/2026 15:00:00,24.86,785.5,787.8,0.39,510.57,,,,,,
4167,03/31/2026 15:10:00,25.02,794.5,794.1,0.39,516.43,,,,,,
4168,03/31/2026 15:20:00,25.25,797.7,793.6,0.39,518.50,,,,,,
4169,03/31/2026 15:30:00,25.40,794.9,788.2,0.39,516.71,,,,,,
4170,03/31/2026 15:40:00,25.54,795.5,786.6,0.38,517.08,,,,,,
4171,03/31/2026 15:50:00,25.73,794.4,782.4,0.38,516.38,,,,,,
4172,03/31/2026 16:00:00,25.83,802.5,788.7,0.39,521.59,,,,,,
4173,03/31/2026 16:10:00,25.97,810.7,794.5,0.39,526.95,,,,,,
4174,03/31/2026 16:20:00,26.08,814.5,796.5,0.39,529.45,,,,,,
4175,03/31/2026 16:30:00,26.21,822.9,802.5,0.39,534.87,,,,,,
4176,03/31/2026 16:40:00,26.31,822.9,800.9,0.39,534.89,,,,,,
4177,03/31/2026 16:50:00,26.38,827.6,804.4,0.39,537.96,,,,,,
4178,03/31/2026 17:00:00,26.48,832.9,807.7,0.40,541.38,,,,,,
4179,03/31/2026 17:10:00,26.53,834.6,808.5,0.40,542.48,,,,,,
4180,03/31/2026 17:20:00,26.63,834.1,806.5,0.40,542.18,,,,,,
4181,03/31/2026 17:30:00,26.71,843.5,814.3,0.40,548.24,,,,,,
4182,03/31/2026 17:40:00,26.75,842.3,812.5,0.40,547.46,,,,,,
4183,03/31/2026 17:50:00,26.75,851.4,821.3,0.40,553.43,,,,,,
4184,03/31/2026 18:00:00,26.81,847.4,816.4,0.40,550.78,,,,,,
4185,03/31/2026 18:10:00,26.76,849.7,819.4,0.40,552.31,,,,,,
4186,03/31/2026 18:20:00,26.78,851.9,821.2,0.40,553.75,,,,,,
4187,03/31/2026 18:30:00,26.73,851.8,821.9,0.40,553.66,,,,,,
4188,03/31/2026 18:40:00,26.68,852.1,823.1,0.40,553.83,,,,,,
4189,03/31/2026 18:50:00,26.66,853.1,824.4,0.40,554.50,,,,,,
4190,03/31/2026 19:00:00,26.59,852.1,824.7,0.40,553.88,,,,,,
4191,03/31/2026 19:10:00,26.54,851.1,824.5,0.40,553.22,,,,,,
4192,03/31/2026 19:20:00,26.51,851.2,825.1,0.40,553.25,,,,,,
4193,03/31/2026 19:30:00,26.38,850.6,826.6,0.41,552.88,,,,,,
4194,03/31/2026 19:40:00,26.30,849.1,826.6,0.41,551.92,,,,,,
4195,03/31/2026 19:50:00,26.20,847.9,827.1,0.41,551.11,,,,,,
4196,03/31/2026 20:00:00,26.14,842.6,822.9,0.40,547.69,,,,,,
4197,03/31/2026 20:10:00,26.05,838.3,820.2,0.40,544.89,,,,,,
4198,03/31/2026 20:20:00,26.02,841.4,823.8,0.40,546.92,,,,,,
4199,03/31/2026 20:30:00,25.96,840.3,823.6,0.40,546.20,,,,,,
4200,03/31/2026 20:40:00,25.88,838.7,823.6,0.40,545.19,,,,,,
4201,03/31/2026 20:50:00,25.83,838.4,824.1,0.40,544.98,,,,,,
4202,03/31/2026 21:00:00,25.73,834.2,821.6,0.40,542.24,,,,,,
4203,03/31/2026 21:10:00,25.67,832.6,821.1,0.40,541.19,,,,,,
4204,03/31/2026 21:20:00,25.57,831.0,821.3,0.40,540.16,,,,,,
4205,03/31/2026 21:30:00,25.45,832.6,824.9,0.40,541.21,,,,,,
4206,03/31/2026 21:40:00,25.35,830.7,824.7,0.40,539.93,,,,,,
4207,03/31/2026 21:50:00,25.21,828.8,825.2,0.40,538.70,,,,,,
4208,03/31/2026 22:00:00,25.10,826.7,824.9,0.40,537.36,,,,,,
4209,03/31/2026 22:10:00,25.02,824.5,824.1,0.40,535.94,,,,,,
4210,03/31/2026 22:20:00,24.93,822.9,824.2,0.40,534.90,,,,,,
4211,03/31/2026 22:30:00,24.83,821.9,824.8,0.40,534.25,,,,,,
4212,03/31/2026 22:40:00,24.74,819.7,824.3,0.40,532.84,,,,,,
4213,03/31/2026 22:50:00,24.64,817.6,823.9,0.40,531.44,,,,,,
4214,03/31/2026 23:00:00,24.54,811.1,819.0,0.40,527.19,,,,,,
4215,03/31/2026 23:10:00,24.45,813.0,822.5,0.40,528.45,,,,,,
4216,03/31/2026 23:20:00,24.35,812.2,823.4,0.40,527.91,,,,,,
4217,03/31/2026 23:30:00,24.26,811.6,824.5,0.40,527.51,,,,,,
4218,03/31/2026 23:40:00,24.17,807.4,821.7,0.40,524.83,,,,,,
4219,03/31/2026 23:50:00,24.09,806.1,821.9,0.40,523.97,,,,,,
4220,04/01/2026 00:00:00,23.99,803.8,821.1,0.40,522.46,,,,,,
4221,04/01/2026 00:10:00,23.91,801.8,820.6,0.40,521.18,,,,,,
4222,04/01/2026 00:20:00,23.85,800.0,819.8,0.40,520.00,,,,,,
4223,04/01/2026 00:30:00,23.77,795.6,816.7,0.40,517.14,,,,,,
4224,04/01/2026 00:40:00,23.70,796.0,818.4,0.40,517.41,,,,,,
4225,04/01/2026 00:50:00,23.63,794.5,818.0,0.40,516.41,,,,,,
4226,04/01/2026 01:00:00,23.55,792.7,817.5,0.40,515.23,,,,,,
4227,04/01/2026 01:10:00,23.46,789.8,816.1,0.40,513.36,,,,,,
4228,04/01/2026 01:20:00,23.38,787.6,815.3,0.40,511.95,,,,,,
4229,04/01/2026 01:30:00,23.28,784.8,814.2,0.40,510.11,,,,,,
4230,04/01/2026 01:40:00,23.20,781.9,812.6,0.40,508.26,,,,,,
4231,04/01/2026 01:50:00,23.12,778.7,810.7,0.40,506.13,,,,,,
4232,04/01/2026 02:00:00,23.05,777.0,810.1,0.40,505.03,,,,,,
4233,04/01/2026 02:10:00,23.00,775.1,809.1,0.40,503.83,,,,,,
4234,04/01/2026 02:20:00,22.94,772.9,807.9,0.39,502.36,,,,,,
4235,04/01/2026 02:30:00,22.88,771.3,807.3,0.39,501.34,,,,,,
4236,04/01/2026 02:40:00,22.81,769.3,806.4,0.39,500.06,,,,,,
4237,04/01/2026 02:50:00,22.74,767.1,805.2,0.39,498.59,,,,,,
4238,04/01/2026 03:00:00,22.68,765.3,804.5,0.39,497.44,,,,,,
4239,04/01/2026 03:10:00,22.61,763.1,803.4,0.39,496.04,,,,,,
4240,04/01/2026 03:20:00,22.56,756.3,797.1,0.39,491.62,,,,,,
4241,04/01/2026 03:30:00,22.50,754.9,796.7,0.39,490.67,,,,,,
4242,04/01/2026 03:40:00,22.45,752.8,795.5,0.39,489.33,,,,,,
4243,04/01/2026 03:50:00,22.40,751.3,794.7,0.39,488.33,,,,,,
4244,04/01/2026 04:00:00,22.35,749.6,793.7,0.39,487.25,,,,,,
4245,04/01/2026 04:10:00,22.26,747.0,792.5,0.39,485.55,,,,,,
4246,04/01/2026 04:20:00,22.19,745.3,792.0,0.39,484.45,,,,,,
4247,04/01/2026 04:30:00,22.10,742.2,790.3,0.39,482.41,,,,,,
4248,04/01/2026 04:40:00,22.04,739.6,788.7,0.38,480.74,,,,,,
4249,04/01/2026 04:50:00,21.98,737.3,787.3,0.38,479.27,,,,,,
4250,04/01/2026 05:00:00,21.91,736.1,787.1,0.38,478.46,,,,,,
4251,04/01/2026 05:10:00,21.82,734.4,786.9,0.38,477.34,,,,,,
4252,04/01/2026 05:20:00,21.79,733.3,786.4,0.38,476.64,,,,,,
4253,04/01/2026 05:30:00,21.71,730.8,785.0,0.38,475.04,,,,,,
4254,04/01/2026 05:40:00,21.64,728.3,783.7,0.38,473.41,,,,,,
4255,04/01/2026 05:50:00,21.56,726.2,782.9,0.38,472.05,,,,,,
4256,04/01/2026 06:00:00,21.50,724.7,782.1,0.38,471.04,,,,,,
4257,04/01/2026 06:10:00,21.44,723.1,781.5,0.38,470.03,,,,,,
4258,04/01/2026 06:20:00,21.39,722.1,781.3,0.38,469.33,,,,,,
4259,04/01/2026 06:30:00,21.33,720.9,781.1,0.38,468.56,,,,,,
4260,04/01/2026 06:40:00,21.26,719.5,780.8,0.38,467.70,,,,,,
4261,04/01/2026 06:50:00,21.21,718.8,781.0,0.38,467.22,,,,,,
4262,04/01/2026 07:00:00,21.15,717.5,780.7,0.38,466.37,,,,,,
4263,04/01/2026 07:10:00,21.09,716.1,780.0,0.38,465.44,,,,,,
4264,04/01/2026 07:20:00,21.04,715.2,780.1,0.38,464.88,,,,,,
4265,04/01/2026 07:30:00,20.99,714.7,780.4,0.38,464.58,,,,,,
4266,04/01/2026 07:40:00,20.96,714.5,780.8,0.38,464.43,,,,,,
4267,04/01/2026 07:50:00,20.93,714.4,781.2,0.38,464.37,,,,,,
4268,04/01/2026 08:00:00,20.89,714.1,781.6,0.38,464.16,,,,,,
4269,04/01/2026 08:10:00,20.86,714.2,782.2,0.38,464.22,,,,,,
4270,04/01/2026 08:20:00,20.80,714.6,783.7,0.38,464.49,,,,,,
4271,04/01/2026 08:30:00,20.78,714.7,784.2,0.38,464.55,,,,,,
4272,04/01/2026 08:40:00,20.73,714.4,784.8,0.38,464.39,,,,,,
4273,04/01/2026 08:50:00,20.72,714.9,785.5,0.38,464.68,,,,,,
4274,04/01/2026 09:00:00,20.69,715.5,786.6,0.38,465.08,,,,,,
4275,04/01/2026 09:10:00,20.67,716.1,787.8,0.38,465.49,,,,,,
4276,04/01/2026 09:20:00,20.68,717.4,789.0,0.38,466.30,,,,,,
4277,04/01/2026 09:30:00,20.70,718.4,789.7,0.38,466.93,,,,,,
4278,04/01/2026 09:40:00,20.70,719.9,791.3,0.39,467.94,,,,,,
4279,04/01/2026 09:50:00,20.70,720.9,792.5,0.39,468.60,,,,,,
4280,04/01/2026 10:00:00,20.72,722.5,794.0,0.39,469.65,,,,,,
4281,04/01/2026 10:10:00,20.72,724.4,796.0,0.39,470.87,,,,,,
4282,04/01/2026 10:20:00,20.77,726.7,797.5,0.39,472.38,,,,,,
4283,04/01/2026 10:30:00,20.80,728.6,799.0,0.39,473.61,,,,,,
4284,04/01/2026 10:40:00,20.81,730.3,800.7,0.39,474.69,,,,,,
4285,04/01/2026 10:50:00,20.89,733.1,802.5,0.39,476.52,,,,,,
4286,04/01/2026 11:00:00,20.90,734.9,804.0,0.39,477.66,,,,,,
4287,04/01/2026 11:10:00,21.00,737.5,805.2,0.39,479.39,,,,,,
4288,04/01/2026 11:20:00,21.11,741.7,807.8,0.39,482.13,,,,,,
4289,04/01/2026 11:30:00,21.16,745.5,810.9,0.40,484.59,,,,,,
4290,04/01/2026 11:40:00,21.31,750.2,813.3,0.40,487.64,,,,,,
4291,04/01/2026 11:50:00,21.53,755.1,814.6,0.40,490.84,,,,,,
4292,04/01/2026 12:00:00,21.64,759.2,816.8,0.40,493.48,,,,,,
4293,04/01/2026 12:10:00,21.75,763.0,818.9,0.40,495.93,,,,,,
4294,04/01/2026 12:20:00,21.89,765.9,819.4,0.40,497.86,,,,,,
4295,04/01/2026 12:30:00,22.00,768.9,820.6,0.40,499.82,,,,,,
4296,04/01/2026 12:40:00,22.27,773.8,820.8,0.40,502.94,,,,,,
4297,04/01/2026 12:50:00,22.41,776.5,821.2,0.40,504.75,,,,,,
4298,04/01/2026 13:00:00,22.49,778.5,821.9,0.40,506.04,,,,,,
4299,04/01/2026 13:10:00,22.64,781.4,822.0,0.40,507.89,,,,,,
4300,04/01/2026 13:20:00,22.88,785.8,822.4,0.40,510.75,,,,,,
4301,04/01/2026 13:30:00,23.14,790.2,822.3,0.40,513.64,,,,,,
4302,04/01/2026 13:40:00,23.34,795.2,823.8,0.40,516.85,,,,,,
4303,04/01/2026 13:50:00,23.59,799.7,824.1,0.40,519.80,,,,,,
4304,04/01/2026 14:00:00,23.89,806.1,825.3,0.40,523.95,,,,,,
4305,04/01/2026 14:10:00,24.18,812.1,826.2,0.40,527.84,,,,,,
4306,04/01/2026 14:20:00,24.67,820.3,826.1,0.40,533.18,,,,,,
4307,04/01/2026 14:30:00,24.63,822.4,828.8,0.41,534.53,,,,,,
4308,04/01/2026 14:40:00,24.80,822.6,826.1,0.40,534.71,,,,,,
4309,04/01/2026 14:50:00,24.92,829.1,830.5,0.41,538.91,,,,,,
4310,04/01/2026 15:00:00,25.19,834.5,831.2,0.41,542.43,,,,,,
4311,04/01/2026 15:10:00,25.33,839.5,833.7,0.41,545.66,,,,,,
4312,04/01/2026 15:20:00,25.41,841.7,834.5,0.41,547.08,,,,,,
4313,04/01/2026 15:30:00,25.73,849.0,836.2,0.41,551.83,,,,,,
4314,04/01/2026 15:40:00,25.91,853.6,837.6,0.41,554.82,,,,,,
4315,04/01/2026 15:50:00,25.78,853.2,839.5,0.41,554.57,,,,,,
4316,04/01/2026 16:00:00,25.89,855.4,839.6,0.41,556.01,,,,,,
4317,04/01/2026 16:10:00,26.39,864.2,839.7,0.41,561.75,,,,,,
4318,04/01/2026 16:20:00,26.39,866.9,842.3,0.41,563.46,,,,,,
4319,04/01/2026 16:30:00,26.51,869.6,842.8,0.41,565.21,,,,,,
4320,04/01/2026 16:40:00,26.55,870.2,842.8,0.41,565.62,,,,,,
4321,04/01/2026 16:50:00,26.58,871.6,843.7,0.41,566.55,,,,,,
4322,04/01/2026 17:00:00,26.54,869.6,842.4,0.41,565.26,,,,,,
4323,04/01/2026 17:10:00,26.65,873.0,843.8,0.41,567.45,,,,,,
4324,04/01/2026 17:20:00,26.51,870.6,843.9,0.41,565.86,,,,,,
4325,04/01/2026 17:30:00,26.77,874.6,843.2,0.41,568.48,,,,,,
4326,04/01/2026 17:40:00,26.82,876.5,844.2,0.41,569.73,,,,,,
4327,04/01/2026 17:50:00,26.83,877.1,844.6,0.41,570.12,,,,,,
4328,04/01/2026 18:00:00,26.80,876.5,844.6,0.41,569.73,,,,,,
4329,04/01/2026 18:10:00,26.87,877.1,844.0,0.41,570.14,,,,,,
4330,04/01/2026 18:20:00,26.82,876.4,844.1,0.41,569.65,,,,,,
4331,04/01/2026 18:30:00,26.80,875.4,843.5,0.41,569.04,,,,,,
4332,04/01/2026 18:40:00,26.70,873.4,843.2,0.41,567.68,,,,,,
4333,04/01/2026 18:50:00,26.67,871.6,842.1,0.41,566.55,,,,,,
4334,04/01/2026 19:00:00,26.59,869.8,841.7,0.41,565.36,,,,,,
4335,04/01/2026 19:10:00,26.52,868.6,841.8,0.41,564.62,,,,,,
4336,04/01/2026 19:20:00,26.47,867.3,841.3,0.41,563.71,,,,,,
4337,04/01/2026 19:30:00,26.41,865.0,840.0,0.41,562.22,,,,,,
4338,04/01/2026 19:40:00,26.31,861.5,838.4,0.41,559.96,,,,,,
4339,04/01/2026 19:50:00,26.22,860.5,839.1,0.41,559.32,,,,,,
4340,04/01/2026 20:00:00,26.13,856.9,837.2,0.41,557.01,,,,,,
4341,04/01/2026 20:10:00,26.03,856.1,838.0,0.41,556.49,,,,,,
4342,04/01/2026 20:20:00,25.96,855.5,838.6,0.41,556.10,,,,,,
4343,04/01/2026 20:30:00,25.89,855.6,839.8,0.41,556.15,,,,,,
4344,04/01/2026 20:40:00,25.81,853.1,838.8,0.41,554.49,,,,,,
4345,04/01/2026 20:50:00,25.75,852.0,838.9,0.41,553.82,,,,,,
4346,04/01/2026 21:00:00,25.64,849.3,838.1,0.41,552.02,,,,,,
4347,04/01/2026 21:10:00,25.55,847.1,837.4,0.41,550.60,,,,,,
4348,04/01/2026 21:20:00,25.45,843.7,835.8,0.41,548.37,,,,,,
4349,04/01/2026 21:30:00,25.35,841.1,835.0,0.41,546.72,,,,,,
4350,04/01/2026 21:40:00,25.23,837.7,833.6,0.41,544.50,,,,,,
4351,04/01/2026 21:50:00,25.14,835.3,832.7,0.41,542.92,,,,,,
4352,04/01/2026 22:00:00,25.03,832.7,832.1,0.41,541.26,,,,,,
4353,04/01/2026 22:10:00,24.95,829.5,830.5,0.41,539.21,,,,,,
4354,04/01/2026 22:20:00,24.85,828.1,830.7,0.41,538.27,,,,,,
4355,04/01/2026 22:30:00,24.76,826.5,830.6,0.41,537.20,,,,,,
4356,04/01/2026 22:40:00,24.67,823.9,829.6,0.41,535.54,,,,,,
4357,04/01/2026 22:50:00,24.58,821.1,828.4,0.41,533.70,,,,,,
4358,04/01/2026 23:00:00,24.50,818.8,827.5,0.41,532.22,,,,,,
4359,04/01/2026 23:10:00,24.41,816.4,826.6,0.40,530.66,,,,,,
4360,04/01/2026 23:20:00,24.33,813.5,825.2,0.40,528.79,,,,,,
4361,04/01/2026 23:30:00,24.25,811.1,824.1,0.40,527.19,,,,,,
4362,04/01/2026 23:40:00,24.16,808.5,823.1,0.40,525.50,,,,,,
4363,04/01/2026 23:50:00,24.08,806.8,822.7,0.40,524.40,,,,,,
4364,04/02/2026 00:00:00,23.99,804.0,821.4,0.40,522.60,,,,,,
4365,04/02/2026 00:10:00,23.91,801.6,820.5,0.40,521.06,,,,,,
4366,04/02/2026 00:20:00,23.81,798.8,819.4,0.40,519.24,,,,,,
4367,04/02/2026 00:30:00,23.73,797.3,819.1,0.40,518.23,,,,,,
4368,04/02/2026 00:40:00,23.64,794.6,818.0,0.40,516.51,,,,,,
4369,04/02/2026 00:50:00,23.56,792.3,817.1,0.40,515.02,,,,,,
4370,04/02/2026 01:00:00,23.48,789.6,815.5,0.40,513.23,,,,,,
4371,04/02/2026 01:10:00,23.40,786.8,814.2,0.40,511.45,,,,,,
4372,04/02/2026 01:20:00,23.32,784.7,813.4,0.40,510.06,,,,,,
4373,04/02/2026 01:30:00,23.24,782.3,812.2,0.40,508.47,,,,,,
4374,04/02/2026 01:40:00,23.17,780.1,811.2,0.40,507.05,,,,,,
4375,04/02/2026 01:50:00,23.10,778.4,810.8,0.40,505.98,,,,,,
4376,04/02/2026 02:00:00,23.00,775.0,809.0,0.40,503.72,,,,,,
4377,04/02/2026 02:10:00,22.93,771.8,806.9,0.39,501.67,,,,,,
4378,04/02/2026 02:20:00,22.83,769.1,805.8,0.39,499.93,,,,,,
4379,04/02/2026 02:30:00,22.75,764.8,802.7,0.39,497.12,,,,,,
4380,04/02/2026 02:40:00,22.66,758.2,797.4,0.39,492.86,,,,,,
4381,04/02/2026 02:50:00,22.52,748.2,789.3,0.39,486.32,,,,,,
4382,04/02/2026 03:00:00,22.34,735.8,779.3,0.38,478.25,,,,,,
4383,04/02/2026 03:10:00,21.38,706.5,764.6,0.37,459.22,,,,,,
4384,04/02/2026 03:20:00,21.21,363.2,394.6,0.19,236.07,,,,,,
4385,04/02/2026 03:30:00,21.40,211.6,228.9,0.11,137.53,,,,,,
4386,04/02/2026 03:40:00,21.32,136.6,148.1,0.07,88.81,,,,,,
4387,04/02/2026 03:50:00,21.29,125.5,136.1,0.07,81.59,,,,,,
4388,04/02/2026 04:00:00,21.26,100.2,108.8,0.05,65.15,,,,,,
4389,04/02/2026 04:10:00,21.16,86.7,94.3,0.05,56.37,,,,,,
4390,04/02/2026 04:20:00,20.96,87.7,95.8,0.05,56.98,,,,,,
4391,04/02/2026 04:30:00,20.83,80.2,87.9,0.05,52.14,,,,,,
4392,04/02/2026 04:40:00,20.79,78.3,85.9,0.04,50.88,,,,,,
4393,04/02/2026 04:50:00,20.70,80.5,88.5,0.05,52.30,,,,,,
4394,04/02/2026 05:00:00,20.65,87.1,95.9,0.05,56.62,,,,,,
4395,04/02/2026 05:10:00,20.62,83.4,91.9,0.05,54.24,,,,,,
4396,04/02/2026 05:20:00,20.60,81.3,89.6,0.05,52.83,,,,,,
4397,04/02/2026 05:30:00,20.58,74.2,81.8,0.04,48.21,,,,,,
4398,04/02/2026 05:40:00,20.55,73.8,81.4,0.04,47.94,,,,,,
4399,04/02/2026 05:50:00,20.52,71.7,79.1,0.04,46.59,,,,,,
4400,04/02/2026 06:00:00,20.49,72.8,80.4,0.04,47.34,,,,,,
4401,04/02/2026 06:10:00,20.46,73.1,80.8,0.04,47.51,,,,,,
4402,04/02/2026 06:20:00,20.42,74.6,82.5,0.04,48.50,,,,,,
4403,04/02/2026 06:30:00,20.37,76.5,84.7,0.04,49.71,,,,,,
4404,04/02/2026 06:40:00,20.33,78.8,87.4,0.04,51.22,,,,,,
4405,04/02/2026 06:50:00,20.30,81.3,90.3,0.05,52.87,,,,,,
4406,04/02/2026 07:00:00,20.26,83.9,93.2,0.05,54.54,,,,,,
4407,04/02/2026 07:10:00,20.23,86.2,95.8,0.05,56.05,,,,,,
4408,04/02/2026 07:20:00,20.19,89.4,99.5,0.05,58.14,,,,,,
4409,04/02/2026 07:30:00,20.16,92.2,102.7,0.05,59.94,,,,,,
4410,04/02/2026 07:40:00,20.12,95.2,106.0,0.05,61.86,,,,,,
4411,04/02/2026 07:50:00,20.09,98.1,109.4,0.05,63.77,,,,,,
4412,04/02/2026 08:00:00,20.07,101.3,113.0,0.06,65.85,,,,,,
4413,04/02/2026 08:10:00,20.05,104.6,116.8,0.06,68.01,,,,,,
4414,04/02/2026 08:20:00,20.04,117.7,131.4,0.06,76.51,,,,,,
4415,04/02/2026 08:30:00,20.03,112.1,125.2,0.06,72.87,,,,,,
4416,04/02/2026 08:40:00,20.03,116.0,129.5,0.06,75.38,,,,,,
4417,04/02/2026 08:50:00,20.04,121.2,135.3,0.07,78.78,,,,,,
4418,04/02/2026 09:00:00,20.05,125.4,140.0,0.07,81.53,,,,,,
4419,04/02/2026 09:10:00,20.10,131.2,146.3,0.07,85.30,,,,,,
4420,04/02/2026 09:20:00,20.14,136.4,151.9,0.07,88.67,,,,,,
4421,04/02/2026 09:30:00,20.21,143.1,159.0,0.08,92.99,,,,,,
4422,04/02/2026 09:40:00,20.29,149.7,166.1,0.08,97.28,,,,,,
4423,04/02/2026 09:50:00,20.38,156.3,173.1,0.08,101.60,,,,,,
4424,04/02/2026 10:00:00,20.50,163.7,180.7,0.09,106.39,,,,,,
4425,04/02/2026 10:10:00,20.61,170.6,187.9,0.09,110.86,,,,,,
4426,04/02/2026 10:20:00,20.72,177.9,195.5,0.09,115.63,,,,,,
4427,04/02/2026 10:30:00,20.89,185.6,203.1,0.10,120.62,,,,,,
4428,04/02/2026 10:40:00,21.03,192.6,210.2,0.10,125.21,,,,,,
4429,04/02/2026 10:50:00,21.20,199.9,217.2,0.10,129.91,,,,,,
4430,04/02/2026 11:00:00,21.42,206.9,223.7,0.11,134.46,,,,,,
4431,04/02/2026 11:10:00,21.64,213.2,229.4,0.11,138.60,,,,,,
4432,04/02/2026 11:20:00,21.84,218.2,233.7,0.11,141.81,,,,,,
4433,04/02/2026 11:30:00,22.17,225.2,239.5,0.12,146.41,,,,,,
4434,04/02/2026 11:40:00,22.54,233.7,246.5,0.12,151.92,,,,,,
4435,04/02/2026 11:50:00,22.92,238.5,249.4,0.12,155.05,,,,,,
4436,04/02/2026 12:00:00,23.28,247.0,256.3,0.12,160.56,,,,,,
4437,04/02/2026 12:10:00,23.71,254.7,261.8,0.13,165.56,,,,,,
4438,04/02/2026 12:20:00,24.15,259.2,263.9,0.13,168.50,,,,,,
4439,04/02/2026 12:30:00,24.57,265.4,267.8,0.13,172.49,,,,,,
4440,04/02/2026 12:40:00,24.99,271.3,271.4,0.13,176.36,,,,,,
4441,04/02/2026 12:50:00,25.40,278.6,276.3,0.13,181.08,,,,,,
4442,04/02/2026 13:00:00,25.78,280.0,275.5,0.13,181.98,,,,,,
4443,04/02/2026 13:10:00,26.12,289.2,282.5,0.14,187.96,,,,,,
4444,04/02/2026 13:20:00,26.47,290.7,282.1,0.14,188.98,,,,,,
4445,04/02/2026 13:30:00,26.76,299.1,288.5,0.14,194.43,,,,,,
4446,04/02/2026 13:40:00,27.03,304.5,292.1,0.14,197.94,,,,,,
4447,04/02/2026 13:50:00,27.35,306.5,292.1,0.14,199.22,,,,,,
4448,04/02/2026 14:00:00,27.60,310.4,294.3,0.14,201.76,,,,,,
4449,04/02/2026 14:10:00,27.87,307.4,289.9,0.14,199.80,,,,,,
4450,04/02/2026 14:20:00,28.11,318.3,298.8,0.14,206.89,,,,,,
4451,04/02/2026 14:30:00,28.29,321.3,300.5,0.15,208.82,,,,,,
4452,04/02/2026 14:40:00,28.47,323.2,301.2,0.15,210.08,,,,,,
4453,04/02/2026 14:50:00,28.57,324.5,301.9,0.15,210.95,,,,,,
4454,04/02/2026 15:00:00,28.72,325.2,301.6,0.15,211.39,,,,,,
4455,04/02/2026 15:10:00,28.78,326.6,302.6,0.15,212.30,,,,,,
4456,04/02/2026 15:20:00,28.77,326.5,302.5,0.15,212.20,,,,,,
4457,04/02/2026 15:30:00,28.73,327.1,303.4,0.15,212.64,,,,,,
4458,04/02/2026 15:40:00,28.68,328.6,305.0,0.15,213.60,,,,,,
4459,04/02/2026 15:50:00,28.47,328.0,305.7,0.15,213.22,,,,,,
4460,04/02/2026 16:00:00,28.33,330.0,308.4,0.15,214.51,,,,,,
4461,04/02/2026 16:10:00,28.21,331.4,310.5,0.15,215.42,,,,,,
4462,04/02/2026 16:20:00,28.11,328.2,308.0,0.15,213.30,,,,,,
4463,04/02/2026 16:30:00,28.00,328.3,308.9,0.15,213.42,,,,,,
4464,04/02/2026 16:40:00,27.91,327.9,309.0,0.15,213.11,,,,,,
4465,04/02/2026 16:50:00,27.78,327.7,309.6,0.15,212.98,,,,,,
4466,04/02/2026 17:00:00,27.64,325.2,308.1,0.15,211.37,,,,,,
4467,04/02/2026 17:10:00,27.56,326.7,310.0,0.15,212.35,,,,,,
4468,04/02/2026 17:20:00,27.51,332.7,316.1,0.15,216.27,,,,,,
4469,04/02/2026 17:30:00,27.35,334.1,318.4,0.15,217.18,,,,,,
4470,04/02/2026 17:40:00,27.13,332.5,318.3,0.15,216.14,,,,,,
4471,04/02/2026 17:50:00,26.99,332.5,319.1,0.15,216.09,,,,,,
4472,04/02/2026 18:00:00,26.84,332.8,320.4,0.15,216.31,,,,,,
4473,04/02/2026 18:10:00,26.66,339.0,327.6,0.16,220.33,,,,,,
4474,04/02/2026 18:20:00,26.39,337.7,328.1,0.16,219.52,,,,,,
4475,04/02/2026 18:30:00,26.17,335.4,327.4,0.16,218.04,,,,,,
4476,04/02/2026 18:40:00,26.00,334.8,327.9,0.16,217.64,,,,,,
4477,04/02/2026 18:50:00,25.81,338.6,333.0,0.16,220.10,,,,,,
4478,04/02/2026 19:00:00,25.60,334.5,330.3,0.16,217.45,,,,,,
4479,04/02/2026 19:10:00,25.37,327.2,324.6,0.16,212.65,,,,,,
4480,04/02/2026 19:20:00,25.17,337.8,336.6,0.16,219.60,,,,,,
4481,04/02/2026 19:30:00,24.98,335.6,335.7,0.16,218.12,,,,,,
4482,04/02/2026 19:40:00,24.80,332.9,334.2,0.16,216.36,,,,,,
4483,04/02/2026 19:50:00,24.60,335.6,338.4,0.16,218.14,,,,,,
4484,04/02/2026 20:00:00,24.42,335.6,339.7,0.16,218.14,,,,,,
4485,04/02/2026 20:10:00,24.27,334.7,339.9,0.16,217.55,,,,,,
4486,04/02/2026 20:20:00,24.12,326.3,332.4,0.16,212.07,,,,,,
4487,04/02/2026 20:30:00,23.96,337.5,345.0,0.17,219.38,,,,,,
4488,04/02/2026 20:40:00,23.83,339.2,347.8,0.17,220.51,,,,,,
4489,04/02/2026 20:50:00,23.70,340.4,350.0,0.17,221.27,,,,,,
4490,04/02/2026 21:00:00,23.57,340.7,351.3,0.17,221.48,,,,,,
4491,04/02/2026 21:10:00,23.46,340.8,352.1,0.17,221.51,,,,,,
4492,04/02/2026 21:20:00,23.37,342.0,354.2,0.17,222.33,,,,,,
4493,04/02/2026 21:30:00,23.28,349.0,362.1,0.17,226.86,,,,,,
4494,04/02/2026 21:40:00,23.20,340.9,354.3,0.17,221.59,,,,,,
4495,04/02/2026 21:50:00,23.12,339.4,353.3,0.17,220.61,,,,,,
4496,04/02/2026 22:00:00,23.06,343.1,357.7,0.17,223.01,,,,,,
4497,04/02/2026 22:10:00,22.99,342.6,357.7,0.17,222.71,,,,,,
4498,04/02/2026 22:20:00,22.92,339.7,355.2,0.17,220.80,,,,,,
4499,04/02/2026 22:30:00,22.85,343.7,359.9,0.17,223.39,,,,,,
4500,04/02/2026 22:40:00,22.78,341.4,358.1,0.17,221.93,,,,,,
4501,04/02/2026 22:50:00,22.69,338.9,356.2,0.17,220.31,,,,,,
4502,04/02/2026 23:00:00,22.61,340.1,358.1,0.17,221.06,,,,,,
4503,04/02/2026 23:10:00,22.51,340.6,359.5,0.17,221.41,,,,,,
4504,04/02/2026 23:20:00,22.41,339.2,358.7,0.17,220.49,,,,,,
4505,04/02/2026 23:30:00,22.34,338.1,358.1,0.17,219.77,,,,,,
4506,04/02/2026 23:40:00,22.26,337.4,358.0,0.17,219.32,,,,,,
4507,04/02/2026 23:50:00,22.18,338.8,360.1,0.17,220.21,,,,,,
4508,04/03/2026 00:00:00,22.11,339.0,360.9,0.17,220.37,,,,,,
4509,04/03/2026 00:10:00,22.03,338.1,360.5,0.17,219.74,,,,,,
4510,04/03/2026 00:20:00,21.97,335.6,358.4,0.17,218.13,,,,,,
4511,04/03/2026 00:30:00,21.90,335.4,358.8,0.17,218.03,,,,,,
4512,04/03/2026 00:40:00,21.83,336.2,360.2,0.17,218.55,,,,,,
4513,04/03/2026 00:50:00,21.78,336.4,360.8,0.17,218.64,,,,,,
4514,04/03/2026 01:00:00,21.72,337.5,362.5,0.17,219.39,,,,,,
4515,04/03/2026 01:10:00,21.67,336.8,362.1,0.17,218.89,,,,,,
4516,04/03/2026 01:20:00,21.62,338.4,364.3,0.17,219.98,,,,,,
4517,04/03/2026 01:30:00,21.56,339.7,366.2,0.18,220.82,,,,,,
4518,04/03/2026 01:40:00,21.51,336.9,363.5,0.17,218.95,,,,,,
4519,04/03/2026 01:50:00,21.46,338.9,366.1,0.18,220.30,,,,,,
4520,04/03/2026 02:00:00,21.40,339.5,367.2,0.18,220.67,,,,,,
4521,04/03/2026 02:10:00,21.35,334.9,362.8,0.17,217.72,,,,,,
4522,04/03/2026 02:20:00,21.29,335.0,363.3,0.17,217.74,,,,,,
4523,04/03/2026 02:30:00,21.25,338.7,367.7,0.18,220.17,,,,,,
4524,04/03/2026 02:40:00,21.21,339.3,368.6,0.18,220.56,,,,,,
4525,04/03/2026 02:50:00,21.18,332.8,361.8,0.17,216.30,,,,,,
4526,04/03/2026 03:00:00,21.16,333.5,362.8,0.17,216.79,,,,,,
4527,04/03/2026 03:10:00,21.15,338.9,368.7,0.18,220.29,,,,,,
4528,04/03/2026 03:20:00,21.15,335.9,365.4,0.18,218.31,,,,,,
4529,04/03/2026 03:30:00,21.16,335.5,365.0,0.18,218.08,,,,,,
4530,04/03/2026 03:40:00,21.16,335.5,364.9,0.17,218.07,,,,,,
4531,04/03/2026 03:50:00,21.16,339.8,369.6,0.18,220.87,,,,,,
4532,04/03/2026 04:00:00,21.17,339.2,368.8,0.18,220.46,,,,,,
4533,04/03/2026 04:10:00,21.17,335.2,364.5,0.17,217.88,,,,,,
4534,04/03/2026 04:20:00,21.17,357.3,388.6,0.19,232.23,,,,,,
4535,04/03/2026 04:30:00,21.16,339.4,369.2,0.18,220.61,,,,,,
4536,04/03/2026 04:40:00,21.14,339.4,369.3,0.18,220.62,,,,,,
4537,04/03/2026 04:50:00,21.13,339.9,369.9,0.18,220.91,,,,,,
4538,04/03/2026 05:00:00,21.11,339.2,369.4,0.18,220.51,,,,,,
4539,04/03/2026 05:10:00,21.10,340.1,370.4,0.18,221.05,,,,,,
4540,04/03/2026 05:20:00,21.09,337.9,368.2,0.18,219.64,,,,,,
4541,04/03/2026 05:30:00,21.07,338.4,368.8,0.18,219.93,,,,,,
4542,04/03/2026 05:40:00,21.05,336.8,367.3,0.18,218.95,,,,,,
4543,04/03/2026 05:50:00,21.04,338.4,369.1,0.18,219.93,,,,,,
4544,04/03/2026 06:00:00,21.03,339.1,370.0,0.18,220.41,,,,,,
4545,04/03/2026 06:10:00,21.00,340.1,371.3,0.18,221.08,,,,,,
4546,04/03/2026 06:20:00,20.99,334.2,365.0,0.17,217.23,,,,,,
4547,04/03/2026 06:30:00,20.97,340.0,371.5,0.18,221.02,,,,,,
4548,04/03/2026 06:40:00,20.96,339.3,370.8,0.18,220.55,,,,,,
4549,04/03/2026 06:50:00,20.95,339.7,371.3,0.18,220.80,,,,,,
4550,04/03/2026 07:00:00,20.94,339.8,371.4,0.18,220.87,,,,,,
4551,04/03/2026 07:10:00,20.94,339.9,371.5,0.18,220.91,,,,,,
4552,04/03/2026 07:20:00,20.94,340.4,372.1,0.18,221.27,,,,,,
4553,04/03/2026 07:30:00,20.94,340.4,372.2,0.18,221.29,,,,,,
4554,04/03/2026 07:40:00,20.95,339.9,371.5,0.18,220.92,,,,,,
4555,04/03/2026 07:50:00,20.96,340.1,371.7,0.18,221.08,,,,,,
4556,04/03/2026 08:00:00,20.97,341.6,373.2,0.18,222.05,,,,,,
4557,04/03/2026 08:10:00,20.97,342.6,374.2,0.18,222.67,,,,,,
4558,04/03/2026 08:20:00,21.00,341.8,373.2,0.18,222.19,,,,,,
4559,04/03/2026 08:30:00,21.03,341.0,372.1,0.18,221.67,,,,,,
4560,04/03/2026 08:40:00,21.06,341.5,372.3,0.18,222.00,,,,,,
4561,04/03/2026 08:50:00,21.11,341.6,372.1,0.18,222.07,,,,,,
4562,04/03/2026 09:00:00,21.18,342.1,371.9,0.18,222.36,,,,,,
4563,04/03/2026 09:10:00,21.22,342.5,372.0,0.18,222.63,,,,,,
4564,04/03/2026 09:20:00,21.28,342.9,371.9,0.18,222.86,,,,,,
4565,04/03/2026 09:30:00,21.37,344.8,373.3,0.18,224.15,,,,,,
4566,04/03/2026 09:40:00,21.48,342.5,369.9,0.18,222.64,,,,,,
4567,04/03/2026 09:50:00,21.63,335.8,361.4,0.17,218.29,,,,,,
4568,04/03/2026 10:00:00,21.79,329.7,353.5,0.17,214.29,,,,,,
4569,04/03/2026 10:10:00,21.95,341.0,364.3,0.17,221.63,,,,,,
4570,04/03/2026 10:20:00,22.12,345.8,368.0,0.18,224.74,,,,,,
4571,04/03/2026 10:30:00,22.33,346.8,367.4,0.18,225.39,,,,,,
4572,04/03/2026 10:40:00,22.49,346.5,365.8,0.18,225.26,,,,,,
4573,04/03/2026 10:50:00,22.61,346.7,365.0,0.18,225.39,,,,,,
4574,04/03/2026 11:00:00,22.80,333.6,349.8,0.17,216.86,,,,,,
4575,04/03/2026 11:10:00,22.99,340.2,355.2,0.17,221.16,,,,,,
4576,04/03/2026 11:20:00,23.28,357.0,370.4,0.18,232.06,,,,,,
4577,04/03/2026 11:30:00,23.59,343.8,354.3,0.17,223.46,,,,,,
4578,04/03/2026 11:40:00,23.83,347.6,356.4,0.17,225.97,,,,,,
4579,04/03/2026 11:50:00,24.09,349.0,355.8,0.17,226.85,,,,,,
4580,04/03/2026 12:00:00,24.31,348.5,353.6,0.17,226.54,,,,,,
4581,04/03/2026 12:10:00,24.51,349.0,352.6,0.17,226.85,,,,,,
4582,04/03/2026 12:20:00,24.70,348.7,350.9,0.17,226.69,,,,,,
4583,04/03/2026 12:30:00,24.92,351.0,351.6,0.17,228.12,,,,,,
4584,04/03/2026 12:40:00,25.18,352.3,350.9,0.17,228.97,,,,,,
4585,04/03/2026 12:50:00,25.35,352.2,349.6,0.17,228.93,,,,,,
4586,04/03/2026 13:00:00,25.49,354.3,350.7,0.17,230.32,,,,,,
4587,04/03/2026 13:10:00,25.51,353.0,349.3,0.17,229.45,,,,,,
4588,04/03/2026 13:20:00,25.49,353.1,349.5,0.17,229.49,,,,,,
4589,04/03/2026 13:30:00,25.47,355.0,351.6,0.17,230.75,,,,,,
4590,04/03/2026 13:40:00,25.44,348.7,345.5,0.17,226.64,,,,,,
4591,04/03/2026 13:50:00,25.47,348.8,345.4,0.17,226.69,,,,,,
4592,04/03/2026 14:00:00,25.50,344.4,340.7,0.16,223.83,,,,,,
4593,04/03/2026 14:10:00,25.58,348.5,344.3,0.17,226.51,,,,,,
4594,04/03/2026 14:20:00,25.68,346.0,341.1,0.16,224.89,,,,,,
4595,04/03/2026 14:30:00,25.80,349.6,343.8,0.17,227.21,,,,,,
4596,04/03/2026 14:40:00,25.89,346.0,339.7,0.16,224.91,,,,,,
4597,04/03/2026 14:50:00,26.00,344.2,337.2,0.16,223.74,,,,,,
4598,04/03/2026 15:00:00,26.11,344.4,336.6,0.16,223.89,,,,,,
4599,04/03/2026 15:10:00,26.26,344.6,335.7,0.16,224.00,,,,,,
4600,04/03/2026 15:20:00,26.48,345.9,335.4,0.16,224.80,,,,,,
4601,04/03/2026 15:30:00,26.78,344.8,332.3,0.16,224.11,,,,,,
4602,04/03/2026 15:40:00,26.98,347.7,333.8,0.16,226.02,,,,,,
4603,04/03/2026 15:50:00,27.06,348.4,333.9,0.16,226.44,,,,,,
4604,04/03/2026 16:00:00,27.08,346.2,331.7,0.16,225.04,,,,,,
4605,04/03/2026 16:10:00,27.03,343.4,329.3,0.16,223.18,,,,,,
4606,04/03/2026 16:20:00,27.01,341.2,327.4,0.16,221.76,,,,,,
4607,04/03/2026 16:30:00,26.91,342.4,329.2,0.16,222.54,,,,,,
4608,04/03/2026 16:40:00,26.80,340.7,328.3,0.16,221.44,,,,,,
4609,04/03/2026 16:50:00,26.75,341.2,329.2,0.16,221.79,,,,,,
4610,04/03/2026 17:00:00,26.70,339.3,327.6,0.16,220.55,,,,,,
4611,04/03/2026 17:10:00,26.61,339.6,328.5,0.16,220.75,,,,,,
4612,04/03/2026 17:20:00,26.49,338.7,328.5,0.16,220.17,,,,,,
4613,04/03/2026 17:30:00,26.30,338.2,329.2,0.16,219.86,,,,,,
4614,04/03/2026 17:40:00,26.09,315.5,308.4,0.15,205.07,,,,,,
4615,04/03/2026 17:50:00,25.88,335.8,329.7,0.16,218.25,,,,,,
4616,04/03/2026 18:00:00,25.68,335.6,330.9,0.16,218.17,,,,,,
4617,04/03/2026 18:10:00,25.50,334.9,331.5,0.16,217.71,,,,,,
4618,04/03/2026 18:20:00,25.34,334.9,332.5,0.16,217.66,,,,,,
4619,04/03/2026 18:30:00,25.18,334.5,333.2,0.16,217.43,,,,,,
4620,04/03/2026 18:40:00,25.02,334.2,334.1,0.16,217.24,,,,,,
4621,04/03/2026 18:50:00,24.88,334.1,334.9,0.16,217.16,,,,,,
4622,04/03/2026 19:00:00,24.76,334.6,336.3,0.16,217.48,,,,,,
4623,04/03/2026 19:10:00,24.64,334.8,337.3,0.16,217.64,,,,,,
4624,04/03/2026 19:20:00,24.53,336.1,339.5,0.16,218.48,,,,,,
4625,04/03/2026 19:30:00,24.42,338.2,342.4,0.17,219.84,,,,,,
4626,04/03/2026 19:40:00,24.28,340.6,345.8,0.17,221.41,,,,,,
4627,04/03/2026 19:50:00,24.16,342.8,348.9,0.17,222.80,,,,,,
4628,04/03/2026 20:00:00,24.04,345.1,352.2,0.17,224.30,,,,,,
4629,04/03/2026 20:10:00,23.91,346.8,354.9,0.17,225.42,,,,,,
4630,04/03/2026 20:20:00,23.79,346.2,355.2,0.17,225.02,,,,,,
4631,04/03/2026 20:30:00,23.67,345.7,355.6,0.17,224.71,,,,,,
4632,04/03/2026 20:40:00,23.55,337.2,347.8,0.17,219.19,,,,,,
4633,04/03/2026 20:50:00,23.43,341.9,353.6,0.17,222.26,,,,,,
4634,04/03/2026 21:00:00,23.31,335.6,348.0,0.17,218.17,,,,,,
4635,04/03/2026 21:10:00,23.21,352.4,366.2,0.18,229.05,,,,,,
4636,04/03/2026 21:20:00,23.10,351.7,366.3,0.18,228.61,,,,,,
4637,04/03/2026 21:30:00,23.00,354.1,369.6,0.18,230.14,,,,,,
4638,04/03/2026 21:40:00,22.91,354.5,370.8,0.18,230.44,,,,,,
4639,04/03/2026 21:50:00,22.83,354.7,371.7,0.18,230.58,,,,,,
4640,04/03/2026 22:00:00,22.76,355.2,372.8,0.18,230.90,,,,,,
4641,04/03/2026 22:10:00,22.70,355.7,373.8,0.18,231.20,,,,,,
4642,04/03/2026 22:20:00,22.64,356.1,374.7,0.18,231.48,,,,,,
4643,04/03/2026 22:30:00,22.57,356.2,375.4,0.18,231.56,,,,,,
4644,04/03/2026 22:40:00,22.51,356.0,375.6,0.18,231.38,,,,,,
4645,04/03/2026 22:50:00,22.47,355.9,375.9,0.18,231.36,,,,,,
4646,04/03/2026 23:00:00,22.42,355.8,376.2,0.18,231.28,,,,,,
4647,04/03/2026 23:10:00,22.37,355.7,376.5,0.18,231.23,,,,,,
4648,04/03/2026 23:20:00,22.32,355.7,376.9,0.18,231.20,,,,,,
4649,04/03/2026 23:30:00,22.27,354.4,375.9,0.18,230.37,,,,,,
4650,04/03/2026 23:40:00,22.25,347.0,368.3,0.18,225.58,,,,,,
4651,04/03/2026 23:50:00,22.33,320.5,339.5,0.16,208.30,,,,,,
4652,04/04/2026 00:00:00,22.47,287.1,303.3,0.15,186.64,,,,,,
4653,04/04/2026 00:10:00,22.53,246.4,259.9,0.13,160.18,,,,,,
4654,04/04/2026 00:20:00,22.64,218.4,229.8,0.11,141.93,,,,,,
4655,04/04/2026 00:30:00,22.72,190.5,200.1,0.10,123.83,,,,,,
4656,04/04/2026 00:40:00,22.74,174.1,182.8,0.09,113.18,,,,,,
4657,04/04/2026 00:50:00,22.73,160.4,168.4,0.08,104.23,,,,,,
4658,04/04/2026 01:00:00,22.70,151.1,158.7,0.08,98.19,,,,,,
4659,04/04/2026 01:10:00,22.67,151.1,158.9,0.08,98.21,,,,,,
4660,04/04/2026 01:20:00,22.62,154.7,162.8,0.08,100.53,,,,,,
4661,04/04/2026 01:30:00,22.56,161.5,170.3,0.08,105.01,,,,,,
4662,04/04/2026 01:40:00,22.51,165.8,174.9,0.09,107.75,,,,,,
4663,04/04/2026 01:50:00,22.46,169.1,178.6,0.09,109.92,,,,,,
4664,04/04/2026 02:00:00,22.40,172.9,182.9,0.09,112.36,,,,,,
4665,04/04/2026 02:10:00,22.34,177.0,187.4,0.09,115.02,,,,,,
4666,04/04/2026 02:20:00,22.26,180.7,191.7,0.09,117.46,,,,,,
4667,04/04/2026 02:30:00,22.19,182.8,194.2,0.09,118.80,,,,,,
4668,04/04/2026 02:40:00,22.12,184.2,196.0,0.09,119.71,,,,,,
4669,04/04/2026 02:50:00,22.05,186.2,198.5,0.10,121.02,,,,,,
4670,04/04/2026 03:00:00,21.99,190.4,203.3,0.10,123.79,,,,,,
4671,04/04/2026 03:10:00,21.93,197.0,210.5,0.10,128.03,,,,,,
4672,04/04/2026 03:20:00,21.89,203.8,218.0,0.11,132.46,,,,,,
4673,04/04/2026 03:30:00,21.85,211.5,226.5,0.11,137.50,,,,,,
4674,04/04/2026 03:40:00,21.81,216.9,232.5,0.11,140.97,,,,,,
4675,04/04/2026 03:50:00,21.77,221.2,237.3,0.11,143.78,,,,,,
4676,04/04/2026 04:00:00,21.74,225.6,242.1,0.12,146.63,,,,,,
4677,04/04/2026 04:10:00,21.71,230.1,247.1,0.12,149.55,,,,,,
4678,04/04/2026 04:20:00,21.68,234.8,252.4,0.12,152.63,,,,,,
4679,04/04/2026 04:30:00,21.65,239.6,257.7,0.12,155.73,,,,,,
4680,04/04/2026 04:40:00,21.62,244.4,263.1,0.13,158.85,,,,,,
4681,04/04/2026 04:50:00,21.59,247.1,266.2,0.13,160.61,,,,,,
4682,04/04/2026 05:00:00,21.56,261.1,281.4,0.14,169.73,,,,,,
4683,04/04/2026 05:10:00,21.54,255.0,275.0,0.13,165.74,,,,,,
4684,04/04/2026 05:20:00,21.49,257.6,278.1,0.13,167.41,,,,,,
4685,04/04/2026 05:30:00,21.39,255.6,276.6,0.13,166.16,,,,,,
4686,04/04/2026 05:40:00,20.99,80.5,87.9,0.05,52.31,,,,,,
4687,04/04/2026 05:50:00,20.78,58.9,64.6,0.03,38.28,,,,,,
4688,04/04/2026 06:00:00,20.57,54.0,59.6,0.03,35.11,,,,,,
4689,04/04/2026 06:10:00,20.36,43.9,48.7,0.03,28.56,,,,,,
4690,04/04/2026 06:20:00,20.12,50.3,56.0,0.03,32.68,,,,,,
4691,04/04/2026 06:30:00,19.96,46.0,51.5,0.03,29.92,,,,,,
4692,04/04/2026 06:40:00,19.74,44.2,49.7,0.03,28.72,,,,,,
4693,04/04/2026 06:50:00,19.65,45.6,51.4,0.03,29.66,,,,,,
4694,04/04/2026 07:00:00,19.47,45.3,51.2,0.03,29.42,,,,,,
4695,04/04/2026 07:10:00,19.30,45.3,51.4,0.03,29.44,,,,,,
4696,04/04/2026 07:20:00,19.13,47.7,54.4,0.03,30.99,,,,,,
4697,04/04/2026 07:30:00,18.91,50.7,58.2,0.03,32.97,,,,,,
4698,04/04/2026 07:40:00,18.71,55.7,64.2,0.03,36.23,,,,,,
4699,04/04/2026 07:50:00,18.43,56.1,65.1,0.03,36.48,,,,,,
4700,04/04/2026 08:00:00,18.17,58.4,68.2,0.04,37.96,,,,,,
4701,04/04/2026 08:10:00,17.98,63.0,73.9,0.04,40.95,,,,,,
4702,04/04/2026 08:20:00,17.76,64.1,75.6,0.04,41.67,,,,,,
4703,04/04/2026 08:30:00,17.50,67.3,79.9,0.04,43.76,,,,,,
4704,04/04/2026 08:40:00,17.31,72.7,86.7,0.04,47.25,,,,,,
4705,04/04/2026 08:50:00,17.11,76.6,91.8,0.05,49.77,,,,,,
4706,04/04/2026 09:00:00,16.97,83.6,100.5,0.05,54.31,,,,,,
4707,04/04/2026 09:10:00,16.90,85.5,103.0,0.05,55.55,,,,,,
4708,04/04/2026 09:20:00,16.78,89.2,107.7,0.05,57.95,,,,,,
4709,04/04/2026 09:30:00,16.69,77.6,94.0,0.05,50.42,,,,,,
4710,04/04/2026 09:40:00,16.63,81.5,98.9,0.05,52.97,,,,,,
4711,04/04/2026 09:50:00,16.62,85.6,103.8,0.05,55.62,,,,,,
4712,04/04/2026 10:00:00,16.57,92.1,111.9,0.05,59.84,,,,,,
4713,04/04/2026 10:10:00,16.56,99.0,120.4,0.06,64.37,,,,,,
4714,04/04/2026 10:20:00,16.63,91.0,110.4,0.05,59.15,,,,,,
4715,04/04/2026 10:30:00,16.69,93.5,113.3,0.06,60.81,,,,,,
4716,04/04/2026 10:40:00,16.79,97.7,118.1,0.06,63.52,,,,,,
4717,04/04/2026 10:50:00,16.94,102.4,123.2,0.06,66.55,,,,,,
4718,04/04/2026 11:00:00,17.12,131.4,157.5,0.08,85.44,,,,,,
4719,04/04/2026 11:10:00,17.32,112.3,133.9,0.06,72.99,,,,,,
4720,04/04/2026 11:20:00,17.52,115.1,136.6,0.07,74.83,,,,,,
4721,04/04/2026 11:30:00,17.73,120.0,141.7,0.07,78.02,,,,,,
4722,04/04/2026 11:40:00,17.90,133.4,156.7,0.08,86.70,,,,,,
4723,04/04/2026 11:50:00,18.04,140.1,164.1,0.08,91.08,,,,,,
4724,04/04/2026 12:00:00,18.20,146.4,170.8,0.08,95.17,,,,,,
4725,04/04/2026 12:10:00,18.38,160.2,186.0,0.09,104.11,,,,,,
4726,04/04/2026 12:20:00,18.50,156.2,180.9,0.09,101.53,,,,,,
4727,04/04/2026 12:30:00,18.62,161.1,186.0,0.09,104.70,,,,,,
4728,04/04/2026 12:40:00,18.78,169.1,194.5,0.09,109.89,,,,,,
4729,04/04/2026 12:50:00,18.96,167.9,192.3,0.09,109.15,,,,,,
4730,04/04/2026 13:00:00,19.24,207.3,235.9,0.11,134.75,,,,,,
4731,04/04/2026 13:10:00,19.53,174.4,197.1,0.09,113.38,,,,,,
4732,04/04/2026 13:20:00,19.81,177.9,199.6,0.10,115.62,,,,,,
4733,04/04/2026 13:30:00,20.08,183.3,204.4,0.10,119.12,,,,,,
4734,04/04/2026 13:40:00,20.32,184.2,204.3,0.10,119.73,,,,,,
4735,04/04/2026 13:50:00,20.47,183.9,203.2,0.10,119.51,,,,,,
4736,04/04/2026 14:00:00,20.58,180.0,198.4,0.10,117.00,,,,,,
4737,04/04/2026 14:10:00,20.71,178.1,195.8,0.09,115.79,,,,,,
4738,04/04/2026 14:20:00,20.82,181.6,199.0,0.10,118.02,,,,,,
4739,04/04/2026 14:30:00,20.93,181.8,198.8,0.10,118.14,,,,,,
4740,04/04/2026 14:40:00,21.03,183.6,200.3,0.10,119.33,,,,,,
4741,04/04/2026 14:50:00,21.14,199.2,216.8,0.10,129.48,,,,,,
4742,04/04/2026 15:00:00,21.20,181.7,197.5,0.10,118.13,,,,,,
4743,04/04/2026 15:10:00,21.26,180.1,195.4,0.09,117.06,,,,,,
4744,04/04/2026 15:20:00,21.30,180.6,195.8,0.09,117.41,,,,,,
4745,04/04/2026 15:30:00,21.36,213.7,231.4,0.11,138.90,,,,,,
4746,04/04/2026 15:40:00,21.42,202.8,219.3,0.11,131.83,,,,,,
4747,04/04/2026 15:50:00,21.42,194.3,210.1,0.10,126.28,,,,,,
4748,04/04/2026 16:00:00,21.41,195.4,211.4,0.10,127.03,,,,,,
4749,04/04/2026 16:10:00,21.42,184.9,200.0,0.10,120.19,,,,,,
4750,04/04/2026 16:20:00,21.41,179.0,193.5,0.09,116.33,,,,,,
4751,04/04/2026 16:30:00,21.41,173.1,187.2,0.09,112.52,,,,,,
4752,04/04/2026 16:40:00,21.38,171.5,185.6,0.09,111.50,,,,,,
4753,04/04/2026 16:50:00,21.36,179.1,194.0,0.09,116.44,,,,,,
4754,04/04/2026 17:00:00,21.33,190.0,205.8,0.10,123.48,,,,,,
4755,04/04/2026 17:10:00,21.28,171.6,186.2,0.09,111.56,,,,,,
4756,04/04/2026 17:20:00,21.22,177.2,192.5,0.09,115.20,,,,,,
4757,04/04/2026 17:30:00,21.15,181.4,197.4,0.10,117.90,,,,,,
4758,04/04/2026 17:40:00,21.03,176.6,192.7,0.09,114.82,,,,,,
4759,04/04/2026 17:50:00,20.94,166.9,182.4,0.09,108.47,,,,,,
4760,04/04/2026 18:00:00,20.80,165.2,181.2,0.09,107.39,,,,,,
4761,04/04/2026 18:10:00,20.69,174.7,192.1,0.09,113.55,,,,,,
4762,04/04/2026 18:20:00,20.58,167.4,184.5,0.09,108.79,,,,,,
4763,04/04/2026 18:30:00,20.46,170.0,187.9,0.09,110.51,,,,,,
4764,04/04/2026 18:40:00,20.33,170.2,188.7,0.09,110.63,,,,,,
4765,04/04/2026 18:50:00,20.21,169.9,188.9,0.09,110.43,,,,,,
4766,04/04/2026 19:00:00,20.08,169.5,189.0,0.09,110.15,,,,,,
4767,04/04/2026 19:10:00,19.96,162.1,181.3,0.09,105.34,,,,,,
4768,04/04/2026 19:20:00,19.85,169.4,189.9,0.09,110.10,,,,,,
4769,04/04/2026 19:30:00,19.77,169.8,190.7,0.09,110.36,,,,,,
4770,04/04/2026 19:40:00,19.69,170.4,191.8,0.09,110.78,,,,,,
4771,04/04/2026 19:50:00,19.63,171.3,193.1,0.09,111.36,,,,,,
4772,04/04/2026 20:00:00,19.57,172.3,194.5,0.09,112.01,,,,,,
4773,04/04/2026 20:10:00,19.52,173.1,195.6,0.09,112.52,,,,,,
4774,04/04/2026 20:20:00,19.46,173.5,196.3,0.09,112.75,,,,,,
4775,04/04/2026 20:30:00,19.41,173.4,196.5,0.09,112.70,,,,,,
4776,04/04/2026 20:40:00,19.35,173.3,196.6,0.09,112.64,,,,,,
4777,04/04/2026 20:50:00,19.27,173.3,196.9,0.09,112.62,,,,,,
4778,04/04/2026 21:00:00,19.19,173.3,197.3,0.09,112.62,,,,,,
4779,04/04/2026 21:10:00,19.13,172.7,197.0,0.09,112.26,,,,,,
4780,04/04/2026 21:20:00,19.08,172.1,196.6,0.09,111.90,,,,,,
4781,04/04/2026 21:30:00,19.03,171.6,196.2,0.09,111.53,,,,,,
4782,04/04/2026 21:40:00,18.98,171.3,196.1,0.09,111.34,,,,,,
4783,04/04/2026 21:50:00,18.94,171.0,196.0,0.09,111.16,,,,,,
4784,04/04/2026 22:00:00,18.89,170.9,196.1,0.09,111.10,,,,,,
4785,04/04/2026 22:10:00,18.85,170.6,195.9,0.09,110.87,,,,,,
4786,04/04/2026 22:20:00,18.81,170.8,196.3,0.09,111.01,,,,,,
4787,04/04/2026 22:30:00,18.76,170.5,196.2,0.09,110.82,,,,,,
4788,04/04/2026 22:40:00,18.72,171.2,197.2,0.09,111.31,,,,,,
4789,04/04/2026 22:50:00,18.69,172.3,198.6,0.10,112.00,,,,,,
4790,04/04/2026 23:00:00,18.64,173.5,200.2,0.10,112.79,,,,,,
4791,04/04/2026 23:10:00,18.60,174.7,201.9,0.10,113.58,,,,,,
4792,04/04/2026 23:20:00,18.54,175.9,203.5,0.10,114.34,,,,,,
4793,04/04/2026 23:30:00,18.50,176.2,204.1,0.10,114.54,,,,,,
4794,04/04/2026 23:40:00,18.45,177.2,205.5,0.10,115.19,,,,,,
4795,04/04/2026 23:50:00,18.40,177.5,206.1,0.10,115.40,,,,,,
4796,04/05/2026 00:00:00,18.35,177.7,206.6,0.10,115.51,,,,,,
4797,04/05/2026 00:10:00,18.30,180.2,209.7,0.10,117.13,,,,,,
4798,04/05/2026 00:20:00,18.25,180.0,209.7,0.10,116.98,,,,,,
4799,04/05/2026 00:30:00,18.19,179.7,209.7,0.10,116.82,,,,,,
4800,04/05/2026 00:40:00,18.14,179.8,210.0,0.10,116.85,,,,,,
4801,04/05/2026 00:50:00,18.09,179.8,210.3,0.10,116.85,,,,,,
4802,04/05/2026 01:00:00,18.03,179.8,210.6,0.10,116.85,,,,,,
4803,04/05/2026 01:10:00,17.96,180.2,211.4,0.10,117.10,,,,,,
4804,04/05/2026 01:20:00,17.90,180.3,211.9,0.10,117.19,,,,,,
4805,04/05/2026 01:30:00,17.85,180.5,212.4,0.10,117.34,,,,,,
4806,04/05/2026 01:40:00,17.81,180.8,213.0,0.10,117.51,,,,,,
4807,04/05/2026 01:50:00,17.75,181.0,213.5,0.10,117.64,,,,,,
4808,04/05/2026 02:00:00,17.70,181.4,214.2,0.10,117.91,,,,,,
4809,04/05/2026 02:10:00,17.65,181.7,214.8,0.10,118.08,,,,,,
4810,04/05/2026 02:20:00,17.60,181.8,215.3,0.10,118.19,,,,,,
4811,04/05/2026 02:30:00,17.54,182.0,215.8,0.10,118.30,,,,,,
4812,04/05/2026 02:40:00,17.49,182.2,216.3,0.10,118.42,,,,,,
4813,04/05/2026 02:50:00,17.43,182.2,216.6,0.10,118.40,,,,,,
4814,04/05/2026 03:00:00,17.38,182.1,216.9,0.10,118.39,,,,,,
4815,04/05/2026 03:10:00,17.32,182.1,217.1,0.10,118.37,,,,,,
4816,04/05/2026 03:20:00,17.26,182.0,217.4,0.10,118.32,,,,,,
4817,04/05/2026 03:30:00,17.21,181.9,217.5,0.10,118.21,,,,,,
4818,04/05/2026 03:40:00,17.15,181.8,217.7,0.10,118.16,,,,,,
4819,04/05/2026 03:50:00,17.09,181.9,218.2,0.10,118.23,,,,,,
4820,04/05/2026 04:00:00,17.03,182.1,218.7,0.10,118.37,,,,,,
4821,04/05/2026 04:10:00,16.98,182.4,219.4,0.10,118.59,,,,,,
4822,04/05/2026 04:20:00,16.93,182.6,219.9,0.10,118.68,,,,,,
4823,04/05/2026 04:30:00,16.88,182.7,220.3,0.10,118.78,,,,,,
4824,04/05/2026 04:40:00,16.82,182.8,220.7,0.10,118.83,,,,,,
4825,04/05/2026 04:50:00,16.77,182.9,221.0,0.10,118.85,,,,,,
4826,04/05/2026 05:00:00,16.72,182.9,221.4,0.10,118.89,,,,,,
4827,04/05/2026 05:10:00,16.67,183.2,222.1,0.11,119.11,,,,,,
4828,04/05/2026 05:20:00,16.61,182.9,222.0,0.11,118.90,,,,,,
4829,04/05/2026 05:30:00,16.55,182.6,222.0,0.11,118.70,,,,,,
4830,04/05/2026 05:40:00,16.49,182.5,222.2,0.11,118.63,,,,,,
4831,04/05/2026 05:50:00,16.43,182.4,222.4,0.11,118.55,,,,,,
4832,04/05/2026 06:00:00,16.38,182.2,222.5,0.11,118.42,,,,,,
4833,04/05/2026 06:10:00,16.33,182.2,222.8,0.11,118.46,,,,,,
4834,04/05/2026 06:20:00,16.28,182.1,222.9,0.11,118.36,,,,,,
4835,04/05/2026 06:30:00,16.24,182.1,223.2,0.11,118.37,,,,,,
4836,04/05/2026 06:40:00,16.21,182.1,223.4,0.11,118.38,,,,,,
4837,04/05/2026 06:50:00,16.16,182.1,223.6,0.11,118.34,,,,,,
4838,04/05/2026 07:00:00,16.12,182.2,224.0,0.11,118.45,,,,,,
4839,04/05/2026 07:10:00,16.08,182.1,224.1,0.11,118.39,,,,,,
4840,04/05/2026 07:20:00,16.03,182.3,224.6,0.11,118.51,,,,,,
4841,04/05/2026 07:30:00,15.99,182.4,224.9,0.11,118.54,,,,,,
4842,04/05/2026 07:40:00,15.96,182.5,225.2,0.11,118.60,,,,,,
4843,04/05/2026 07:50:00,15.93,183.2,226.3,0.11,119.10,,,,,,
4844,04/05/2026 08:00:00,15.92,184.1,227.5,0.11,119.68,,,,,,
4845,04/05/2026 08:10:00,15.92,184.0,227.4,0.11,119.62,,,,,,
4846,04/05/2026 08:20:00,15.93,183.8,227.0,0.11,119.44,,,,,,
4847,04/05/2026 08:30:00,15.94,183.7,226.9,0.11,119.40,,,,,,
4848,04/05/2026 08:40:00,15.98,183.8,226.8,0.11,119.48,,,,,,
4849,04/05/2026 08:50:00,16.03,184.1,226.8,0.11,119.66,,,,,,
4850,04/05/2026 09:00:00,16.11,184.5,226.9,0.11,119.95,,,,,,
4851,04/05/2026 09:10:00,16.19,184.9,226.8,0.11,120.17,,,,,,
4852,04/05/2026 09:20:00,16.28,185.3,226.8,0.11,120.44,,,,,,
4853,04/05/2026 09:30:00,16.39,185.9,226.9,0.11,120.82,,,,,,
4854,04/05/2026 09:40:00,16.51,186.4,226.9,0.11,121.16,,,,,,
4855,04/05/2026 09:50:00,16.66,187.1,226.9,0.11,121.65,,,,,,
4856,04/05/2026 10:00:00,16.83,187.9,226.8,0.11,122.13,,,,,,
4857,04/05/2026 10:10:00,17.01,188.8,226.9,0.11,122.71,,,,,,
4858,04/05/2026 10:20:00,17.21,189.9,227.0,0.11,123.45,,,,,,
4859,04/05/2026 10:30:00,17.42,191.2,227.4,0.11,124.29,,,,,,
4860,04/05/2026 10:40:00,17.64,192.4,227.5,0.11,125.04,,,,,,
4861,04/05/2026 10:50:00,17.86,193.5,227.7,0.11,125.79,,,,,,
4862,04/05/2026 11:00:00,18.09,194.9,228.0,0.11,126.68,,,,,,
4863,04/05/2026 11:10:00,18.35,196.4,228.3,0.11,127.66,,,,,,
4864,04/05/2026 11:20:00,18.61,197.7,228.3,0.11,128.48,,,,,,
4865,04/05/2026 11:30:00,18.88,199.2,228.6,0.11,129.49,,,,,,
4866,04/05/2026 11:40:00,19.17,200.6,228.6,0.11,130.42,,,,,,
4867,04/05/2026 11:50:00,19.47,202.1,228.6,0.11,131.33,,,,,,
4868,04/05/2026 12:00:00,19.74,203.5,228.8,0.11,132.27,,,,,,
4869,04/05/2026 12:10:00,20.02,204.9,228.8,0.11,133.17,,,,,,
4870,04/05/2026 12:20:00,20.27,206.2,228.9,0.11,134.02,,,,,,
4871,04/05/2026 12:30:00,20.57,207.7,229.1,0.11,135.03,,,,,,
4872,04/05/2026 12:40:00,20.88,209.4,229.2,0.11,136.10,,,,,,
4873,04/05/2026 12:50:00,21.17,210.8,229.3,0.11,137.04,,,,,,
4874,04/05/2026 13:00:00,21.40,211.9,229.2,0.11,137.75,,,,,,
4875,04/05/2026 13:10:00,21.63,213.0,229.3,0.11,138.47,,,,,,
4876,04/05/2026 13:20:00,21.76,213.8,229.4,0.11,138.98,,,,,,
4877,04/05/2026 13:30:00,21.91,214.5,229.4,0.11,139.43,,,,,,
4878,04/05/2026 13:40:00,22.00,215.1,229.5,0.11,139.79,,,,,,
4879,04/05/2026 13:50:00,22.11,215.4,229.4,0.11,140.03,,,,,,
4880,04/05/2026 14:00:00,22.23,216.4,229.7,0.11,140.63,,,,,,
4881,04/05/2026 14:10:00,22.37,217.1,229.9,0.11,141.14,,,,,,
4882,04/05/2026 14:20:00,22.53,217.8,229.8,0.11,141.60,,,,,,
4883,04/05/2026 14:30:00,22.70,218.6,229.7,0.11,142.09,,,,,,
4884,04/05/2026 14:40:00,22.83,219.4,229.9,0.11,142.62,,,,,,
4885,04/05/2026 14:50:00,22.94,219.7,229.6,0.11,142.79,,,,,,
4886,04/05/2026 15:00:00,22.96,219.1,228.9,0.11,142.40,,,,,,
4887,04/05/2026 15:10:00,22.88,218.7,228.9,0.11,142.15,,,,,,
4888,04/05/2026 15:20:00,22.87,218.7,229.0,0.11,142.19,,,,,,
4889,04/05/2026 15:30:00,22.87,218.7,228.9,0.11,142.14,,,,,,
4890,04/05/2026 15:40:00,22.85,218.4,228.7,0.11,141.98,,,,,,
4891,04/05/2026 15:50:00,22.82,218.5,228.9,0.11,141.99,,,,,,
4892,04/05/2026 16:00:00,22.78,217.9,228.6,0.11,141.66,,,,,,
4893,04/05/2026 16:10:00,22.73,218.5,229.4,0.11,142.01,,,,,,
4894,04/05/2026 16:20:00,22.68,217.6,228.7,0.11,141.43,,,,,,
4895,04/05/2026 16:30:00,22.60,217.4,228.9,0.11,141.28,,,,,,
4896,04/05/2026 16:40:00,22.50,218.0,230.0,0.11,141.68,,,,,,
4897,04/05/2026 16:50:00,22.39,218.0,230.6,0.11,141.69,,,,,,
4898,04/05/2026 17:00:00,22.26,217.2,230.5,0.11,141.20,,,,,,
4899,04/05/2026 17:10:00,22.17,217.3,231.0,0.11,141.22,,,,,,
4900,04/05/2026 17:20:00,22.05,217.2,231.5,0.11,141.17,,,,,,
4901,04/05/2026 17:30:00,21.93,216.8,231.8,0.11,140.92,,,,,,
4902,04/05/2026 17:40:00,21.81,216.6,232.2,0.11,140.80,,,,,,
4903,04/05/2026 17:50:00,21.68,216.0,232.1,0.11,140.37,,,,,,
4904,04/05/2026 18:00:00,21.53,216.1,233.1,0.11,140.46,,,,,,
4905,04/05/2026 18:10:00,21.37,215.8,233.6,0.11,140.25,,,,,,
4906,04/05/2026 18:20:00,21.20,215.4,234.1,0.11,140.01,,,,,,
4907,04/05/2026 18:30:00,21.02,214.9,234.5,0.11,139.69,,,,,,
4908,04/05/2026 18:40:00,20.83,214.7,235.3,0.11,139.57,,,,,,
4909,04/05/2026 18:50:00,20.65,214.5,236.1,0.11,139.44,,,,,,
4910,04/05/2026 19:00:00,20.47,214.1,236.6,0.11,139.15,,,,,,
4911,04/05/2026 19:10:00,20.30,213.6,237.0,0.11,138.82,,,,,,
4912,04/05/2026 19:20:00,20.12,213.4,237.8,0.11,138.72,,,,,,
4913,04/05/2026 19:30:00,19.97,211.7,236.7,0.11,137.58,,,,,,
4914,04/05/2026 19:40:00,19.82,212.8,238.8,0.11,138.32,,,,,,
4915,04/05/2026 19:50:00,19.67,212.5,239.3,0.11,138.12,,,,,,
4916,04/05/2026 20:00:00,19.52,208.2,235.3,0.11,135.35,,,,,,
4917,04/05/2026 20:10:00,19.38,212.4,240.8,0.12,138.04,,,,,,
4918,04/05/2026 20:20:00,19.24,211.3,240.4,0.11,137.36,,,,,,
4919,04/05/2026 20:30:00,19.10,211.9,241.9,0.12,137.72,,,,,,
4920,04/05/2026 20:40:00,18.96,212.7,243.6,0.12,138.27,,,,,,
4921,04/05/2026 20:50:00,18.83,213.5,245.3,0.12,138.80,,,,,,
4922,04/05/2026 21:00:00,18.70,214.0,246.7,0.12,139.10,,,,,,
4923,04/05/2026 21:10:00,18.57,212.6,245.8,0.12,138.16,,,,,,
4924,04/05/2026 21:20:00,18.44,212.4,246.3,0.12,138.06,,,,,,
4925,04/05/2026 21:30:00,18.31,212.6,247.3,0.12,138.16,,,,,,
4926,04/05/2026 21:40:00,18.20,211.7,247.0,0.12,137.63,,,,,,
4927,04/05/2026 21:50:00,18.09,211.7,247.7,0.12,137.62,,,,,,
4928,04/05/2026 22:00:00,17.97,211.5,248.1,0.12,137.49,,,,,,
4929,04/05/2026 22:10:00,17.87,211.4,248.7,0.12,137.44,,,,,,
4930,04/05/2026 22:20:00,17.76,211.1,248.9,0.12,137.20,,,,,,
4931,04/05/2026 22:30:00,17.67,210.8,249.2,0.12,137.03,,,,,,
4932,04/05/2026 22:40:00,17.58,210.5,249.4,0.12,136.84,,,,,,
4933,04/05/2026 22:50:00,17.49,210.1,249.5,0.12,136.57,,,,,,
4934,04/05/2026 23:00:00,17.40,210.0,249.9,0.12,136.52,,,,,,
4935,04/05/2026 23:10:00,17.33,209.9,250.2,0.12,136.43,,,,,,
4936,04/05/2026 23:20:00,17.26,209.6,250.3,0.12,136.24,,,,,,
4937,04/05/2026 23:30:00,17.18,209.6,250.8,0.12,136.26,,,,,,
4938,04/05/2026 23:40:00,17.11,221.0,264.9,0.13,143.65,,,,,,
4939,04/05/2026 23:50:00,17.03,209.2,251.2,0.12,135.97,,,,,,
4940,04/06/2026 00:00:00,16.96,208.5,250.9,0.12,135.54,,,,,,
4941,04/06/2026 00:10:00,16.88,208.4,251.2,0.12,135.44,,,,,,
4942,04/06/2026 00:20:00,16.81,207.8,251.0,0.12,135.07,,,,,,
4943,04/06/2026 00:30:00,16.74,207.5,251.0,0.12,134.85,,,,,,
4944,04/06/2026 00:40:00,16.66,207.0,251.0,0.12,134.57,,,,,,
4945,04/06/2026 00:50:00,16.60,207.1,251.5,0.12,134.65,,,,,,
4946,04/06/2026 01:00:00,16.53,206.1,250.7,0.12,133.98,,,,,,
4947,04/06/2026 01:10:00,16.46,206.1,251.1,0.12,133.95,,,,,,
4948,04/06/2026 01:20:00,16.39,205.9,251.3,0.12,133.84,,,,,,
4949,04/06/2026 01:30:00,16.32,206.0,252.0,0.12,133.93,,,,,,
4950,04/06/2026 01:40:00,16.25,205.8,252.1,0.12,133.75,,,,,,
4951,04/06/2026 01:50:00,16.18,205.4,252.1,0.12,133.49,,,,,,
4952,04/06/2026 02:00:00,16.11,205.2,252.3,0.12,133.40,,,,,,
4953,04/06/2026 02:10:00,16.04,204.9,252.4,0.12,133.21,,,,,,
4954,04/06/2026 02:20:00,15.98,205.2,253.2,0.12,133.40,,,,,,
4955,04/06/2026 02:30:00,15.92,205.1,253.4,0.12,133.29,,,,,,
4956,04/06/2026 02:40:00,15.85,204.7,253.4,0.12,133.09,,,,,,
4957,04/06/2026 02:50:00,15.79,204.5,253.5,0.12,132.91,,,,,,
4958,04/06/2026 03:00:00,15.72,204.7,254.2,0.12,133.04,,,,,,
4959,04/06/2026 03:10:00,15.66,204.4,254.2,0.12,132.83,,,,,,
4960,04/06/2026 03:20:00,15.59,204.4,254.7,0.12,132.86,,,,,,
4961,04/06/2026 03:30:00,15.53,204.3,255.0,0.12,132.78,,,,,,
4962,04/06/2026 03:40:00,15.47,204.1,255.1,0.12,132.67,,,,,,
4963,04/06/2026 03:50:00,15.42,203.9,255.2,0.12,132.52,,,,,,
4964,04/06/2026 04:00:00,15.36,203.7,255.4,0.12,132.43,,,,,,
4965,04/06/2026 04:10:00,15.31,203.7,255.8,0.12,132.43,,,,,,
4966,04/06/2026 04:20:00,15.26,203.7,256.1,0.12,132.40,,,,,,
4967,04/06/2026 04:30:00,15.21,203.9,256.7,0.12,132.54,,,,,,
4968,04/06/2026 04:40:00,15.16,203.8,256.8,0.12,132.44,,,,,,
4969,04/06/2026 04:50:00,15.11,203.6,257.0,0.12,132.37,,,,,,
4970,04/06/2026 05:00:00,15.07,203.5,257.1,0.12,132.27,,,,,,
4971,04/06/2026 05:10:00,15.03,203.2,257.1,0.12,132.11,,,,,,
4972,04/06/2026 05:20:00,14.98,202.8,256.8,0.12,131.81,,,,,,
4973,04/06/2026 05:30:00,14.94,202.7,257.0,0.12,131.74,,,,,,
4974,04/06/2026 05:40:00,14.90,202.6,257.2,0.12,131.72,,,,,,
4975,04/06/2026 05:50:00,14.86,202.2,257.0,0.12,131.46,,,,,,
4976,04/06/2026 06:00:00,14.82,201.8,256.7,0.12,131.19,,,,,,
4977,04/06/2026 06:10:00,14.77,201.5,256.6,0.12,130.97,,,,,,
4978,04/06/2026 06:20:00,14.72,201.1,256.5,0.12,130.73,,,,,,
4979,04/06/2026 06:30:00,14.67,200.8,256.4,0.12,130.50,,,,,,
4980,04/06/2026 06:40:00,14.62,200.5,256.4,0.12,130.36,,,,,,
4981,04/06/2026 06:50:00,14.57,200.3,256.4,0.12,130.17,,,,,,
4982,04/06/2026 07:00:00,14.53,200.1,256.5,0.12,130.07,,,,,,
4983,04/06/2026 07:10:00,14.49,199.8,256.5,0.12,129.89,,,,,,
4984,04/06/2026 07:20:00,14.45,199.6,256.4,0.12,129.74,,,,,,
4985,04/06/2026 07:30:00,14.41,199.6,256.6,0.12,129.71,,,,,,
4986,04/06/2026 07:40:00,14.38,199.5,256.8,0.12,129.69,,,,,,
4987,04/06/2026 07:50:00,14.35,199.4,256.9,0.12,129.63,,,,,,
4988,04/06/2026 08:00:00,14.34,199.2,256.7,0.12,129.50,,,,,,
4989,04/06/2026 08:10:00,14.35,199.6,257.1,0.12,129.71,,,,,,
4990,04/06/2026 08:20:00,14.38,200.0,257.3,0.12,129.97,,,,,,
4991,04/06/2026 08:30:00,14.43,200.4,257.6,0.12,130.26,,,,,,
4992,04/06/2026 08:40:00,14.49,200.7,257.5,0.12,130.45,,,,,,
4993,04/06/2026 08:50:00,14.57,201.3,257.8,0.12,130.85,,,,,,
4994,04/06/2026 09:00:00,14.67,201.3,257.0,0.12,130.82,,,,,,
4995,04/06/2026 09:10:00,14.81,201.9,256.8,0.12,131.21,,,,,,
4996,04/06/2026 09:20:00,14.97,198.4,251.3,0.12,128.97,,,,,,
4997,04/06/2026 09:30:00,15.16,201.2,253.6,0.12,130.76,,,,,,
4998,04/06/2026 09:40:00,15.35,208.7,261.8,0.12,135.66,,,,,,
4999,04/06/2026 09:50:00,15.55,206.6,257.7,0.12,134.29,,,,,,
5000,04/06/2026 10:00:00,15.77,251.0,311.3,0.15,163.12,,,,,,
5001,04/06/2026 10:10:00,15.98,202.9,250.3,0.12,131.87,,,,,,
5002,04/06/2026 10:20:00,16.24,203.5,249.4,0.12,132.28,,,,,,
5003,04/06/2026 10:30:00,16.52,220.8,268.6,0.13,143.52,,,,,,
5004,04/06/2026 10:40:00,16.82,222.3,268.4,0.13,144.48,,,,,,
5005,04/06/2026 10:50:00,17.13,222.4,266.4,0.13,144.55,,,,,,
5006,04/06/2026 11:00:00,17.48,253.2,300.7,0.14,164.57,,,,,,
5007,04/06/2026 11:10:00,17.84,236.2,278.0,0.13,153.53,,,,,,
5008,04/06/2026 11:20:00,18.23,215.8,251.6,0.12,140.29,,,,,,
5009,04/06/2026 11:30:00,18.61,213.2,246.3,0.12,138.60,,,,,,
5010,04/06/2026 11:40:00,19.01,219.6,251.2,0.12,142.77,,,,,,
5011,04/06/2026 11:50:00,19.41,220.1,249.3,0.12,143.05,,,,,,
5012,04/06/2026 12:00:00,19.83,225.4,252.9,0.12,146.53,,,,,,
5013,04/06/2026 12:10:00,20.21,226.2,251.6,0.12,147.06,,,,,,
5014,04/06/2026 12:20:00,20.61,232.1,255.7,0.12,150.87,,,,,,
5015,04/06/2026 12:30:00,21.01,229.2,250.2,0.12,149.01,,,,,,
5016,04/06/2026 12:40:00,21.41,232.3,251.2,0.12,150.98,,,,,,
5017,04/06/2026 12:50:00,21.83,234.5,251.2,0.12,152.43,,,,,,
5018,04/06/2026 13:00:00,22.23,236.1,250.7,0.12,153.46,,,,,,
5019,04/06/2026 13:10:00,22.60,237.7,250.3,0.12,154.53,,,,,,
5020,04/06/2026 13:20:00,22.94,239.6,250.4,0.12,155.75,,,,,,
5021,04/06/2026 13:30:00,23.28,240.5,249.6,0.12,156.36,,,,,,
5022,04/06/2026 13:40:00,23.59,241.4,248.8,0.12,156.93,,,,,,
5023,04/06/2026 13:50:00,23.89,243.1,248.9,0.12,158.04,,,,,,
5024,04/06/2026 14:00:00,24.17,243.3,247.6,0.12,158.14,,,,,,
5025,04/06/2026 14:10:00,24.42,244.0,247.0,0.12,158.61,,,,,,
5026,04/06/2026 14:20:00,24.63,243.8,245.7,0.12,158.49,,,,,,
5027,04/06/2026 14:30:00,24.85,244.3,245.1,0.12,158.81,,,,,,
5028,04/06/2026 14:40:00,25.04,244.9,244.7,0.12,159.21,,,,,,
5029,04/06/2026 14:50:00,25.20,243.1,242.1,0.12,157.99,,,,,,
5030,04/06/2026 15:00:00,25.32,242.2,240.6,0.12,157.42,,,,,,
5031,04/06/2026 15:10:00,25.41,242.5,240.5,0.12,157.63,,,,,,
5032,04/06/2026 15:20:00,25.47,244.4,242.0,0.12,158.85,,,,,,
5033,04/06/2026 15:30:00,25.49,242.7,240.2,0.12,157.74,,,,,,
5034,04/06/2026 15:40:00,25.48,242.2,239.8,0.12,157.45,,,,,,
5035,04/06/2026 15:50:00,25.46,239.0,236.8,0.11,155.36,,,,,,
5036,04/06/2026 16:00:00,25.46,239.7,237.4,0.12,155.78,,,,,,
5037,04/06/2026 16:10:00,25.43,239.3,237.1,0.12,155.54,,,,,,
5038,04/06/2026 16:20:00,25.33,237.9,236.3,0.11,154.66,,,,,,
5039,04/06/2026 16:30:00,25.19,236.5,235.6,0.11,153.74,,,,,,
5040,04/06/2026 16:40:00,25.08,234.0,233.7,0.11,152.12,,,,,,
5041,04/06/2026 16:50:00,24.95,233.6,233.9,0.11,151.86,,,,,,
5042,04/06/2026 17:00:00,24.83,231.4,232.2,0.11,150.41,,,,,,
5043,04/06/2026 17:10:00,24.68,230.8,232.3,0.11,150.02,,,,,,
5044,04/06/2026 17:20:00,24.52,224.4,226.7,0.11,145.86,,,,,,
5045,04/06/2026 17:30:00,24.31,221.4,224.6,0.11,143.89,,,,,,
5046,04/06/2026 17:40:00,24.10,220.7,224.9,0.11,143.44,,,,,,
5047,04/06/2026 17:50:00,23.88,218.6,223.8,0.11,142.07,,,,,,
5048,04/06/2026 18:00:00,23.72,218.0,224.0,0.11,141.69,,,,,,
5049,04/06/2026 18:10:00,23.50,217.6,224.7,0.11,141.45,,,,,,
5050,04/06/2026 18:20:00,23.30,217.3,225.4,0.11,141.25,,,,,,
5051,04/06/2026 18:30:00,23.08,209.9,218.8,0.11,136.44,,,,,,
5052,04/06/2026 18:40:00,22.82,202.1,211.8,0.10,131.38,,,,,,
5053,04/06/2026 18:50:00,22.53,215.0,226.8,0.11,139.76,,,,,,
5054,04/06/2026 19:00:00,22.28,212.2,225.0,0.11,137.92,,,,,,
5055,04/06/2026 19:10:00,21.98,210.2,224.4,0.11,136.63,,,,,,
5056,04/06/2026 19:20:00,21.70,207.3,222.8,0.11,134.75,,,,,,
5057,04/06/2026 19:30:00,21.45,218.0,235.5,0.11,141.69,,,,,,
5058,04/06/2026 19:40:00,21.23,214.8,233.3,0.11,139.62,,,,,,
5059,04/06/2026 19:50:00,20.99,210.6,229.9,0.11,136.87,,,,,,
5060,04/06/2026 20:00:00,20.76,207.1,227.3,0.11,134.60,,,,,,
5061,04/06/2026 20:10:00,20.54,207.1,228.5,0.11,134.59,,,,,,
5062,04/06/2026 20:20:00,20.33,212.6,235.7,0.11,138.16,,,,,,
5063,04/06/2026 20:30:00,20.11,219.4,244.5,0.12,142.59,,,,,,
5064,04/06/2026 20:40:00,19.91,219.8,246.1,0.12,142.89,,,,,,
5065,04/06/2026 20:50:00,19.71,220.1,247.6,0.12,143.09,,,,,,
5066,04/06/2026 21:00:00,19.51,221.9,250.8,0.12,144.24,,,,,,
5067,04/06/2026 21:10:00,19.31,221.8,251.9,0.12,144.16,,,,,,
5068,04/06/2026 21:20:00,19.12,221.9,253.2,0.12,144.23,,,,,,
5069,04/06/2026 21:30:00,18.93,212.0,242.9,0.12,137.79,,,,,,
5070,04/06/2026 21:40:00,18.75,205.8,237.0,0.11,133.79,,,,,,
5071,04/06/2026 21:50:00,18.58,220.2,254.5,0.12,143.14,,,,,,
5072,04/06/2026 22:00:00,18.42,219.3,254.5,0.12,142.54,,,,,,
5073,04/06/2026 22:10:00,18.27,212.7,247.7,0.12,138.23,,,,,,
5074,04/06/2026 22:20:00,18.12,228.5,267.1,0.13,148.53,,,,,,
5075,04/06/2026 22:30:00,17.97,210.4,246.9,0.12,136.78,,,,,,
5076,04/06/2026 22:40:00,17.82,192.9,227.1,0.11,125.36,,,,,,
5077,04/06/2026 22:50:00,17.70,219.8,259.7,0.12,142.90,,,,,,
5078,04/06/2026 23:00:00,17.58,207.0,245.1,0.12,134.52,,,,,,
5079,04/06/2026 23:10:00,17.47,225.3,267.6,0.13,146.41,,,,,,
5080,04/06/2026 23:20:00,17.36,233.7,278.4,0.13,151.92,,,,,,
5081,04/06/2026 23:30:00,17.26,212.0,253.2,0.12,137.83,,,,,,
5082,04/06/2026 23:40:00,17.16,218.8,261.9,0.12,142.23,,,,,,
5083,04/06/2026 23:50:00,17.07,218.8,262.5,0.12,142.22,,,,,,
5084,04/07/2026 00:00:00,16.99,218.4,262.6,0.12,141.96,,,,,,
5085,04/07/2026 00:10:00,16.90,205.1,247.1,0.12,133.30,,,,,,
5086,04/07/2026 00:20:00,16.83,215.7,260.3,0.12,140.17,,,,,,
5087,04/07/2026 00:30:00,16.76,218.5,264.2,0.13,142.01,,,,,,
5088,04/07/2026 00:40:00,16.68,205.1,248.5,0.12,133.31,,,,,,
5089,04/07/2026 00:50:00,16.62,203.9,247.5,0.12,132.54,,,,,,
5090,04/07/2026 01:00:00,16.55,220.7,268.4,0.13,143.49,,,,,,
5091,04/07/2026 01:10:00,16.48,216.7,263.9,0.12,140.85,,,,,,
5092,04/07/2026 01:20:00,16.42,220.4,268.8,0.13,143.23,,,,,,
5093,04/07/2026 01:30:00,16.36,204.5,249.8,0.12,132.93,,,,,,
5094,04/07/2026 01:40:00,16.30,216.4,264.8,0.13,140.68,,,,,,
5095,04/07/2026 01:50:00,16.24,217.1,266.0,0.13,141.12,,,,,,
5096,04/07/2026 02:00:00,16.19,225.8,277.0,0.13,146.74,,,,,,
5097,04/07/2026 02:10:00,16.14,216.5,266.0,0.13,140.73,,,,,,
5098,04/07/2026 02:20:00,16.09,215.7,265.4,0.13,140.22,,,,,,
5099,04/07/2026 02:30:00,16.04,217.5,267.9,0.13,141.36,,,,,,
5100,04/07/2026 02:40:00,16.00,218.2,269.0,0.13,141.82,,,,,,
5101,04/07/2026 02:50:00,15.96,216.1,266.8,0.13,140.48,,,,,,
5102,04/07/2026 03:00:00,15.92,217.5,268.7,0.13,141.34,,,,,,
5103,04/07/2026 03:10:00,15.88,204.0,252.3,0.12,132.57,,,,,,
5104,04/07/2026 03:20:00,15.85,216.6,268.1,0.13,140.78,,,,,,
5105,04/07/2026 03:30:00,15.81,216.0,267.6,0.13,140.37,,,,,,
5106,04/07/2026 03:40:00,15.77,209.7,260.1,0.12,136.30,,,,,,
5107,04/07/2026 03:50:00,15.73,210.6,261.4,0.12,136.86,,,,,,
5108,04/07/2026 04:00:00,15.70,215.8,268.2,0.13,140.26,,,,,,
5109,04/07/2026 04:10:00,15.66,215.5,268.0,0.13,140.06,,,,,,
5110,04/07/2026 04:20:00,15.63,215.5,268.3,0.13,140.08,,,,,,
5111,04/07/2026 04:30:00,15.59,214.8,267.6,0.13,139.60,,,,,,
5112,04/07/2026 04:40:00,15.56,214.5,267.5,0.13,139.40,,,,,,
5113,04/07/2026 04:50:00,15.52,216.0,269.7,0.13,140.42,,,,,,
5114,04/07/2026 05:00:00,15.48,217.3,271.6,0.13,141.22,,,,,,
5115,04/07/2026 05:10:00,15.44,215.1,269.1,0.13,139.81,,,,,,
5116,04/07/2026 05:20:00,15.40,215.4,269.8,0.13,140.00,,,,,,
5117,04/07/2026 05:30:00,15.36,214.7,269.2,0.13,139.53,,,,,,
5118,04/07/2026 05:40:00,15.32,216.1,271.2,0.13,140.45,,,,,,
5119,04/07/2026 05:50:00,15.28,216.9,272.5,0.13,140.97,,,,,,
5120,04/07/2026 06:00:00,15.24,214.7,270.1,0.13,139.57,,,,,,
5121,04/07/2026 06:10:00,15.19,214.9,270.7,0.13,139.66,,,,,,
5122,04/07/2026 06:20:00,15.13,214.7,270.8,0.13,139.58,,,,,,
5123,04/07/2026 06:30:00,15.09,214.9,271.4,0.13,139.71,,,,,,
5124,04/07/2026 06:40:00,15.04,214.1,270.7,0.13,139.17,,,,,,
5125,04/07/2026 06:50:00,14.99,212.9,269.6,0.13,138.39,,,,,,
5126,04/07/2026 07:00:00,14.95,212.6,269.5,0.13,138.19,,,,,,
5127,04/07/2026 07:10:00,14.91,211.5,268.4,0.13,137.46,,,,,,
5128,04/07/2026 07:20:00,14.88,212.1,269.3,0.13,137.85,,,,,,
5129,04/07/2026 07:30:00,14.84,211.6,268.9,0.13,137.53,,,,,,
5130,04/07/2026 07:40:00,14.82,210.9,268.2,0.13,137.09,,,,,,
5131,04/07/2026 07:50:00,14.81,209.3,266.3,0.13,136.07,,,,,,
5132,04/07/2026 08:00:00,14.81,208.5,265.3,0.12,135.55,,,,,,
5133,04/07/2026 08:10:00,14.82,208.7,265.5,0.12,135.65,,,,,,
5134,04/07/2026 08:20:00,14.84,208.2,264.7,0.12,135.35,,,,,,
5135,04/07/2026 08:30:00,14.88,206.6,262.3,0.12,134.27,,,,,,
5136,04/07/2026 08:40:00,14.95,207.4,262.9,0.12,134.82,,,,,,
5137,04/07/2026 08:50:00,15.06,207.8,262.6,0.12,135.04,,,,,,
5138,04/07/2026 09:00:00,15.18,207.4,261.3,0.12,134.82,,,,,,
5139,04/07/2026 09:10:00,15.30,207.6,260.7,0.12,134.93,,,,,,
5140,04/07/2026 09:20:00,15.42,207.5,259.8,0.12,134.88,,,,,,
5141,04/07/2026 09:30:00,15.60,207.6,258.7,0.12,134.96,,,,,,
5142,04/07/2026 09:40:00,15.85,206.7,255.9,0.12,134.37,,,,,,
5143,04/07/2026 09:50:00,16.12,207.4,255.0,0.12,134.80,,,,,,
5144,04/07/2026 10:00:00,16.34,208.4,254.8,0.12,135.49,,,,,,
5145,04/07/2026 10:10:00,16.52,208.9,254.1,0.12,135.78,,,,,,
5146,04/07/2026 10:20:00,16.78,209.2,252.9,0.12,135.98,,,,,,
5147,04/07/2026 10:30:00,17.05,210.3,252.5,0.12,136.70,,,,,,
5148,04/07/2026 10:40:00,17.29,215.2,256.8,0.12,139.89,,,,,,
5149,04/07/2026 10:50:00,17.57,215.9,255.7,0.12,140.31,,,,,,
5150,04/07/2026 11:00:00,17.84,212.6,250.2,0.12,138.17,,,,,,
5151,04/07/2026 11:10:00,18.15,215.1,251.2,0.12,139.80,,,,,,
5152,04/07/2026 11:20:00,18.48,214.8,248.9,0.12,139.61,,,,,,
5153,04/07/2026 11:30:00,18.85,209.5,240.6,0.11,136.20,,,,,,
5154,04/07/2026 11:40:00,19.21,217.3,247.4,0.12,141.25,,,,,,
5155,04/07/2026 11:50:00,19.54,209.7,236.9,0.11,136.33,,,,,,
5156,04/07/2026 12:00:00,19.89,218.6,244.8,0.12,142.08,,,,,,
5157,04/07/2026 12:10:00,20.27,214.5,238.1,0.11,139.41,,,,,,
5158,04/07/2026 12:20:00,20.58,220.6,243.1,0.12,143.38,,,,,,
5159,04/07/2026 12:30:00,20.80,216.9,237.9,0.11,141.01,,,,,,
5160,04/07/2026 12:40:00,21.09,224.4,244.5,0.12,145.88,,,,,,
5161,04/07/2026 12:50:00,21.41,221.2,239.3,0.12,143.79,,,,,,
5162,04/07/2026 13:00:00,21.76,216.7,232.5,0.11,140.86,,,,,,
5163,04/07/2026 13:10:00,22.07,227.2,242.0,0.12,147.65,,,,,,
5164,04/07/2026 13:20:00,22.32,222.5,235.8,0.11,144.65,,,,,,
5165,04/07/2026 13:30:00,22.55,228.6,241.0,0.12,148.60,,,,,,
5166,04/07/2026 13:40:00,22.84,221.9,232.5,0.11,144.26,,,,,,
5167,04/07/2026 13:50:00,23.13,222.5,231.5,0.11,144.60,,,,,,
5168,04/07/2026 14:00:00,23.46,228.6,236.3,0.11,148.62,,,,,,
5169,04/07/2026 14:10:00,23.73,222.2,228.3,0.11,144.45,,,,,,
5170,04/07/2026 14:20:00,23.88,224.0,229.4,0.11,145.58,,,,,,
5171,04/07/2026 14:30:00,24.06,215.0,219.3,0.11,139.74,,,,,,
5172,04/07/2026 14:40:00,24.28,217.8,221.1,0.11,141.54,,,,,,
5173,04/07/2026 14:50:00,24.39,221.7,224.6,0.11,144.11,,,,,,
5174,04/07/2026 15:00:00,24.33,224.3,227.5,0.11,145.77,,,,,,
5175,04/07/2026 15:10:00,24.20,216.8,220.5,0.11,140.89,,,,,,
5176,04/07/2026 15:20:00,24.07,218.3,222.6,0.11,141.87,,,,,,
5177,04/07/2026 15:30:00,23.97,219.6,224.5,0.11,142.73,,,,,,
5178,04/07/2026 15:40:00,23.91,223.3,228.5,0.11,145.16,,,,,,
5179,04/07/2026 15:50:00,23.80,223.0,228.8,0.11,144.97,,,,,,
5180,04/07/2026 16:00:00,23.73,228.1,234.3,0.11,148.25,,,,,,
5181,04/07/2026 16:10:00,23.63,223.4,230.0,0.11,145.21,,,,,,
5182,04/07/2026 16:20:00,23.60,220.2,226.9,0.11,143.12,,,,,,
5183,04/07/2026 16:30:00,23.56,219.8,226.6,0.11,142.87,,,,,,
5184,04/07/2026 16:40:00,23.55,217.7,224.6,0.11,141.53,,,,,,
5185,04/07/2026 16:50:00,23.45,217.9,225.2,0.11,141.61,,,,,,
5186,04/07/2026 17:00:00,23.33,213.8,221.5,0.11,138.96,,,,,,
5187,04/07/2026 17:10:00,23.21,214.2,222.6,0.11,139.24,,,,,,
5188,04/07/2026 17:20:00,23.11,212.1,220.8,0.11,137.84,,,,,,
5189,04/07/2026 17:30:00,22.95,208.9,218.3,0.11,135.80,,,,,,
5190,04/07/2026 17:40:00,22.73,208.4,218.8,0.11,135.48,,,,,,
5191,04/07/2026 17:50:00,22.48,208.0,219.7,0.11,135.21,,,,,,
5192,04/07/2026 18:00:00,22.23,201.7,214.2,0.10,131.13,,,,,,
5193,04/07/2026 18:10:00,22.01,204.0,217.7,0.11,132.59,,,,,,
5194,04/07/2026 18:20:00,21.82,203.7,218.2,0.11,132.40,,,,,,
5195,04/07/2026 18:30:00,21.64,202.9,218.3,0.11,131.86,,,,,,
5196,04/07/2026 18:40:00,21.49,203.4,219.6,0.11,132.18,,,,,,
5197,04/07/2026 18:50:00,21.33,203.5,220.5,0.11,132.28,,,,,,
5198,04/07/2026 19:00:00,21.17,204.2,222.1,0.11,132.75,,,,,,
5199,04/07/2026 19:10:00,21.00,205.9,224.8,0.11,133.83,,,,,,
5200,04/07/2026 19:20:00,20.83,208.8,228.9,0.11,135.72,,,,,,
5201,04/07/2026 19:30:00,20.67,209.4,230.3,0.11,136.11,,,,,,
5202,04/07/2026 19:40:00,20.49,209.3,231.1,0.11,136.02,,,,,,
5203,04/07/2026 19:50:00,20.35,210.3,233.0,0.11,136.66,,,,,,
5204,04/07/2026 20:00:00,20.18,211.8,235.7,0.11,137.69,,,,,,
5205,04/07/2026 20:10:00,20.03,213.0,237.8,0.11,138.45,,,,,,
5206,04/07/2026 20:20:00,19.88,214.3,240.1,0.11,139.26,,,,,,
5207,04/07/2026 20:30:00,19.72,216.2,243.2,0.12,140.54,,,,,,
5208,04/07/2026 20:40:00,19.58,216.4,244.2,0.12,140.67,,,,,,
5209,04/07/2026 20:50:00,19.42,219.7,248.9,0.12,142.81,,,,,,
5210,04/07/2026 21:00:00,19.27,211.4,240.3,0.11,137.42,,,,,,
5211,04/07/2026 21:10:00,19.13,210.2,239.7,0.11,136.60,,,,,,
5212,04/07/2026 21:20:00,19.01,211.1,241.5,0.12,137.24,,,,,,
5213,04/07/2026 21:30:00,18.89,216.7,248.7,0.12,140.88,,,,,,
5214,04/07/2026 21:40:00,18.78,208.0,239.2,0.11,135.18,,,,,,
5215,04/07/2026 21:50:00,18.66,210.1,242.4,0.12,136.58,,,,,,
5216,04/07/2026 22:00:00,18.56,216.1,249.9,0.12,140.47,,,,,,
5217,04/07/2026 22:10:00,18.48,212.3,246.0,0.12,137.96,,,,,,
5218,04/07/2026 22:20:00,18.38,212.6,246.9,0.12,138.21,,,,,,
5219,04/07/2026 22:30:00,18.30,212.7,247.6,0.12,138.28,,,,,,
5220,04/07/2026 22:40:00,18.22,213.5,249.0,0.12,138.78,,,,,,
5221,04/07/2026 22:50:00,18.14,213.2,249.1,0.12,138.57,,,,,,
5222,04/07/2026 23:00:00,18.06,214.6,251.2,0.12,139.46,,,,,,
5223,04/07/2026 23:10:00,17.98,218.7,256.5,0.12,142.14,,,,,,
5224,04/07/2026 23:20:00,17.91,214.9,252.5,0.12,139.69,,,,,,
5225,04/07/2026 23:30:00,17.84,217.8,256.4,0.12,141.60,,,,,,
5226,04/07/2026 23:40:00,17.78,216.5,255.2,0.12,140.74,,,,,,
5227,04/07/2026 23:50:00,17.72,216.2,255.2,0.12,140.54,,,,,,
5228,04/08/2026 00:00:00,17.67,220.5,260.7,0.12,143.36,,,,,,
5229,04/08/2026 00:10:00,17.62,219.9,260.1,0.12,142.91,,,,,,
5230,04/08/2026 00:20:00,17.59,215.1,254.8,0.12,139.82,,,,,,
5231,04/08/2026 00:30:00,17.55,221.5,262.5,0.12,143.97,,,,,,
5232,04/08/2026 00:40:00,17.52,220.2,261.3,0.12,143.15,,,,,,
5233,04/08/2026 00:50:00,17.49,217.6,258.4,0.12,141.44,,,,,,
5234,04/08/2026 01:00:00,17.46,217.3,258.2,0.12,141.25,,,,,,
5235,04/08/2026 01:10:00,17.42,218.7,260.1,0.12,142.16,,,,,,
5236,04/08/2026 01:20:00,17.38,215.9,257.0,0.12,140.33,,,,,,
5237,04/08/2026 01:30:00,17.34,217.3,258.9,0.12,141.24,,,,,,
5238,04/08/2026 01:40:00,17.30,215.8,257.4,0.12,140.25,,,,,,
5239,04/08/2026 01:50:00,17.27,215.8,257.6,0.12,140.26,,,,,,
5240,04/08/2026 02:00:00,17.23,215.9,257.9,0.12,140.31,,,,,,
5241,04/08/2026 02:10:00,17.20,217.2,259.7,0.12,141.15,,,,,,
5242,04/08/2026 02:20:00,17.17,217.5,260.4,0.12,141.39,,,,,,
5243,04/08/2026 02:30:00,17.13,221.4,265.2,0.13,143.91,,,,,,
5244,04/08/2026 02:40:00,17.10,214.4,257.0,0.12,139.34,,,,,,
5245,04/08/2026 02:50:00,17.07,214.7,257.6,0.12,139.56,,,,,,
5246,04/08/2026 03:00:00,17.04,216.7,260.1,0.12,140.83,,,,,,
5247,04/08/2026 03:10:00,17.01,216.3,259.9,0.12,140.61,,,,,,
5248,04/08/2026 03:20:00,16.98,216.0,259.7,0.12,140.41,,,,,,
5249,04/08/2026 03:30:00,16.95,215.8,259.7,0.12,140.26,,,,,,
5250,04/08/2026 03:40:00,16.91,215.2,259.2,0.12,139.86,,,,,,
5251,04/08/2026 03:50:00,16.87,219.2,264.3,0.13,142.50,,,,,,
5252,04/08/2026 04:00:00,16.83,216.9,261.7,0.12,140.96,,,,,,
5253,04/08/2026 04:10:00,16.80,208.9,252.4,0.12,135.81,,,,,,
5254,04/08/2026 04:20:00,16.77,216.9,262.2,0.12,140.97,,,,,,
5255,04/08/2026 04:30:00,16.73,212.6,257.2,0.12,138.16,,,,,,
5256,04/08/2026 04:40:00,16.70,214.6,259.9,0.12,139.49,,,,,,
5257,04/08/2026 04:50:00,16.67,220.1,266.8,0.13,143.07,,,,,,
5258,04/08/2026 05:00:00,16.65,219.9,266.6,0.13,142.91,,,,,,
5259,04/08/2026 05:10:00,16.63,221.9,269.2,0.13,144.22,,,,,,
5260,04/08/2026 05:20:00,16.61,221.2,268.6,0.13,143.81,,,,,,
5261,04/08/2026 05:30:00,16.60,222.1,269.7,0.13,144.39,,,,,,
5262,04/08/2026 05:40:00,16.59,221.3,268.8,0.13,143.83,,,,,,
5263,04/08/2026 05:50:00,16.57,222.3,270.1,0.13,144.49,,,,,,
5264,04/08/2026 06:00:00,16.57,222.9,270.9,0.13,144.89,,,,,,
5265,04/08/2026 06:10:00,16.56,218.5,265.6,0.13,142.02,,,,,,
5266,04/08/2026 06:20:00,16.55,221.8,269.6,0.13,144.18,,,,,,
5267,04/08/2026 06:30:00,16.54,221.0,268.7,0.13,143.62,,,,,,
5268,04/08/2026 06:40:00,16.53,219.1,266.6,0.13,142.45,,,,,,
5269,04/08/2026 06:50:00,16.50,221.1,269.1,0.13,143.70,,,,,,
5270,04/08/2026 07:00:00,16.48,223.2,271.8,0.13,145.05,,,,,,
5271,04/08/2026 07:10:00,16.46,222.9,271.7,0.13,144.91,,,,,,
5272,04/08/2026 07:20:00,16.44,220.8,269.2,0.13,143.53,,,,,,
5273,04/08/2026 07:30:00,16.42,222.3,271.2,0.13,144.48,,,,,,
5274,04/08/2026 07:40:00,16.41,222.6,271.6,0.13,144.68,,,,,,
5275,04/08/2026 07:50:00,16.40,222.3,271.3,0.13,144.49,,,,,,
5276,04/08/2026 08:00:00,16.41,220.5,269.1,0.13,143.35,,,,,,
5277,04/08/2026 08:10:00,16.45,223.5,272.4,0.13,145.29,,,,,,
5278,04/08/2026 08:20:00,16.49,222.3,270.6,0.13,144.48,,,,,,
5279,04/08/2026 08:30:00,16.52,224.9,273.6,0.13,146.17,,,,,,
5280,04/08/2026 08:40:00,16.58,226.2,274.7,0.13,147.00,,,,,,
5281,04/08/2026 08:50:00,16.65,225.9,274.0,0.13,146.86,,,,,,
5282,04/08/2026 09:00:00,16.75,225.8,273.2,0.13,146.80,,,,,,
5283,04/08/2026 09:10:00,16.86,226.9,273.7,0.13,147.47,,,,,,
5284,04/08/2026 09:20:00,17.02,227.7,273.5,0.13,148.02,,,,,,
5285,04/08/2026 09:30:00,17.20,228.0,272.7,0.13,148.21,,,,,,
5286,04/08/2026 09:40:00,17.37,228.9,272.6,0.13,148.76,,,,,,
5287,04/08/2026 09:50:00,17.48,228.1,270.9,0.13,148.27,,,,,,
5288,04/08/2026 10:00:00,17.59,229.8,272.2,0.13,149.39,,,,,,
5289,04/08/2026 10:10:00,17.79,229.3,270.2,0.13,149.04,,,,,,
5290,04/08/2026 10:20:00,18.05,228.8,267.9,0.13,148.73,,,,,,
5291,04/08/2026 10:30:00,18.36,233.4,271.2,0.13,151.70,,,,,,
5292,04/08/2026 10:40:00,18.69,232.6,268.1,0.13,151.16,,,,,,
5293,04/08/2026 10:50:00,18.97,232.7,266.4,0.13,151.24,,,,,,
5294,04/08/2026 11:00:00,19.27,234.2,266.2,0.13,152.21,,,,,,
5295,04/08/2026 11:10:00,19.68,235.3,264.9,0.13,152.95,,,,,,
5296,04/08/2026 11:20:00,19.98,235.7,263.5,0.13,153.23,,,,,,
5297,04/08/2026 11:30:00,20.32,237.0,262.8,0.13,154.03,,,,,,
5298,04/08/2026 11:40:00,20.77,239.5,262.8,0.13,155.65,,,,,,
5299,04/08/2026 11:50:00,21.16,239.8,260.9,0.13,155.89,,,,,,
5300,04/08/2026 12:00:00,21.57,241.1,259.8,0.12,156.71,,,,,,
5301,04/08/2026 12:10:00,21.87,241.4,258.4,0.12,156.92,,,,,,
5302,04/08/2026 12:20:00,22.11,241.5,257.1,0.12,156.95,,,,,,
5303,04/08/2026 12:30:00,22.38,237.5,251.4,0.12,154.41,,,,,,
5304,04/08/2026 12:40:00,22.68,239.0,251.2,0.12,155.33,,,,,,
5305,04/08/2026 12:50:00,23.05,238.1,248.3,0.12,154.77,,,,,,
5306,04/08/2026 13:00:00,23.46,238.6,246.6,0.12,155.10,,,,,,
5307,04/08/2026 13:10:00,23.84,235.2,241.1,0.12,152.87,,,,,,
5308,04/08/2026 13:20:00,24.17,224.9,228.8,0.11,146.17,,,,,,
5309,04/08/2026 13:30:00,24.53,214.8,216.9,0.11,139.59,,,,,,
5310,04/08/2026 13:40:00,24.88,210.9,211.4,0.10,137.07,,,,,,
5311,04/08/2026 13:50:00,25.21,210.4,209.5,0.10,136.76,,,,,,
5312,04/08/2026 14:00:00,25.52,213.2,211.0,0.10,138.61,,,,,,
5313,04/08/2026 14:10:00,25.78,210.5,207.2,0.10,136.85,,,,,,
5314,04/08/2026 14:20:00,26.01,208.5,204.2,0.10,135.54,,,,,,
5315,04/08/2026 14:30:00,26.23,216.4,210.9,0.10,140.64,,,,,,
5316,04/08/2026 14:40:00,26.45,211.7,205.4,0.10,137.62,,,,,,
5317,04/08/2026 14:50:00,26.62,210.0,203.1,0.10,136.51,,,,,,
5318,04/08/2026 15:00:00,26.77,201.7,194.5,0.10,131.09,,,,,,
5319,04/08/2026 15:10:00,26.86,199.3,191.8,0.09,129.52,,,,,,
5320,04/08/2026 15:20:00,26.95,192.6,185.0,0.09,125.16,,,,,,
5321,04/08/2026 15:30:00,26.91,194.9,187.4,0.09,126.70,,,,,,
5322,04/08/2026 15:40:00,26.94,196.6,188.9,0.09,127.80,,,,,,
5323,04/08/2026 15:50:00,26.89,194.2,186.8,0.09,126.23,,,,,,
5324,04/08/2026 16:00:00,26.73,189.9,183.2,0.09,123.43,,,,,,
5325,04/08/2026 16:10:00,26.58,187.0,181.0,0.09,121.57,,,,,,
5326,04/08/2026 16:20:00,26.42,186.1,180.8,0.09,120.99,,,,,,
5327,04/08/2026 16:30:00,26.26,185.2,180.4,0.09,120.35,,,,,,
5328,04/08/2026 16:40:00,26.03,184.1,180.2,0.09,119.65,,,,,,
5329,04/08/2026 16:50:00,25.87,182.2,178.9,0.09,118.42,,,,,,
5330,04/08/2026 17:00:00,25.73,181.2,178.5,0.09,117.77,,,,,,
5331,04/08/2026 17:10:00,25.59,180.2,177.9,0.09,117.10,,,,,,
5332,04/08/2026 17:20:00,25.44,179.2,177.6,0.09,116.49,,,,,,
5333,04/08/2026 17:30:00,25.30,171.9,170.8,0.08,111.74,,,,,,
5334,04/08/2026 17:40:00,25.15,171.1,170.6,0.08,111.21,,,,,,
5335,04/08/2026 17:50:00,25.00,170.4,170.4,0.08,110.74,,,,,,
5336,04/08/2026 18:00:00,24.86,164.6,165.1,0.08,107.02,,,,,,
5337,04/08/2026 18:10:00,24.68,161.6,162.7,0.08,105.01,,,,,,
5338,04/08/2026 18:20:00,24.48,160.7,162.5,0.08,104.46,,,,,,
5339,04/08/2026 18:30:00,24.26,164.2,166.8,0.08,106.72,,,,,,
5340,04/08/2026 18:40:00,24.01,164.9,168.4,0.08,107.19,,,,,,
5341,04/08/2026 18:50:00,23.76,174.8,179.5,0.09,113.64,,,,,,
5342,04/08/2026 19:00:00,23.50,179.0,184.9,0.09,116.37,,,,,,
5343,04/08/2026 19:10:00,23.30,163.6,169.7,0.08,106.36,,,,,,
5344,04/08/2026 19:20:00,23.11,164.5,171.4,0.08,106.95,,,,,,
5345,04/08/2026 19:30:00,22.84,163.7,171.5,0.08,106.38,,,,,,
5346,04/08/2026 19:40:00,22.62,163.7,172.3,0.08,106.39,,,,,,
5347,04/08/2026 19:50:00,22.40,164.3,173.8,0.08,106.82,,,,,,
5348,04/08/2026 20:00:00,22.22,167.0,177.4,0.09,108.58,,,,,,
5349,04/08/2026 20:10:00,22.05,166.2,177.1,0.09,108.01,,,,,,
5350,04/08/2026 20:20:00,21.88,175.3,187.6,0.09,113.95,,,,,,
5351,04/08/2026 20:30:00,21.75,179.0,192.1,0.09,116.36,,,,,,
5352,04/08/2026 20:40:00,21.59,180.3,194.2,0.09,117.21,,,,,,
5353,04/08/2026 20:50:00,21.44,181.2,195.8,0.09,117.77,,,,,,
5354,04/08/2026 21:00:00,21.31,182.4,197.8,0.10,118.57,,,,,,
5355,04/08/2026 21:10:00,21.16,185.3,201.6,0.10,120.47,,,,,,
5356,04/08/2026 21:20:00,21.01,186.2,203.2,0.10,121.01,,,,,,
5357,04/08/2026 21:30:00,20.87,185.7,203.3,0.10,120.71,,,,,,
5358,04/08/2026 21:40:00,20.74,186.7,205.1,0.10,121.38,,,,,,
5359,04/08/2026 21:50:00,20.61,188.2,207.3,0.10,122.34,,,,,,
5360,04/08/2026 22:00:00,20.49,189.0,208.8,0.10,122.84,,,,,,
5361,04/08/2026 22:10:00,20.38,190.3,210.7,0.10,123.68,,,,,,
5362,04/08/2026 22:20:00,20.25,191.1,212.3,0.10,124.22,,,,,,
5363,04/08/2026 22:30:00,20.13,192.4,214.2,0.10,125.03,,,,,,
5364,04/08/2026 22:40:00,20.03,192.9,215.4,0.10,125.42,,,,,,
5365,04/08/2026 22:50:00,19.91,192.8,215.8,0.10,125.32,,,,,,
5366,04/08/2026 23:00:00,19.80,192.4,215.9,0.10,125.04,,,,,,
5367,04/08/2026 23:10:00,19.70,195.3,219.7,0.11,126.93,,,,,,
5368,04/08/2026 23:20:00,19.60,193.2,218.0,0.10,125.60,,,,,,
5369,04/08/2026 23:30:00,19.50,196.2,221.8,0.11,127.50,,,,,,
5370,04/08/2026 23:40:00,19.42,197.0,223.2,0.11,128.07,,,,,,
5371,04/08/2026 23:50:00,19.33,194.0,220.3,0.11,126.12,,,,,,
5372,04/09/2026 00:00:00,19.24,197.0,224.1,0.11,128.03,,,,,,
5373,04/09/2026 00:10:00,19.16,195.0,222.3,0.11,126.75,,,,,,
5374,04/09/2026 00:20:00,19.07,195.1,222.9,0.11,126.84,,,,,,
5375,04/09/2026 00:30:00,19.00,195.6,223.8,0.11,127.15,,,,,,
5376,04/09/2026 00:40:00,18.92,196.0,224.7,0.11,127.41,,,,,,
5377,04/09/2026 00:50:00,18.84,195.9,225.1,0.11,127.37,,,,,,
5378,04/09/2026 01:00:00,18.77,197.2,226.9,0.11,128.16,,,,,,
5379,04/09/2026 01:10:00,18.70,197.7,227.9,0.11,128.51,,,,,,
5380,04/09/2026 01:20:00,18.63,197.5,228.0,0.11,128.37,,,,,,
5381,04/09/2026 01:30:00,18.57,198.0,228.9,0.11,128.70,,,,,,
5382,04/09/2026 01:40:00,18.51,198.5,229.8,0.11,129.03,,,,,,
5383,04/09/2026 01:50:00,18.46,198.3,229.9,0.11,128.92,,,,,,
5384,04/09/2026 02:00:00,18.39,198.5,230.5,0.11,129.03,,,,,,
5385,04/09/2026 02:10:00,18.33,198.7,231.0,0.11,129.14,,,,,,
5386,04/09/2026 02:20:00,18.28,199.4,232.2,0.11,129.63,,,,,,
5387,04/09/2026 02:30:00,18.22,195.3,227.8,0.11,126.97,,,,,,
5388,04/09/2026 02:40:00,18.17,199.3,232.7,0.11,129.56,,,,,,
5389,04/09/2026 02:50:00,18.12,199.7,233.5,0.11,129.83,,,,,,
5390,04/09/2026 03:00:00,18.06,199.8,233.9,0.11,129.88,,,,,,
5391,04/09/2026 03:10:00,18.02,202.1,236.8,0.11,131.36,,,,,,
5392,04/09/2026 03:20:00,17.97,202.2,237.2,0.11,131.45,,,,,,
5393,04/09/2026 03:30:00,17.94,199.8,234.6,0.11,129.87,,,,,,
5394,04/09/2026 03:40:00,17.90,201.9,237.3,0.11,131.26,,,,,,
5395,04/09/2026 03:50:00,17.87,198.7,233.7,0.11,129.17,,,,,,
5396,04/09/2026 04:00:00,17.84,196.9,231.7,0.11,127.98,,,,,,
5397,04/09/2026 04:10:00,17.82,198.3,233.6,0.11,128.90,,,,,,
5398,04/09/2026 04:20:00,17.79,206.2,242.9,0.12,134.00,,,,,,
5399,04/09/2026 04:30:00,17.77,194.2,229.0,0.11,126.24,,,,,,
5400,04/09/2026 04:40:00,17.75,197.8,233.3,0.11,128.55,,,,,,
5401,04/09/2026 04:50:00,17.74,199.3,235.1,0.11,129.52,,,,,,
5402,04/09/2026 05:00:00,17.72,201.7,238.1,0.11,131.12,,,,,,
5403,04/09/2026 05:10:00,17.71,199.2,235.2,0.11,129.47,,,,,,
5404,04/09/2026 05:20:00,17.70,199.0,235.0,0.11,129.34,,,,,,
5405,04/09/2026 05:30:00,17.69,203.5,240.4,0.11,132.27,,,,,,
5406,04/09/2026 05:40:00,17.68,204.4,241.6,0.11,132.89,,,,,,
5407,04/09/2026 05:50:00,17.67,207.8,245.6,0.12,135.06,,,,,,
5408,04/09/2026 06:00:00,17.66,207.5,245.3,0.12,134.87,,,,,,
5409,04/09/2026 06:10:00,17.65,208.5,246.5,0.12,135.50,,,,,,
5410,04/09/2026 06:20:00,17.63,208.9,247.2,0.12,135.80,,,,,,
5411,04/09/2026 06:30:00,17.62,207.6,245.6,0.12,134.91,,,,,,
5412,04/09/2026 06:40:00,17.60,210.3,249.0,0.12,136.69,,,,,,
5413,04/09/2026 06:50:00,17.58,207.7,246.1,0.12,135.01,,,,,,
5414,04/09/2026 07:00:00,17.56,210.4,249.4,0.12,136.78,,,,,,
5415,04/09/2026 07:10:00,17.54,210.0,249.0,0.12,136.51,,,,,,
5416,04/09/2026 07:20:00,17.52,211.7,251.1,0.12,137.59,,,,,,
5417,04/09/2026 07:30:00,17.50,212.6,252.3,0.12,138.16,,,,,,
5418,04/09/2026 07:40:00,17.49,211.9,251.6,0.12,137.71,,,,,,
5419,04/09/2026 07:50:00,17.48,209.4,248.7,0.12,136.11,,,,,,
5420,04/09/2026 08:00:00,17.49,214.1,254.3,0.12,139.19,,,,,,
5421,04/09/2026 08:10:00,17.51,211.5,250.9,0.12,137.45,,,,,,
5422,04/09/2026 08:20:00,17.57,210.7,249.7,0.12,136.96,,,,,,
5423,04/09/2026 08:30:00,17.62,217.1,256.9,0.12,141.12,,,,,,
5424,04/09/2026 08:40:00,17.69,217.1,256.4,0.12,141.10,,,,,,
5425,04/09/2026 08:50:00,17.77,217.8,256.8,0.12,141.58,,,,,,
5426,04/09/2026 09:00:00,17.88,218.3,256.7,0.12,141.90,,,,,,
5427,04/09/2026 09:10:00,17.99,217.2,254.7,0.12,141.17,,,,,,
5428,04/09/2026 09:20:00,18.10,217.6,254.4,0.12,141.41,,,,,,
5429,04/09/2026 09:30:00,18.19,219.8,256.5,0.12,142.89,,,,,,
5430,04/09/2026 09:40:00,18.30,220.6,256.7,0.12,143.37,,,,,,
5431,04/09/2026 09:50:00,18.44,220.6,255.9,0.12,143.39,,,,,,
5432,04/09/2026 10:00:00,18.72,223.9,257.9,0.12,145.55,,,,,,
5433,04/09/2026 10:10:00,19.03,223.6,255.6,0.12,145.31,,,,,,
5434,04/09/2026 10:20:00,19.33,224.2,254.5,0.12,145.72,,,,,,
5435,04/09/2026 10:30:00,19.58,225.8,254.8,0.12,146.78,,,,,,
5436,04/09/2026 10:40:00,19.75,225.7,253.6,0.12,146.70,,,,,,
5437,04/09/2026 10:50:00,19.90,229.2,256.7,0.12,148.97,,,,,,
5438,04/09/2026 11:00:00,20.08,230.3,256.8,0.12,149.71,,,,,,
5439,04/09/2026 11:10:00,20.33,226.1,250.7,0.12,146.97,,,,,,
5440,04/09/2026 11:20:00,20.60,226.7,249.8,0.12,147.36,,,,,,
5441,04/09/2026 11:30:00,20.89,228.1,249.7,0.12,148.26,,,,,,
5442,04/09/2026 11:40:00,21.08,228.2,248.7,0.12,148.35,,,,,,
5443,04/09/2026 11:50:00,21.19,228.7,248.6,0.12,148.68,,,,,,
5444,04/09/2026 12:00:00,21.30,228.6,247.8,0.12,148.56,,,,,,
5445,04/09/2026 12:10:00,21.41,227.1,245.6,0.12,147.61,,,,,,
5446,04/09/2026 12:20:00,21.61,226.6,244.0,0.12,147.32,,,,,,
5447,04/09/2026 12:30:00,21.81,226.4,242.6,0.12,147.13,,,,,,
5448,04/09/2026 12:40:00,22.00,227.5,242.8,0.12,147.86,,,,,,
5449,04/09/2026 12:50:00,22.20,227.9,242.1,0.12,148.12,,,,,,
5450,04/09/2026 13:00:00,22.37,226.6,239.8,0.12,147.28,,,,,,
5451,04/09/2026 13:10:00,22.53,219.6,231.6,0.11,142.76,,,,,,
5452,04/09/2026 13:20:00,22.82,226.0,236.9,0.11,146.92,,,,,,
5453,04/09/2026 13:30:00,23.22,221.6,230.2,0.11,144.05,,,,,,
5454,04/09/2026 13:40:00,23.49,228.5,236.0,0.11,148.51,,,,,,
5455,04/09/2026 13:50:00,23.79,228.2,234.2,0.11,148.34,,,,,,
5456,04/09/2026 14:00:00,24.10,228.1,232.5,0.11,148.24,,,,,,
5457,04/09/2026 14:10:00,24.43,225.5,228.2,0.11,146.58,,,,,,
5458,04/09/2026 14:20:00,24.78,228.0,229.0,0.11,148.18,,,,,,
5459,04/09/2026 14:30:00,25.06,227.3,227.0,0.11,147.75,,,,,,
5460,04/09/2026 14:40:00,25.34,225.0,223.5,0.11,146.28,,,,,,
5461,04/09/2026 14:50:00,25.56,224.4,221.8,0.11,145.89,,,,,,
5462,04/09/2026 15:00:00,25.76,224.6,221.1,0.11,146.01,,,,,,
5463,04/09/2026 15:10:00,25.85,224.7,220.8,0.11,146.07,,,,,,
5464,04/09/2026 15:20:00,25.96,218.1,213.8,0.10,141.76,,,,,,
5465,04/09/2026 15:30:00,26.09,216.7,211.9,0.10,140.88,,,,,,
5466,04/09/2026 15:40:00,26.15,218.8,213.7,0.10,142.24,,,,,,
5467,04/09/2026 15:50:00,26.00,219.3,214.8,0.10,142.54,,,,,,
5468,04/09/2026 16:00:00,25.91,218.6,214.5,0.10,142.11,,,,,,
5469,04/09/2026 16:10:00,25.85,223.0,219.1,0.11,144.93,,,,,,
5470,04/09/2026 16:20:00,25.71,223.7,220.4,0.11,145.37,,,,,,
5471,04/09/2026 16:30:00,25.58,222.4,219.7,0.11,144.56,,,,,,
5472,04/09/2026 16:40:00,25.47,213.1,211.0,0.10,138.52,,,,,,
5473,04/09/2026 16:50:00,25.37,212.0,210.4,0.10,137.82,,,,,,
5474,04/09/2026 17:00:00,25.25,211.3,210.2,0.10,137.37,,,,,,
5475,04/09/2026 17:10:00,25.14,210.5,209.8,0.10,136.79,,,,,,
5476,04/09/2026 17:20:00,24.96,209.7,209.9,0.10,136.31,,,,,,
5477,04/09/2026 17:30:00,24.88,209.4,209.9,0.10,136.09,,,,,,
5478,04/09/2026 17:40:00,24.78,205.6,206.5,0.10,133.62,,,,,,
5479,04/09/2026 17:50:00,24.59,205.9,207.7,0.10,133.84,,,,,,
5480,04/09/2026 18:00:00,24.42,205.9,208.4,0.10,133.82,,,,,,
5481,04/09/2026 18:10:00,24.22,205.6,209.0,0.10,133.63,,,,,,
5482,04/09/2026 18:20:00,24.03,205.7,209.9,0.10,133.68,,,,,,
5483,04/09/2026 18:30:00,23.84,203.2,208.3,0.10,132.08,,,,,,
5484,04/09/2026 18:40:00,23.66,202.8,208.6,0.10,131.80,,,,,,
5485,04/09/2026 18:50:00,23.51,205.2,211.9,0.10,133.41,,,,,,
5486,04/09/2026 19:00:00,23.37,208.4,215.8,0.10,135.45,,,,,,
5487,04/09/2026 19:10:00,23.22,207.8,215.9,0.10,135.10,,,,,,
5488,04/09/2026 19:20:00,23.09,206.0,214.6,0.10,133.87,,,,,,
5489,04/09/2026 19:30:00,22.94,207.5,216.9,0.10,134.86,,,,,,
5490,04/09/2026 19:40:00,22.80,208.3,218.4,0.11,135.43,,,,,,
5491,04/09/2026 19:50:00,22.65,209.0,219.9,0.11,135.87,,,,,,
5492,04/09/2026 20:00:00,22.50,212.2,224.0,0.11,137.94,,,,,,
5493,04/09/2026 20:10:00,22.36,216.4,229.1,0.11,140.66,,,,,,
5494,04/09/2026 20:20:00,22.22,213.8,227.0,0.11,138.95,,,,,,
5495,04/09/2026 20:30:00,22.10,214.9,228.8,0.11,139.67,,,,,,
5496,04/09/2026 20:40:00,21.99,216.0,230.6,0.11,140.42,,,,,,
5497,04/09/2026 20:50:00,21.88,220.8,236.4,0.11,143.55,,,,,,
5498,04/09/2026 21:00:00,21.76,217.2,233.1,0.11,141.19,,,,,,
5499,04/09/2026 21:10:00,21.65,218.0,234.5,0.11,141.71,,,,,,
5500,04/09/2026 21:20:00,21.54,196.5,211.9,0.10,127.70,,,,,,
5501,04/09/2026 21:30:00,21.43,202.4,218.8,0.11,131.58,,,,,,
5502,04/09/2026 21:40:00,21.32,199.1,215.8,0.10,129.44,,,,,,
5503,04/09/2026 21:50:00,21.20,200.5,217.8,0.10,130.29,,,,,,
5504,04/09/2026 22:00:00,21.10,203.2,221.4,0.11,132.10,,,,,,
5505,04/09/2026 22:10:00,21.00,201.7,220.2,0.11,131.12,,,,,,
5506,04/09/2026 22:20:00,20.91,203.3,222.4,0.11,132.15,,,,,,
5507,04/09/2026 22:30:00,20.81,203.4,223.0,0.11,132.19,,,,,,
5508,04/09/2026 22:40:00,20.72,206.3,226.7,0.11,134.07,,,,,,
5509,04/09/2026 22:50:00,20.62,209.0,230.1,0.11,135.82,,,,,,
5510,04/09/2026 23:00:00,20.53,209.6,231.3,0.11,136.27,,,,,,
5511,04/09/2026 23:10:00,20.45,210.9,233.2,0.11,137.07,,,,,,
5512,04/09/2026 23:20:00,20.36,211.1,233.9,0.11,137.20,,,,,,
5513,04/09/2026 23:30:00,20.27,212.1,235.5,0.11,137.88,,,,,,
5514,04/09/2026 23:40:00,20.18,212.6,236.5,0.11,138.19,,,,,,
5515,04/09/2026 23:50:00,20.10,214.4,239.0,0.11,139.35,,,,,,
5516,04/10/2026 00:00:00,20.02,215.3,240.5,0.12,139.97,,,,,,
5517,04/10/2026 00:10:00,19.94,215.7,241.3,0.12,140.20,,,,,,
5518,04/10/2026 00:20:00,19.87,217.9,244.2,0.12,141.63,,,,,,
5519,04/10/2026 00:30:00,19.79,218.8,245.7,0.12,142.24,,,,,,
5520,04/10/2026 00:40:00,19.71,217.3,244.4,0.12,141.22,,,,,,
5521,04/10/2026 00:50:00,19.63,219.7,247.6,0.12,142.78,,,,,,
5522,04/10/2026 01:00:00,19.57,220.3,248.7,0.12,143.22,,,,,,
5523,04/10/2026 01:10:00,19.50,221.8,250.7,0.12,144.14,,,,,,
5524,04/10/2026 01:20:00,19.44,225.9,255.8,0.12,146.87,,,,,,
5525,04/10/2026 01:30:00,19.38,226.1,256.4,0.12,147.00,,,,,,
5526,04/10/2026 01:40:00,19.34,226.9,257.5,0.12,147.49,,,,,,
5527,04/10/2026 01:50:00,19.29,227.0,257.9,0.12,147.53,,,,,,
5528,04/10/2026 02:00:00,19.24,227.1,258.4,0.12,147.64,,,,,,
5529,04/10/2026 02:10:00,19.20,227.7,259.3,0.12,148.01,,,,,,
5530,04/10/2026 02:20:00,19.16,228.3,260.2,0.12,148.40,,,,,,
5531,04/10/2026 02:30:00,19.13,228.4,260.5,0.12,148.45,,,,,,
5532,04/10/2026 02:40:00,19.09,227.8,260.1,0.12,148.06,,,,,,
5533,04/10/2026 02:50:00,19.05,224.8,256.9,0.12,146.14,,,,,,
5534,04/10/2026 03:00:00,19.02,222.9,254.9,0.12,144.87,,,,,,
5535,04/10/2026 03:10:00,18.99,223.4,255.7,0.12,145.23,,,,,,
5536,04/10/2026 03:20:00,18.96,223.9,256.4,0.12,145.50,,,,,,
5537,04/10/2026 03:30:00,18.93,224.3,257.1,0.12,145.80,,,,,,
5538,04/10/2026 03:40:00,18.89,224.9,258.0,0.12,146.19,,,,,,
5539,04/10/2026 03:50:00,18.86,225.7,259.1,0.12,146.69,,,,,,
5540,04/10/2026 04:00:00,18.84,226.6,260.2,0.12,147.27,,,,,,
5541,04/10/2026 04:10:00,18.83,227.1,260.9,0.12,147.62,,,,,,
5542,04/10/2026 04:20:00,18.81,227.6,261.6,0.12,147.93,,,,,,
5543,04/10/2026 04:30:00,18.79,227.8,261.9,0.12,148.05,,,,,,
5544,04/10/2026 04:40:00,18.78,228.2,262.5,0.13,148.32,,,,,,
5545,04/10/2026 04:50:00,18.77,229.6,264.2,0.13,149.26,,,,,,
5546,04/10/2026 05:00:00,18.77,230.5,265.1,0.13,149.80,,,,,,
5547,04/10/2026 05:10:00,18.77,231.4,266.3,0.13,150.43,,,,,,
5548,04/10/2026 05:20:00,18.76,231.9,266.9,0.13,150.77,,,,,,
5549,04/10/2026 05:30:00,18.76,232.3,267.4,0.13,151.00,,,,,,
5550,04/10/2026 05:40:00,18.75,232.8,268.0,0.13,151.35,,,,,,
5551,04/10/2026 05:50:00,18.75,233.5,268.8,0.13,151.79,,,,,,
5552,04/10/2026 06:00:00,18.76,234.6,270.0,0.13,152.52,,,,,,
5553,04/10/2026 06:10:00,18.77,235.6,271.1,0.13,153.16,,,,,,
5554,04/10/2026 06:20:00,18.78,236.1,271.6,0.13,153.46,,,,,,
5555,04/10/2026 06:30:00,18.78,237.1,272.7,0.13,154.13,,,,,,
5556,04/10/2026 06:40:00,18.78,237.2,272.9,0.13,154.21,,,,,,
5557,04/10/2026 06:50:00,18.78,237.9,273.6,0.13,154.62,,,,,,
5558,04/10/2026 07:00:00,18.79,237.2,272.8,0.13,154.18,,,,,,
5559,04/10/2026 07:10:00,18.80,238.4,274.1,0.13,154.98,,,,,,
5560,04/10/2026 07:20:00,18.80,238.8,274.5,0.13,155.19,,,,,,
5561,04/10/2026 07:30:00,18.82,239.5,275.2,0.13,155.66,,,,,,
5562,04/10/2026 07:40:00,18.83,239.9,275.6,0.13,155.91,,,,,,
5563,04/10/2026 07:50:00,18.84,240.6,276.3,0.13,156.37,,,,,,
5564,04/10/2026 08:00:00,18.85,240.5,276.1,0.13,156.30,,,,,,
5565,04/10/2026 08:10:00,18.87,241.2,276.8,0.13,156.79,,,,,,
5566,04/10/2026 08:20:00,18.92,240.9,276.1,0.13,156.56,,,,,,
5567,04/10/2026 08:30:00,18.97,241.0,275.9,0.13,156.62,,,,,,
5568,04/10/2026 08:40:00,19.01,241.4,276.1,0.13,156.90,,,,,,
5569,04/10/2026 08:50:00,19.08,241.4,275.7,0.13,156.88,,,,,,
5570,04/10/2026 09:00:00,19.14,241.4,275.2,0.13,156.90,,,,,,
5571,04/10/2026 09:10:00,19.21,242.1,275.6,0.13,157.38,,,,,,
5572,04/10/2026 09:20:00,19.32,242.4,275.3,0.13,157.57,,,,,,
5573,04/10/2026 09:30:00,19.44,242.0,274.1,0.13,157.33,,,,,,
5574,04/10/2026 09:40:00,19.59,242.8,273.9,0.13,157.84,,,,,,
5575,04/10/2026 09:50:00,19.77,243.6,273.6,0.13,158.35,,,,,,
5576,04/10/2026 10:00:00,19.94,243.6,272.5,0.13,158.31,,,,,,
5577,04/10/2026 10:10:00,20.16,244.2,271.8,0.13,158.72,,,,,,
5578,04/10/2026 10:20:00,20.37,244.3,270.6,0.13,158.78,,,,,,
5579,04/10/2026 10:30:00,20.67,245.1,269.5,0.13,159.28,,,,,,
5580,04/10/2026 10:40:00,21.00,246.6,269.2,0.13,160.28,,,,,,
5581,04/10/2026 10:50:00,21.21,246.9,268.2,0.13,160.48,,,,,,
5582,04/10/2026 11:00:00,21.46,246.3,266.1,0.13,160.12,,,,,,
5583,04/10/2026 11:10:00,21.77,247.4,265.5,0.13,160.83,,,,,,
5584,04/10/2026 11:20:00,22.11,247.9,263.9,0.13,161.11,,,,,,
5585,04/10/2026 11:30:00,22.47,249.2,263.1,0.13,161.96,,,,,,
5586,04/10/2026 11:40:00,22.88,250.9,262.6,0.13,163.07,,,,,,
5587,04/10/2026 11:50:00,23.29,252.3,261.7,0.13,163.97,,,,,,
5588,04/10/2026 12:00:00,23.71,254.0,261.1,0.13,165.09,,,,,,
5589,04/10/2026 12:10:00,24.08,255.7,260.7,0.13,166.19,,,,,,
5590,04/10/2026 12:20:00,24.43,256.0,259.1,0.13,166.42,,,,,,
5591,04/10/2026 12:30:00,24.73,251.7,253.2,0.12,163.63,,,,,,
5592,04/10/2026 12:40:00,25.08,252.7,252.2,0.12,164.22,,,,,,
5593,04/10/2026 12:50:00,25.41,252.6,250.4,0.12,164.16,,,,,,
5594,04/10/2026 13:00:00,25.87,251.7,247.2,0.12,163.59,,,,,,
5595,04/10/2026 13:10:00,26.23,251.7,245.4,0.12,163.59,,,,,,
5596,04/10/2026 13:20:00,26.58,253.2,245.1,0.12,164.58,,,,,,
5597,04/10/2026 13:30:00,26.83,248.5,239.2,0.12,161.50,,,,,,
5598,04/10/2026 13:40:00,27.09,247.5,237.1,0.12,160.89,,,,,,
5599,04/10/2026 13:50:00,27.23,245.0,234.1,0.11,159.27,,,,,,
5600,04/10/2026 14:00:00,27.34,239.3,228.1,0.11,155.54,,,,,,
5601,04/10/2026 14:10:00,27.50,237.4,225.6,0.11,154.32,,,,,,
5602,04/10/2026 14:20:00,27.56,229.9,218.2,0.11,149.42,,,,,,
5603,04/10/2026 14:30:00,27.73,229.2,216.8,0.11,149.00,,,,,,
5604,04/10/2026 14:40:00,27.81,224.7,212.2,0.10,146.07,,,,,,
5605,04/10/2026 14:50:00,27.78,221.8,209.6,0.10,144.20,,,,,,
5606,04/10/2026 15:00:00,27.65,221.7,210.0,0.10,144.11,,,,,,
5607,04/10/2026 15:10:00,27.62,216.4,205.1,0.10,140.65,,,,,,
5608,04/10/2026 15:20:00,27.61,215.4,204.2,0.10,140.03,,,,,,
5609,04/10/2026 15:30:00,27.54,214.8,203.9,0.10,139.64,,,,,,
5610,04/10/2026 15:40:00,27.43,211.7,201.4,0.10,137.61,,,,,,
5611,04/10/2026 15:50:00,27.43,211.6,201.3,0.10,137.53,,,,,,
5612,04/10/2026 16:00:00,27.47,208.4,198.1,0.10,135.45,,,,,,
5613,04/10/2026 16:10:00,27.46,206.4,196.3,0.10,134.19,,,,,,
5614,04/10/2026 16:20:00,27.43,207.6,197.5,0.10,134.96,,,,,,
5615,04/10/2026 16:30:00,27.31,213.7,203.8,0.10,138.89,,,,,,
5616,04/10/2026 16:40:00,27.17,211.9,202.7,0.10,137.74,,,,,,
5617,04/10/2026 16:50:00,27.10,214.4,205.3,0.10,139.35,,,,,,
5618,04/10/2026 17:00:00,27.02,205.1,196.8,0.10,133.33,,,,,,
5619,04/10/2026 17:10:00,26.93,192.3,184.8,0.09,124.97,,,,,,
5620,04/10/2026 17:20:00,26.84,192.0,184.8,0.09,124.79,,,,,,
5621,04/10/2026 17:30:00,26.79,190.5,183.6,0.09,123.80,,,,,,
5622,04/10/2026 17:40:00,26.69,190.3,183.8,0.09,123.70,,,,,,
5623,04/10/2026 17:50:00,26.59,189.0,182.9,0.09,122.88,,,,,,
5624,04/10/2026 18:00:00,26.45,187.7,182.2,0.09,122.02,,,,,,
5625,04/10/2026 18:10:00,26.26,187.0,182.2,0.09,121.56,,,,,,
5626,04/10/2026 18:20:00,26.07,186.2,182.1,0.09,121.03,,,,,,
5627,04/10/2026 18:30:00,25.94,185.6,182.0,0.09,120.61,,,,,,
5628,04/10/2026 18:40:00,25.78,185.0,182.0,0.09,120.27,,,,,,
5629,04/10/2026 18:50:00,25.60,185.1,182.8,0.09,120.31,,,,,,
5630,04/10/2026 19:00:00,25.40,184.4,182.8,0.09,119.84,,,,,,
5631,04/10/2026 19:10:00,25.19,182.9,182.1,0.09,118.85,,,,,,
5632,04/10/2026 19:20:00,24.99,182.6,182.6,0.09,118.67,,,,,,
5633,04/10/2026 19:30:00,24.79,182.3,183.1,0.09,118.52,,,,,,
5634,04/10/2026 19:40:00,24.56,184.4,186.2,0.09,119.89,,,,,,
5635,04/10/2026 19:50:00,24.35,185.6,188.1,0.09,120.62,,,,,,
5636,04/10/2026 20:00:00,24.15,186.3,189.7,0.09,121.10,,,,,,
5637,04/10/2026 20:10:00,23.97,187.3,191.5,0.09,121.75,,,,,,
5638,04/10/2026 20:20:00,23.80,188.4,193.3,0.09,122.45,,,,,,
5639,04/10/2026 20:30:00,23.65,190.5,196.0,0.10,123.82,,,,,,
5640,04/10/2026 20:40:00,23.50,190.3,196.5,0.10,123.72,,,,,,
5641,04/10/2026 20:50:00,23.36,192.2,199.1,0.10,124.93,,,,,,
5642,04/10/2026 21:00:00,23.22,193.9,201.5,0.10,126.07,,,,,,
5643,04/10/2026 21:10:00,23.09,195.1,203.3,0.10,126.83,,,,,,
5644,04/10/2026 21:20:00,22.97,197.0,205.8,0.10,128.08,,,,,,
5645,04/10/2026 21:30:00,22.85,198.1,207.5,0.10,128.78,,,,,,
5646,04/10/2026 21:40:00,22.73,198.3,208.2,0.10,128.89,,,,,,
5647,04/10/2026 21:50:00,22.63,199.8,210.3,0.10,129.87,,,,,,
5648,04/10/2026 22:00:00,22.55,201.7,212.6,0.10,131.08,,,,,,
5649,04/10/2026 22:10:00,22.47,204.7,216.2,0.10,133.05,,,,,,
5650,04/10/2026 22:20:00,22.39,205.0,216.9,0.10,133.26,,,,,,
5651,04/10/2026 22:30:00,22.30,207.0,219.4,0.11,134.54,,,,,,
5652,04/10/2026 22:40:00,22.20,208.9,222.0,0.11,135.82,,,,,,
5653,04/10/2026 22:50:00,22.11,209.6,223.1,0.11,136.23,,,,,,
5654,04/10/2026 23:00:00,22.03,211.4,225.5,0.11,137.43,,,,,,
5655,04/10/2026 23:10:00,21.96,212.3,226.8,0.11,138.02,,,,,,
5656,04/10/2026 23:20:00,21.89,213.7,228.6,0.11,138.90,,,,,,
5657,04/10/2026 23:30:00,21.81,215.3,230.8,0.11,139.97,,,,,,
5658,04/10/2026 23:40:00,21.73,217.5,233.5,0.11,141.36,,,,,,
5659,04/10/2026 23:50:00,21.63,219.6,236.3,0.11,142.71,,,,,,
5660,04/11/2026 00:00:00,21.53,224.6,242.2,0.12,145.98,,,,,,
5661,04/11/2026 00:10:00,21.43,227.8,246.3,0.12,148.08,,,,,,
5662,04/11/2026 00:20:00,21.34,224.1,242.7,0.12,145.66,,,,,,
5663,04/11/2026 00:30:00,21.26,217.2,235.7,0.11,141.19,,,,,,
5664,04/11/2026 00:40:00,21.18,222.9,242.3,0.12,144.87,,,,,,
5665,04/11/2026 00:50:00,21.12,243.6,265.2,0.13,158.32,,,,,,
5666,04/11/2026 01:00:00,21.05,249.4,271.9,0.13,162.08,,,,,,
5667,04/11/2026 01:10:00,20.98,243.0,265.4,0.13,157.95,,,,,,
5668,04/11/2026 01:20:00,20.91,252.4,276.0,0.13,164.03,,,,,,
5669,04/11/2026 01:30:00,20.86,242.6,265.7,0.13,157.69,,,,,,
5670,04/11/2026 01:40:00,20.81,250.7,274.9,0.13,162.98,,,,,,
5671,04/11/2026 01:50:00,20.75,255.8,280.9,0.13,166.30,,,,,,
5672,04/11/2026 02:00:00,20.71,257.9,283.4,0.14,167.64,,,,,,
5673,04/11/2026 02:10:00,20.67,256.7,282.3,0.14,166.83,,,,,,
5674,04/11/2026 02:20:00,20.63,254.3,280.0,0.13,165.31,,,,,,
5675,04/11/2026 02:30:00,20.60,255.4,281.4,0.13,166.03,,,,,,
5676,04/11/2026 02:40:00,20.57,254.4,280.5,0.13,165.37,,,,,,
5677,04/11/2026 02:50:00,20.54,247.7,273.3,0.13,161.00,,,,,,
5678,04/11/2026 03:00:00,20.50,256.2,282.9,0.14,166.52,,,,,,
5679,04/11/2026 03:10:00,20.47,247.1,273.1,0.13,160.60,,,,,,
5680,04/11/2026 03:20:00,20.42,257.7,285.1,0.14,167.49,,,,,,
5681,04/11/2026 03:30:00,20.38,257.4,285.0,0.14,167.28,,,,,,
5682,04/11/2026 03:40:00,20.33,258.6,286.7,0.14,168.07,,,,,,
5683,04/11/2026 03:50:00,20.28,258.0,286.4,0.14,167.69,,,,,,
5684,04/11/2026 04:00:00,20.23,255.5,284.0,0.14,166.10,,,,,,
5685,04/11/2026 04:10:00,20.19,257.8,286.8,0.14,167.55,,,,,,
5686,04/11/2026 04:20:00,20.13,259.7,289.2,0.14,168.79,,,,,,
5687,04/11/2026 04:30:00,20.09,259.3,289.1,0.14,168.57,,,,,,
5688,04/11/2026 04:40:00,20.05,259.4,289.6,0.14,168.64,,,,,,
5689,04/11/2026 04:50:00,20.02,259.3,289.5,0.14,168.52,,,,,,
5690,04/11/2026 05:00:00,19.99,258.9,289.4,0.14,168.30,,,,,,
5691,04/11/2026 05:10:00,19.96,258.9,289.6,0.14,168.29,,,,,,
5692,04/11/2026 05:20:00,19.93,259.6,290.5,0.14,168.76,,,,,,
5693,04/11/2026 05:30:00,19.91,259.3,290.3,0.14,168.52,,,,,,
5694,04/11/2026 05:40:00,19.89,259.6,290.8,0.14,168.73,,,,,,
5695,04/11/2026 05:50:00,19.88,259.1,290.4,0.14,168.43,,,,,,
5696,04/11/2026 06:00:00,19.85,244.5,274.2,0.13,158.95,,,,,,
5697,04/11/2026 06:10:00,19.85,249.2,279.4,0.13,161.97,,,,,,
5698,04/11/2026 06:20:00,19.85,247.1,277.0,0.13,160.60,,,,,,
5699,04/11/2026 06:30:00,19.87,256.0,287.0,0.14,166.42,,,,,,
5700,04/11/2026 06:40:00,19.88,254.7,285.4,0.14,165.54,,,,,,
5701,04/11/2026 06:50:00,19.89,257.8,288.7,0.14,167.56,,,,,,
5702,04/11/2026 07:00:00,19.91,258.4,289.4,0.14,167.97,,,,,,
5703,04/11/2026 07:10:00,19.93,258.6,289.5,0.14,168.12,,,,,,
5704,04/11/2026 07:20:00,19.94,257.6,288.2,0.14,167.41,,,,,,
5705,04/11/2026 07:30:00,19.96,258.8,289.4,0.14,168.19,,,,,,
5706,04/11/2026 07:40:00,19.99,259.3,289.9,0.14,168.57,,,,,,
5707,04/11/2026 07:50:00,20.01,260.5,291.0,0.14,169.33,,,,,,
5708,04/11/2026 08:00:00,20.03,259.0,289.2,0.14,168.36,,,,,,
5709,04/11/2026 08:10:00,20.05,260.9,291.1,0.14,169.56,,,,,,
5710,04/11/2026 08:20:00,20.06,261.4,291.6,0.14,169.91,,,,,,
5711,04/11/2026 08:30:00,20.07,262.1,292.3,0.14,170.35,,,,,,
5712,04/11/2026 08:40:00,20.10,261.6,291.6,0.14,170.05,,,,,,
5713,04/11/2026 08:50:00,20.13,264.2,294.3,0.14,171.76,,,,,,
5714,04/11/2026 09:00:00,20.18,263.2,292.8,0.14,171.05,,,,,,
5715,04/11/2026 09:10:00,20.21,264.6,294.2,0.14,171.97,,,,,,
5716,04/11/2026 09:20:00,20.24,265.4,294.9,0.14,172.49,,,,,,
5717,04/11/2026 09:30:00,20.27,265.4,294.7,0.14,172.50,,,,,,
5718,04/11/2026 09:40:00,20.31,265.0,293.9,0.14,172.22,,,,,,
5719,04/11/2026 09:50:00,20.37,267.9,296.8,0.14,174.12,,,,,,
5720,04/11/2026 10:00:00,20.44,268.7,297.2,0.14,174.66,,,,,,
5721,04/11/2026 10:10:00,20.51,268.9,296.9,0.14,174.79,,,,,,
5722,04/11/2026 10:20:00,20.64,269.1,296.2,0.14,174.91,,,,,,
5723,04/11/2026 10:30:00,20.80,270.1,296.2,0.14,175.58,,,,,,
5724,04/11/2026 10:40:00,20.93,270.3,295.6,0.14,175.69,,,,,,
5725,04/11/2026 10:50:00,21.00,268.8,293.5,0.14,174.71,,,,,,
5726,04/11/2026 11:00:00,21.08,268.1,292.2,0.14,174.27,,,,,,
5727,04/11/2026 11:10:00,21.20,267.0,290.2,0.14,173.54,,,,,,
5728,04/11/2026 11:20:00,21.34,267.3,289.5,0.14,173.73,,,,,,
5729,04/11/2026 11:30:00,21.46,269.6,291.2,0.14,175.24,,,,,,
5730,04/11/2026 11:40:00,21.63,271.2,291.9,0.14,176.29,,,,,,
5731,04/11/2026 11:50:00,21.77,266.9,286.3,0.14,173.48,,,,,,
5732,04/11/2026 12:00:00,21.91,256.4,274.2,0.13,166.66,,,,,,
5733,04/11/2026 12:10:00,22.13,255.8,272.2,0.13,166.28,,,,,,
5734,04/11/2026 12:20:00,22.32,255.4,270.6,0.13,166.03,,,,,,
5735,04/11/2026 12:30:00,22.53,258.3,272.5,0.13,167.91,,,,,,
5736,04/11/2026 12:40:00,22.73,258.4,271.4,0.13,167.98,,,,,,
5737,04/11/2026 12:50:00,22.88,266.2,278.6,0.13,173.01,,,,,,
5738,04/11/2026 13:00:00,23.06,256.1,267.0,0.13,166.49,,,,,,
5739,04/11/2026 13:10:00,23.25,262.7,272.7,0.13,170.76,,,,,,
5740,04/11/2026 13:20:00,23.44,253.8,262.4,0.13,164.99,,,,,,
5741,04/11/2026 13:30:00,23.67,256.2,263.6,0.13,166.55,,,,,,
5742,04/11/2026 13:40:00,23.86,254.1,260.3,0.13,165.15,,,,,,
5743,04/11/2026 13:50:00,24.07,253.7,258.8,0.12,164.92,,,,,,
5744,04/11/2026 14:00:00,24.24,266.5,270.8,0.13,173.21,,,,,,
5745,04/11/2026 14:10:00,24.51,259.2,261.9,0.13,168.50,,,,,,
5746,04/11/2026 14:20:00,24.66,259.7,261.6,0.13,168.83,,,,,,
5747,04/11/2026 14:30:00,24.83,257.5,258.4,0.12,167.37,,,,,,
5748,04/11/2026 14:40:00,24.98,256.0,256.1,0.12,166.39,,,,,,
5749,04/11/2026 14:50:00,25.14,254.2,253.5,0.12,165.24,,,,,,
5750,04/11/2026 15:00:00,25.37,252.4,250.5,0.12,164.09,,,,,,
5751,04/11/2026 15:10:00,25.60,252.6,249.4,0.12,164.20,,,,,,
5752,04/11/2026 15:20:00,25.85,252.9,248.5,0.12,164.41,,,,,,
5753,04/11/2026 15:30:00,26.08,252.7,247.0,0.12,164.22,,,,,,
5754,04/11/2026 15:40:00,26.33,250.0,243.2,0.12,162.52,,,,,,
5755,04/11/2026 15:50:00,26.52,246.7,239.1,0.12,160.38,,,,,,
5756,04/11/2026 16:00:00,26.64,216.7,209.5,0.10,140.87,,,,,,
5757,04/11/2026 16:10:00,26.66,224.5,216.9,0.11,145.91,,,,,,
5758,04/11/2026 16:20:00,26.69,223.0,215.4,0.11,144.98,,,,,,
5759,04/11/2026 16:30:00,26.79,224.4,216.2,0.11,145.84,,,,,,
5760,04/11/2026 16:40:00,26.79,225.7,217.5,0.11,146.68,,,,,,
5761,04/11/2026 16:50:00,26.77,226.9,218.8,0.11,147.51,,,,,,
5762,04/11/2026 17:00:00,26.74,234.8,226.5,0.11,152.60,,,,,,
5763,04/11/2026 17:10:00,26.71,244.7,236.2,0.11,159.07,,,,,,
5764,04/11/2026 17:20:00,26.66,238.4,230.4,0.11,154.98,,,,,,
5765,04/11/2026 17:30:00,26.52,236.7,229.4,0.11,153.85,,,,,,
5766,04/11/2026 17:40:00,26.40,236.1,229.4,0.11,153.48,,,,,,
5767,04/11/2026 17:50:00,26.32,232.5,226.2,0.11,151.13,,,,,,
5768,04/11/2026 18:00:00,26.27,233.1,227.0,0.11,151.49,,,,,,
5769,04/11/2026 18:10:00,26.14,233.7,228.2,0.11,151.88,,,,,,
5770,04/11/2026 18:20:00,25.95,232.4,227.9,0.11,151.05,,,,,,
5771,04/11/2026 18:30:00,25.76,227.3,223.7,0.11,147.74,,,,,,
5772,04/11/2026 18:40:00,25.58,222.3,219.6,0.11,144.50,,,,,,
5773,04/11/2026 18:50:00,25.39,223.0,221.1,0.11,144.92,,,,,,
5774,04/11/2026 19:00:00,25.22,224.3,223.3,0.11,145.79,,,,,,
5775,04/11/2026 19:10:00,25.00,228.8,228.8,0.11,148.71,,,,,,
5776,04/11/2026 19:20:00,24.80,228.2,229.1,0.11,148.32,,,,,,
5777,04/11/2026 19:30:00,24.65,227.8,229.5,0.11,148.08,,,,,,
5778,04/11/2026 19:40:00,24.51,227.2,229.5,0.11,147.66,,,,,,
5779,04/11/2026 19:50:00,24.36,228.0,231.2,0.11,148.23,,,,,,
5780,04/11/2026 20:00:00,24.22,228.8,232.6,0.11,148.74,,,,,,
5781,04/11/2026 20:10:00,24.10,229.9,234.3,0.11,149.42,,,,,,
5782,04/11/2026 20:20:00,23.95,231.0,236.2,0.11,150.16,,,,,,
5783,04/11/2026 20:30:00,23.82,232.4,238.3,0.12,151.07,,,,,,
5784,04/11/2026 20:40:00,23.65,229.7,236.4,0.11,149.30,,,,,,
5785,04/11/2026 20:50:00,23.52,231.2,238.6,0.12,150.27,,,,,,
5786,04/11/2026 21:00:00,23.38,233.1,241.3,0.12,151.51,,,,,,
5787,04/11/2026 21:10:00,23.22,233.3,242.3,0.12,151.63,,,,,,
5788,04/11/2026 21:20:00,23.08,235.8,245.7,0.12,153.25,,,,,,
5789,04/11/2026 21:30:00,22.93,236.6,247.4,0.12,153.82,,,,,,
5790,04/11/2026 21:40:00,22.79,244.0,255.9,0.12,158.61,,,,,,
5791,04/11/2026 21:50:00,22.65,247.1,259.9,0.13,160.61,,,,,,
5792,04/11/2026 22:00:00,22.53,248.8,262.4,0.13,161.70,,,,,,
5793,04/11/2026 22:10:00,22.38,251.0,265.6,0.13,163.16,,,,,,
5794,04/11/2026 22:20:00,22.26,252.4,267.7,0.13,164.03,,,,,,
5795,04/11/2026 22:30:00,22.13,252.7,268.9,0.13,164.28,,,,,,
5796,04/11/2026 22:40:00,22.00,256.2,273.4,0.13,166.53,,,,,,
5797,04/11/2026 22:50:00,21.89,257.2,275.2,0.13,167.21,,,,,,
5798,04/11/2026 23:00:00,21.79,270.9,290.5,0.14,176.06,,,,,,
5799,04/11/2026 23:10:00,21.69,262.9,282.5,0.14,170.88,,,,,,
5800,04/11/2026 23:20:00,21.60,261.2,281.3,0.14,169.78,,,,,,
5801,04/11/2026 23:30:00,21.49,262.6,283.5,0.14,170.68,,,,,,
5802,04/11/2026 23:40:00,21.42,263.3,284.7,0.14,171.18,,,,,,
5803,04/11/2026 23:50:00,21.35,264.6,286.6,0.14,172.01,,,,,,
5804,04/12/2026 00:00:00,21.27,265.7,288.2,0.14,172.67,,,,,,
5805,04/12/2026 00:10:00,21.19,267.1,290.3,0.14,173.62,,,,,,
5806,04/12/2026 00:20:00,21.14,269.1,292.9,0.14,174.93,,,,,,
5807,04/12/2026 00:30:00,21.10,270.3,294.5,0.14,175.71,,,,,,
5808,04/12/2026 00:40:00,21.04,271.8,296.4,0.14,176.65,,,,,,
5809,04/12/2026 00:50:00,20.99,272.7,297.8,0.14,177.25,,,,,,
5810,04/12/2026 01:00:00,20.95,273.9,299.4,0.14,178.03,,,,,,
5811,04/12/2026 01:10:00,20.91,273.6,299.2,0.14,177.81,,,,,,
5812,04/12/2026 01:20:00,20.87,273.6,299.6,0.14,177.85,,,,,,
5813,04/12/2026 01:30:00,20.86,278.4,304.9,0.15,180.95,,,,,,
5814,04/12/2026 01:40:00,20.83,280.2,307.0,0.15,182.10,,,,,,
5815,04/12/2026 01:50:00,20.81,281.9,309.1,0.15,183.25,,,,,,
5816,04/12/2026 02:00:00,20.80,281.6,308.9,0.15,183.06,,,,,,
5817,04/12/2026 02:10:00,20.77,282.9,310.5,0.15,183.89,,,,,,
5818,04/12/2026 02:20:00,20.75,283.8,311.6,0.15,184.46,,,,,,
5819,04/12/2026 02:30:00,20.73,283.6,311.5,0.15,184.31,,,,,,
5820,04/12/2026 02:40:00,20.71,284.7,312.9,0.15,185.05,,,,,,
5821,04/12/2026 02:50:00,20.69,286.4,314.9,0.15,186.15,,,,,,
5822,04/12/2026 03:00:00,20.67,287.1,315.8,0.15,186.64,,,,,,
5823,04/12/2026 03:10:00,20.66,289.7,318.7,0.15,188.29,,,,,,
5824,04/12/2026 03:20:00,20.65,290.7,320.0,0.15,188.96,,,,,,
5825,04/12/2026 03:30:00,20.63,292.5,322.0,0.15,190.14,,,,,,
5826,04/12/2026 03:40:00,20.62,292.4,322.1,0.15,190.09,,,,,,
5827,04/12/2026 03:50:00,20.61,293.1,322.9,0.15,190.55,,,,,,
5828,04/12/2026 04:00:00,20.60,294.3,324.3,0.16,191.32,,,,,,
5829,04/12/2026 04:10:00,20.58,295.7,326.0,0.16,192.21,,,,,,
5830,04/12/2026 04:20:00,20.55,293.3,323.6,0.15,190.67,,,,,,
5831,04/12/2026 04:30:00,20.50,289.5,319.7,0.15,188.17,,,,,,
5832,04/12/2026 04:40:00,20.90,162.4,177.7,0.09,105.55,,,,,,
5833,04/12/2026 04:50:00,21.03,116.7,127.3,0.06,75.86,,,,,,
5834,04/12/2026 05:00:00,20.99,112.8,123.1,0.06,73.31,,,,,,
5835,04/12/2026 05:10:00,20.99,108.8,118.8,0.06,70.73,,,,,,
5836,04/12/2026 05:20:00,21.01,93.0,101.5,0.05,60.44,,,,,,
5837,04/12/2026 05:30:00,21.03,84.6,92.3,0.05,54.97,,,,,,
5838,04/12/2026 05:40:00,21.01,81.7,89.2,0.05,53.11,,,,,,
5839,04/12/2026 05:50:00,20.98,91.7,100.1,0.05,59.60,,,,,,
5840,04/12/2026 06:00:00,20.96,106.9,116.8,0.06,69.49,,,,,,
5841,04/12/2026 06:10:00,20.93,113.1,123.6,0.06,73.50,,,,,,
5842,04/12/2026 06:20:00,20.89,113.2,123.9,0.06,73.58,,,,,,
5843,04/12/2026 06:30:00,20.86,116.3,127.4,0.06,75.58,,,,,,
5844,04/12/2026 06:40:00,20.83,120.5,132.0,0.07,78.31,,,,,,
5845,04/12/2026 06:50:00,20.81,125.8,138.0,0.07,81.79,,,,,,
5846,04/12/2026 07:00:00,20.79,130.4,143.1,0.07,84.77,,,,,,
5847,04/12/2026 07:10:00,20.76,136.9,150.3,0.07,88.99,,,,,,
5848,04/12/2026 07:20:00,20.74,142.6,156.6,0.08,92.68,,,,,,
5849,04/12/2026 07:30:00,20.71,147.5,162.1,0.08,95.89,,,,,,
5850,04/12/2026 07:40:00,20.68,152.1,167.3,0.08,98.87,,,,,,
5851,04/12/2026 07:50:00,20.65,156.5,172.3,0.08,101.74,,,,,,
5852,04/12/2026 08:00:00,20.63,160.4,176.6,0.09,104.26,,,,,,
5853,04/12/2026 08:10:00,20.61,163.2,179.8,0.09,106.09,,,,,,
5854,04/12/2026 08:20:00,20.60,162.6,179.1,0.09,105.69,,,,,,
5855,04/12/2026 08:30:00,20.60,160.8,177.2,0.09,104.52,,,,,,
5856,04/12/2026 08:40:00,20.60,159.4,175.6,0.09,103.61,,,,,,
5857,04/12/2026 08:50:00,20.60,158.7,174.9,0.08,103.15,,,,,,
5858,04/12/2026 09:00:00,20.59,157.5,173.6,0.08,102.38,,,,,,
5859,04/12/2026 09:10:00,20.58,156.7,172.8,0.08,101.88,,,,,,
5860,04/12/2026 09:20:00,20.56,157.7,174.0,0.08,102.53,,,,,,
5861,04/12/2026 09:30:00,20.54,159.0,175.4,0.08,103.33,,,,,,
5862,04/12/2026 09:40:00,20.51,160.7,177.4,0.09,104.42,,,,,,
5863,04/12/2026 09:50:00,20.49,162.1,179.0,0.09,105.34,,,,,,
5864,04/12/2026 10:00:00,20.47,164.0,181.3,0.09,106.61,,,,,,
5865,04/12/2026 10:10:00,20.52,165.7,182.9,0.09,107.72,,,,,,
5866,04/12/2026 10:20:00,20.60,168.3,185.5,0.09,109.41,,,,,,
5867,04/12/2026 10:30:00,20.72,171.0,187.9,0.09,111.18,,,,,,
5868,04/12/2026 10:40:00,20.94,174.3,190.5,0.09,113.29,,,,,,
5869,04/12/2026 10:50:00,21.11,177.1,192.9,0.09,115.13,,,,,,
5870,04/12/2026 11:00:00,21.29,180.3,195.5,0.09,117.21,,,,,,
5871,04/12/2026 11:10:00,21.53,183.3,197.7,0.10,119.12,,,,,,
5872,04/12/2026 11:20:00,21.79,187.2,200.7,0.10,121.66,,,,,,
5873,04/12/2026 11:30:00,22.02,191.0,203.8,0.10,124.16,,,,,,
5874,04/12/2026 11:40:00,22.24,193.5,205.3,0.10,125.75,,,,,,
5875,04/12/2026 11:50:00,22.43,195.7,206.9,0.10,127.22,,,,,,
5876,04/12/2026 12:00:00,22.57,198.7,209.3,0.10,129.13,,,,,,
5877,04/12/2026 12:10:00,22.70,201.0,211.2,0.10,130.66,,,,,,
5878,04/12/2026 12:20:00,22.83,201.8,211.5,0.10,131.17,,,,,,
5879,04/12/2026 12:30:00,22.97,203.5,212.5,0.10,132.25,,,,,,
5880,04/12/2026 12:40:00,23.13,213.3,222.0,0.11,138.63,,,,,,
5881,04/12/2026 12:50:00,23.23,215.2,223.4,0.11,139.85,,,,,,
5882,04/12/2026 13:00:00,23.30,211.9,219.7,0.11,137.72,,,,,,
5883,04/12/2026 13:10:00,23.34,213.5,221.2,0.11,138.75,,,,,,
5884,04/12/2026 13:20:00,23.38,212.8,220.3,0.11,138.33,,,,,,
5885,04/12/2026 13:30:00,23.41,214.3,221.7,0.11,139.32,,,,,,
5886,04/12/2026 13:40:00,23.40,214.8,222.3,0.11,139.63,,,,,,
5887,04/12/2026 13:50:00,23.39,216.4,224.0,0.11,140.69,,,,,,
5888,04/12/2026 14:00:00,23.36,229.9,238.2,0.12,149.47,,,,,,
5889,04/12/2026 14:10:00,23.31,228.3,236.7,0.11,148.39,,,,,,
5890,04/12/2026 14:20:00,23.28,228.6,237.1,0.11,148.57,,,,,,
5891,04/12/2026 14:30:00,23.27,229.7,238.3,0.12,149.27,,,,,,
5892,04/12/2026 14:40:00,23.32,229.8,238.2,0.12,149.35,,,,,,
5893,04/12/2026 14:50:00,23.36,231.8,240.1,0.12,150.69,,,,,,
5894,04/12/2026 15:00:00,23.42,234.6,242.6,0.12,152.48,,,,,,
5895,04/12/2026 15:10:00,23.47,231.5,239.2,0.12,150.46,,,,,,
5896,04/12/2026 15:20:00,23.50,234.2,241.9,0.12,152.26,,,,,,
5897,04/12/2026 15:30:00,23.55,233.8,241.1,0.12,151.96,,,,,,
5898,04/12/2026 15:40:00,23.60,234.3,241.4,0.12,152.32,,,,,,
5899,04/12/2026 15:50:00,23.66,237.5,244.3,0.12,154.35,,,,,,
5900,04/12/2026 16:00:00,23.74,238.8,245.3,0.12,155.22,,,,,,
5901,04/12/2026 16:10:00,23.78,240.8,247.2,0.12,156.55,,,,,,
5902,04/12/2026 16:20:00,23.83,241.3,247.4,0.12,156.87,,,,,,
5903,04/12/2026 16:30:00,23.82,242.0,248.2,0.12,157.29,,,,,,
5904,04/12/2026 16:40:00,23.77,243.2,249.7,0.12,158.08,,,,,,
5905,04/12/2026 16:50:00,23.70,243.9,250.7,0.12,158.53,,,,,,
5906,04/12/2026 17:00:00,23.62,244.6,251.9,0.12,159.01,,,,,,
5907,04/12/2026 17:10:00,23.57,245.3,253.0,0.12,159.48,,,,,,
5908,04/12/2026 17:20:00,23.50,245.7,253.7,0.12,159.73,,,,,,
5909,04/12/2026 17:30:00,23.42,246.4,254.9,0.12,160.17,,,,,,
5910,04/12/2026 17:40:00,23.34,246.0,254.9,0.12,159.89,,,,,,
5911,04/12/2026 17:50:00,23.23,247.8,257.4,0.12,161.10,,,,,,
5912,04/12/2026 18:00:00,23.12,249.0,259.2,0.12,161.85,,,,,,
5913,04/12/2026 18:10:00,23.05,249.5,260.2,0.13,162.20,,,,,,
5914,04/12/2026 18:20:00,23.00,252.3,263.4,0.13,164.00,,,,,,
5915,04/12/2026 18:30:00,22.94,248.8,260.1,0.13,161.73,,,,,,
5916,04/12/2026 18:40:00,22.87,251.0,262.7,0.13,163.15,,,,,,
5917,04/12/2026 18:50:00,22.85,255.8,267.9,0.13,166.25,,,,,,
5918,04/12/2026 19:00:00,22.85,249.8,261.6,0.13,162.37,,,,,,
5919,04/12/2026 19:10:00,22.88,255.1,267.0,0.13,165.83,,,,,,
5920,04/12/2026 19:20:00,22.89,265.2,277.5,0.13,172.38,,,,,,
5921,04/12/2026 19:30:00,22.90,276.7,289.5,0.14,179.88,,,,,,
5922,04/12/2026 19:40:00,22.89,271.9,284.5,0.14,176.71,,,,,,
5923,04/12/2026 19:50:00,22.86,264.8,277.3,0.13,172.15,,,,,,
5924,04/12/2026 20:00:00,22.83,260.6,273.0,0.13,169.37,,,,,,
5925,04/12/2026 20:10:00,22.77,266.9,280.0,0.13,173.49,,,,,,
5926,04/12/2026 20:20:00,22.71,267.6,281.1,0.14,173.93,,,,,,
5927,04/12/2026 20:30:00,22.62,269.6,283.8,0.14,175.27,,,,,,
5928,04/12/2026 20:40:00,22.52,270.7,285.6,0.14,175.98,,,,,,
5929,04/12/2026 20:50:00,22.40,271.6,287.2,0.14,176.51,,,,,,
5930,04/12/2026 21:00:00,22.27,272.6,289.1,0.14,177.18,,,,,,
5931,04/12/2026 21:10:00,22.14,273.7,291.2,0.14,177.92,,,,,,
5932,04/12/2026 21:20:00,22.01,272.4,290.6,0.14,177.06,,,,,,
5933,04/12/2026 21:30:00,21.89,275.1,294.3,0.14,178.81,,,,,,
5934,04/12/2026 21:40:00,21.79,276.2,296.2,0.14,179.56,,,,,,
5935,04/12/2026 21:50:00,21.70,276.5,297.1,0.14,179.71,,,,,,
5936,04/12/2026 22:00:00,21.62,277.1,298.3,0.14,180.10,,,,,,
5937,04/12/2026 22:10:00,21.54,277.3,299.0,0.14,180.22,,,,,,
5938,04/12/2026 22:20:00,21.46,277.4,299.7,0.14,180.31,,,,,,
5939,04/12/2026 22:30:00,21.40,278.3,301.0,0.14,180.89,,,,,,
5940,04/12/2026 22:40:00,21.34,278.7,301.9,0.14,181.18,,,,,,
5941,04/12/2026 22:50:00,21.30,279.8,303.3,0.15,181.86,,,,,,
5942,04/12/2026 23:00:00,21.28,280.1,303.8,0.15,182.04,,,,,,
5943,04/12/2026 23:10:00,21.27,280.4,304.3,0.15,182.27,,,,,,
5944,04/12/2026 23:20:00,21.26,283.6,307.7,0.15,184.31,,,,,,
5945,04/12/2026 23:30:00,21.24,282.9,307.2,0.15,183.90,,,,,,
5946,04/12/2026 23:40:00,21.22,291.0,316.1,0.15,189.14,,,,,,
5947,04/12/2026 23:50:00,21.19,284.3,309.1,0.15,184.80,,,,,,
5948,04/13/2026 00:00:00,21.16,288.9,314.2,0.15,187.76,,,,,,
5949,04/13/2026 00:10:00,21.13,285.9,311.2,0.15,185.84,,,,,,
5950,04/13/2026 00:20:00,21.10,286.9,312.5,0.15,186.48,,,,,,
5951,04/13/2026 00:30:00,21.06,286.0,311.8,0.15,185.92,,,,,,
5952,04/13/2026 00:40:00,21.03,288.2,314.4,0.15,187.33,,,,,,
5953,04/13/2026 00:50:00,21.00,287.8,314.3,0.15,187.09,,,,,,
5954,04/13/2026 01:00:00,20.96,287.9,314.5,0.15,187.12,,,,,,
5955,04/13/2026 01:10:00,20.94,288.3,315.1,0.15,187.36,,,,,,
5956,04/13/2026 01:20:00,20.90,288.7,315.9,0.15,187.68,,,,,,
5957,04/13/2026 01:30:00,20.87,289.0,316.4,0.15,187.86,,,,,,
5958,04/13/2026 01:40:00,20.84,289.3,317.0,0.15,188.07,,,,,,
5959,04/13/2026 01:50:00,20.82,289.6,317.5,0.15,188.25,,,,,,
5960,04/13/2026 02:00:00,20.79,289.6,317.7,0.15,188.25,,,,,,
5961,04/13/2026 02:10:00,20.76,290.0,318.4,0.15,188.52,,,,,,
5962,04/13/2026 02:20:00,20.74,290.1,318.6,0.15,188.59,,,,,,
5963,04/13/2026 02:30:00,20.72,290.3,319.0,0.15,188.69,,,,,,
5964,04/13/2026 02:40:00,20.70,291.0,320.0,0.15,189.18,,,,,,
5965,04/13/2026 02:50:00,20.67,290.4,319.4,0.15,188.75,,,,,,
5966,04/13/2026 03:00:00,20.65,293.6,323.2,0.15,190.86,,,,,,
5967,04/13/2026 03:10:00,20.63,291.0,320.4,0.15,189.13,,,,,,
5968,04/13/2026 03:20:00,20.62,291.2,320.8,0.15,189.30,,,,,,
5969,04/13/2026 03:30:00,20.60,291.4,321.0,0.15,189.42,,,,,,
5970,04/13/2026 03:40:00,20.60,291.0,320.7,0.15,189.17,,,,,,
5971,04/13/2026 03:50:00,20.59,291.3,321.1,0.15,189.35,,,,,,
5972,04/13/2026 04:00:00,20.58,292.6,322.5,0.15,190.19,,,,,,
5973,04/13/2026 04:10:00,20.58,292.1,322.0,0.15,189.84,,,,,,
5974,04/13/2026 04:20:00,20.58,292.4,322.3,0.15,190.05,,,,,,
5975,04/13/2026 04:30:00,20.58,292.8,322.8,0.15,190.32,,,,,,
5976,04/13/2026 04:40:00,20.58,293.0,323.0,0.15,190.44,,,,,,
5977,04/13/2026 04:50:00,20.58,293.2,323.2,0.15,190.58,,,,,,
5978,04/13/2026 05:00:00,20.58,292.6,322.5,0.15,190.18,,,,,,
5979,04/13/2026 05:10:00,20.58,292.7,322.6,0.15,190.23,,,,,,
5980,04/13/2026 05:20:00,20.59,294.5,324.6,0.16,191.44,,,,,,
5981,04/13/2026 05:30:00,20.59,292.4,322.2,0.15,190.04,,,,,,
5982,04/13/2026 05:40:00,20.59,294.0,324.0,0.16,191.11,,,,,,
5983,04/13/2026 05:50:00,20.59,292.8,322.7,0.15,190.35,,,,,,
5984,04/13/2026 06:00:00,20.59,293.5,323.5,0.15,190.80,,,,,,
5985,04/13/2026 06:10:00,20.60,295.0,325.1,0.16,191.75,,,,,,
5986,04/13/2026 06:20:00,20.60,294.3,324.2,0.16,191.28,,,,,,
5987,04/13/2026 06:30:00,20.61,296.5,326.6,0.16,192.71,,,,,,
5988,04/13/2026 06:40:00,20.61,294.2,324.0,0.16,191.23,,,,,,
5989,04/13/2026 06:50:00,20.62,297.0,327.0,0.16,193.02,,,,,,
5990,04/13/2026 07:00:00,20.63,297.1,327.2,0.16,193.13,,,,,,
5991,04/13/2026 07:10:00,20.64,297.6,327.6,0.16,193.45,,,,,,
5992,04/13/2026 07:20:00,20.65,298.1,328.1,0.16,193.78,,,,,,
5993,04/13/2026 07:30:00,20.66,298.3,328.2,0.16,193.90,,,,,,
5994,04/13/2026 07:40:00,20.67,298.2,328.1,0.16,193.85,,,,,,
5995,04/13/2026 07:50:00,20.69,298.5,328.2,0.16,194.00,,,,,,
5996,04/13/2026 08:00:00,20.70,292.9,322.0,0.15,190.39,,,,,,
5997,04/13/2026 08:10:00,20.72,299.3,328.8,0.16,194.55,,,,,,
5998,04/13/2026 08:20:00,20.75,299.6,329.0,0.16,194.76,,,,,,
5999,04/13/2026 08:30:00,20.78,300.2,329.4,0.16,195.12,,,,,,
6000,04/13/2026 08:40:00,20.81,299.9,328.8,0.16,194.92,,,,,,
6001,04/13/2026 08:50:00,20.86,299.9,328.5,0.16,194.95,,,,,,
6002,04/13/2026 09:00:00,20.91,299.1,327.2,0.16,194.44,,,,,,
6003,04/13/2026 09:10:00,21.00,300.6,328.2,0.16,195.41,,,,,,
6004,04/13/2026 09:20:00,21.11,300.7,327.4,0.16,195.45,,,,,,
6005,04/13/2026 09:30:00,21.26,301.4,327.1,0.16,195.93,,,,,,
6006,04/13/2026 09:40:00,21.41,302.3,326.9,0.16,196.47,,,,,,
6007,04/13/2026 09:50:00,21.60,302.4,325.7,0.16,196.55,,,,,,
6008,04/13/2026 10:00:00,21.79,303.3,325.2,0.16,197.13,,,,,,
6009,04/13/2026 10:10:00,21.98,304.1,324.7,0.16,197.70,,,,,,
6010,04/13/2026 10:20:00,22.18,304.6,323.8,0.16,197.99,,,,,,
6011,04/13/2026 10:30:00,22.40,305.1,322.7,0.16,198.29,,,,,,
6012,04/13/2026 10:40:00,22.59,305.4,321.7,0.15,198.49,,,,,,
6013,04/13/2026 10:50:00,22.82,304.7,319.4,0.15,198.08,,,,,,
6014,04/13/2026 11:00:00,23.11,304.7,317.3,0.15,198.05,,,,,,
6015,04/13/2026 11:10:00,23.40,306.8,317.5,0.15,199.43,,,,,,
6016,04/13/2026 11:20:00,23.68,305.3,314.0,0.15,198.43,,,,,,
6017,04/13/2026 11:30:00,23.92,305.9,313.0,0.15,198.86,,,,,,
6018,04/13/2026 11:40:00,24.23,304.5,309.4,0.15,197.90,,,,,,
6019,04/13/2026 11:50:00,24.44,304.4,308.0,0.15,197.83,,,,,,
6020,04/13/2026 12:00:00,24.63,304.8,307.2,0.15,198.14,,,,,,
6021,04/13/2026 12:10:00,24.79,305.8,307.1,0.15,198.74,,,,,,
6022,04/13/2026 12:20:00,24.92,305.4,305.9,0.15,198.49,,,,,,
6023,04/13/2026 12:30:00,25.07,303.6,303.2,0.15,197.35,,,,,,
6024,04/13/2026 12:40:00,25.29,304.4,302.6,0.15,197.85,,,,,,
6025,04/13/2026 12:50:00,25.59,301.4,297.7,0.14,195.90,,,,,,
6026,04/13/2026 13:00:00,25.86,302.5,297.1,0.14,196.62,,,,,,
6027,04/13/2026 13:10:00,26.15,302.7,295.6,0.14,196.79,,,,,,
6028,04/13/2026 13:20:00,26.38,302.3,293.9,0.14,196.52,,,,,,
6029,04/13/2026 13:30:00,26.61,300.5,290.6,0.14,195.31,,,,,,
6030,04/13/2026 13:40:00,26.87,300.4,289.1,0.14,195.26,,,,,,
6031,04/13/2026 13:50:00,27.16,300.8,287.7,0.14,195.51,,,,,,
6032,04/13/2026 14:00:00,27.47,300.4,285.6,0.14,195.29,,,,,,
6033,04/13/2026 14:10:00,27.81,301.2,284.4,0.14,195.81,,,,,,
6034,04/13/2026 14:20:00,28.21,302.4,283.3,0.14,196.54,,,,,,
6035,04/13/2026 14:30:00,28.62,302.9,281.5,0.14,196.90,,,,,,
6036,04/13/2026 14:40:00,29.02,297.1,274.0,0.13,193.14,,,,,,
6037,04/13/2026 14:50:00,29.34,297.3,272.5,0.13,193.25,,,,,,
6038,04/13/2026 15:00:00,29.62,295.6,269.5,0.13,192.15,,,,,,
6039,04/13/2026 15:10:00,29.94,287.8,260.7,0.13,187.04,,,,,,
6040,04/13/2026 15:20:00,30.16,285.3,257.4,0.13,185.44,,,,,,
6041,04/13/2026 15:30:00,30.36,286.7,257.7,0.13,186.35,,,,,,
6042,04/13/2026 15:40:00,30.55,273.1,244.6,0.12,177.53,,,,,,
6043,04/13/2026 15:50:00,30.69,274.1,244.9,0.12,178.17,,,,,,
6044,04/13/2026 16:00:00,30.77,272.2,242.8,0.12,176.93,,,,,,
6045,04/13/2026 16:10:00,30.79,270.2,240.9,0.12,175.64,,,,,,
6046,04/13/2026 16:20:00,30.76,273.2,243.7,0.12,177.56,,,,,,
6047,04/13/2026 16:30:00,30.74,273.2,243.8,0.12,177.56,,,,,,
6048,04/13/2026 16:40:00,30.62,267.6,239.4,0.12,173.95,,,,,,
6049,04/13/2026 16:50:00,30.51,266.9,239.2,0.12,173.47,,,,,,
6050,04/13/2026 17:00:00,30.43,261.7,234.9,0.11,170.08,,,,,,
6051,04/13/2026 17:10:00,30.19,255.0,229.9,0.11,165.72,,,,,,
6052,04/13/2026 17:20:00,29.93,243.3,220.4,0.11,158.12,,,,,,
6053,04/13/2026 17:30:00,29.65,250.2,228.0,0.11,162.64,,,,,,
6054,04/13/2026 17:40:00,29.38,249.1,228.1,0.11,161.93,,,,,,
6055,04/13/2026 17:50:00,29.12,250.0,230.1,0.11,162.48,,,,,,
6056,04/13/2026 18:00:00,28.91,243.8,225.3,0.11,158.44,,,,,,
6057,04/13/2026 18:10:00,28.72,236.2,219.1,0.11,153.50,,,,,,
6058,04/13/2026 18:20:00,28.54,280.0,260.7,0.13,182.02,,,,,,
6059,04/13/2026 18:30:00,28.36,250.2,233.8,0.11,162.66,,,,,,
6060,04/13/2026 18:40:00,28.15,245.5,230.3,0.11,159.60,,,,,,
6061,04/13/2026 18:50:00,27.93,243.0,228.9,0.11,157.94,,,,,,
6062,04/13/2026 19:00:00,27.69,247.0,233.8,0.11,160.58,,,,,,
6063,04/13/2026 19:10:00,27.44,243.8,231.9,0.11,158.46,,,,,,
6064,04/13/2026 19:20:00,27.22,245.9,235.0,0.11,159.86,,,,,,
6065,04/13/2026 19:30:00,27.02,254.4,244.1,0.12,165.38,,,,,,
6066,04/13/2026 19:40:00,26.81,256.8,247.4,0.12,166.91,,,,,,
6067,04/13/2026 19:50:00,26.63,271.8,262.8,0.13,176.67,,,,,,
6068,04/13/2026 20:00:00,26.46,270.2,262.2,0.13,175.65,,,,,,
6069,04/13/2026 20:10:00,26.28,262.0,255.1,0.12,170.30,,,,,,
6070,04/13/2026 20:20:00,26.09,258.7,252.9,0.12,168.17,,,,,,
6071,04/13/2026 20:30:00,25.89,257.8,253.1,0.12,167.56,,,,,,
6072,04/13/2026 20:40:00,25.70,260.5,256.7,0.12,169.31,,,,,,
6073,04/13/2026 20:50:00,25.51,261.5,258.7,0.13,169.97,,,,,,
6074,04/13/2026 21:00:00,25.32,263.0,261.3,0.13,170.95,,,,,,
6075,04/13/2026 21:10:00,25.15,263.6,262.8,0.13,171.35,,,,,,
6076,04/13/2026 21:20:00,24.98,266.4,266.6,0.13,173.19,,,,,,
6077,04/13/2026 21:30:00,24.82,266.7,267.7,0.13,173.36,,,,,,
6078,04/13/2026 21:40:00,24.66,269.9,271.8,0.13,175.41,,,,,,
6079,04/13/2026 21:50:00,24.53,273.2,275.9,0.13,177.57,,,,,,
6080,04/13/2026 22:00:00,24.41,276.3,279.7,0.14,179.57,,,,,,
6081,04/13/2026 22:10:00,24.29,278.9,283.1,0.14,181.31,,,,,,
6082,04/13/2026 22:20:00,24.19,282.0,286.9,0.14,183.27,,,,,,
6083,04/13/2026 22:30:00,24.08,285.0,290.6,0.14,185.28,,,,,,
6084,04/13/2026 22:40:00,23.99,286.7,292.9,0.14,186.38,,,,,,
6085,04/13/2026 22:50:00,23.90,289.0,295.9,0.14,187.85,,,,,,
6086,04/13/2026 23:00:00,23.82,292.1,299.5,0.14,189.85,,,,,,
6087,04/13/2026 23:10:00,23.74,294.2,302.2,0.15,191.24,,,,,,
6088,04/13/2026 23:20:00,23.65,297.0,305.6,0.15,193.05,,,,,,
6089,04/13/2026 23:30:00,23.57,300.0,309.2,0.15,194.98,,,,,,
6090,04/13/2026 23:40:00,23.51,302.5,312.3,0.15,196.66,,,,,,
6091,04/13/2026 23:50:00,23.42,305.2,315.7,0.15,198.41,,,,,,
6092,04/14/2026 00:00:00,23.35,308.0,319.0,0.15,200.18,,,,,,
6093,04/14/2026 00:10:00,23.29,310.4,322.0,0.15,201.75,,,,,,
6094,04/14/2026 00:20:00,23.22,312.5,324.6,0.16,203.10,,,,,,
6095,04/14/2026 00:30:00,23.15,314.4,327.1,0.16,204.38,,,,,,
6096,04/14/2026 00:40:00,23.08,316.9,330.2,0.16,206.00,,,,,,
6097,04/14/2026 00:50:00,23.02,319.4,333.2,0.16,207.61,,,,,,
6098,04/14/2026 01:00:00,22.96,321.3,335.7,0.16,208.85,,,,,,
6099,04/14/2026 01:10:00,22.90,323.2,338.1,0.16,210.09,,,,,,
6100,04/14/2026 01:20:00,22.84,323.7,339.1,0.16,210.42,,,,,,
6101,04/14/2026 01:30:00,22.79,324.9,340.7,0.16,211.20,,,,,,
6102,04/14/2026 01:40:00,22.72,325.4,341.7,0.16,211.49,,,,,,
6103,04/14/2026 01:50:00,22.67,325.9,342.7,0.16,211.85,,,,,,
6104,04/14/2026 02:00:00,22.62,327.0,344.2,0.17,212.57,,,,,,
6105,04/14/2026 02:10:00,22.57,327.1,344.7,0.17,212.64,,,,,,
6106,04/14/2026 02:20:00,22.51,328.4,346.6,0.17,213.49,,,,,,
6107,04/14/2026 02:30:00,22.45,328.6,347.2,0.17,213.57,,,,,,
6108,04/14/2026 02:40:00,22.40,329.2,348.2,0.17,213.97,,,,,,
6109,04/14/2026 02:50:00,22.34,329.1,348.6,0.17,213.91,,,,,,
6110,04/14/2026 03:00:00,22.29,329.4,349.3,0.17,214.10,,,,,,
6111,04/14/2026 03:10:00,22.25,329.1,349.3,0.17,213.94,,,,,,
6112,04/14/2026 03:20:00,22.19,329.1,349.8,0.17,213.94,,,,,,
6113,04/14/2026 03:30:00,22.15,330.0,351.0,0.17,214.50,,,,,,
6114,04/14/2026 03:40:00,22.12,330.4,351.6,0.17,214.73,,,,,,
6115,04/14/2026 03:50:00,22.08,330.2,351.7,0.17,214.63,,,,,,
6116,04/14/2026 04:00:00,22.04,330.4,352.3,0.17,214.75,,,,,,
6117,04/14/2026 04:10:00,22.02,330.9,353.0,0.17,215.10,,,,,,
6118,04/14/2026 04:20:00,21.99,330.6,352.9,0.17,214.88,,,,,,
6119,04/14/2026 04:30:00,21.96,331.1,353.7,0.17,215.20,,,,,,
6120,04/14/2026 04:40:00,21.93,331.3,354.2,0.17,215.37,,,,,,
6121,04/14/2026 04:50:00,21.90,331.5,354.6,0.17,215.49,,,,,,
6122,04/14/2026 05:00:00,21.88,332.2,355.4,0.17,215.90,,,,,,
6123,04/14/2026 05:10:00,21.87,332.4,355.8,0.17,216.05,,,,,,
6124,04/14/2026 05:20:00,21.85,332.9,356.4,0.17,216.36,,,,,,
6125,04/14/2026 05:30:00,21.85,332.9,356.5,0.17,216.40,,,,,,
6126,04/14/2026 05:40:00,21.83,333.1,356.8,0.17,216.49,,,,,,
6127,04/14/2026 05:50:00,21.82,333.5,357.3,0.17,216.77,,,,,,
6128,04/14/2026 06:00:00,21.81,333.4,357.3,0.17,216.70,,,,,,
6129,04/14/2026 06:10:00,21.80,333.5,357.5,0.17,216.79,,,,,,
6130,04/14/2026 06:20:00,21.79,333.7,357.8,0.17,216.92,,,,,,
6131,04/14/2026 06:30:00,21.78,333.9,358.2,0.17,217.06,,,,,,
6132,04/14/2026 06:40:00,21.76,334.2,358.6,0.17,217.24,,,,,,
6133,04/14/2026 06:50:00,21.75,334.3,358.8,0.17,217.30,,,,,,
6134,04/14/2026 07:00:00,21.74,335.0,359.6,0.17,217.74,,,,,,
6135,04/14/2026 07:10:00,21.73,335.2,359.9,0.17,217.87,,,,,,
6136,04/14/2026 07:20:00,21.72,335.7,360.5,0.17,218.20,,,,,,
6137,04/14/2026 07:30:00,21.71,337.3,362.3,0.17,219.27,,,,,,
6138,04/14/2026 07:40:00,21.70,337.8,363.0,0.17,219.60,,,,,,
6139,04/14/2026 07:50:00,21.70,338.4,363.6,0.17,219.95,,,,,,
6140,04/14/2026 08:00:00,21.70,339.4,364.7,0.18,220.60,,,,,,
6141,04/14/2026 08:10:00,21.70,340.1,365.4,0.18,221.06,,,,,,
6142,04/14/2026 08:20:00,21.70,340.4,365.7,0.18,221.26,,,,,,
6143,04/14/2026 08:30:00,21.72,340.8,366.0,0.18,221.51,,,,,,
6144,04/14/2026 08:40:00,21.74,341.3,366.3,0.18,221.82,,,,,,
6145,04/14/2026 08:50:00,21.78,341.6,366.4,0.18,222.06,,,,,,
6146,04/14/2026 09:00:00,21.81,342.0,366.5,0.18,222.28,,,,,,
6147,04/14/2026 09:10:00,21.83,342.4,366.8,0.18,222.57,,,,,,
6148,04/14/2026 09:20:00,21.86,342.9,367.1,0.18,222.86,,,,,,
6149,04/14/2026 09:30:00,21.88,343.7,367.9,0.18,223.44,,,,,,
6150,04/14/2026 09:40:00,21.92,343.6,367.3,0.18,223.35,,,,,,
6151,04/14/2026 09:50:00,22.01,343.8,366.8,0.18,223.46,,,,,,
6152,04/14/2026 10:00:00,22.11,344.1,366.3,0.18,223.66,,,,,,
6153,04/14/2026 10:10:00,22.20,341.6,362.9,0.17,222.06,,,,,,
6154,04/14/2026 10:20:00,22.29,342.6,363.3,0.17,222.70,,,,,,
6155,04/14/2026 10:30:00,22.37,346.1,366.4,0.18,224.99,,,,,,
6156,04/14/2026 10:40:00,22.44,343.5,363.0,0.17,223.29,,,,,,
6157,04/14/2026 10:50:00,22.55,343.6,362.2,0.17,223.32,,,,,,
6158,04/14/2026 11:00:00,22.67,343.3,361.0,0.17,223.17,,,,,,
6159,04/14/2026 11:10:00,22.85,343.8,360.1,0.17,223.46,,,,,,
6160,04/14/2026 11:20:00,23.03,344.1,359.0,0.17,223.66,,,,,,
6161,04/14/2026 11:30:00,23.22,344.6,358.0,0.17,224.01,,,,,,
6162,04/14/2026 11:40:00,23.50,345.0,356.2,0.17,224.22,,,,,,
6163,04/14/2026 11:50:00,23.80,345.2,354.1,0.17,224.40,,,,,,
6164,04/14/2026 12:00:00,24.10,346.1,352.7,0.17,224.94,,,,,,
6165,04/14/2026 12:10:00,24.39,346.5,350.9,0.17,225.21,,,,,,
6166,04/14/2026 12:20:00,24.67,347.1,349.6,0.17,225.62,,,,,,
6167,04/14/2026 12:30:00,24.85,346.1,347.1,0.17,224.94,,,,,,
6168,04/14/2026 12:40:00,24.97,345.5,345.7,0.17,224.59,,,,,,
6169,04/14/2026 12:50:00,25.07,343.7,343.3,0.17,223.42,,,,,,
6170,04/14/2026 13:00:00,25.15,342.8,341.7,0.16,222.84,,,,,,
6171,04/14/2026 13:10:00,25.25,341.4,339.6,0.16,221.93,,,,,,
6172,04/14/2026 13:20:00,25.37,340.3,337.7,0.16,221.19,,,,,,
6173,04/14/2026 13:30:00,25.50,339.3,335.7,0.16,220.52,,,,,,
6174,04/14/2026 13:40:00,25.65,338.2,333.7,0.16,219.86,,,,,,
6175,04/14/2026 13:50:00,25.84,336.9,331.0,0.16,218.96,,,,,,
6176,04/14/2026 14:00:00,26.00,334.6,327.7,0.16,217.47,,,,,,
6177,04/14/2026 14:10:00,26.14,334.3,326.4,0.16,217.27,,,,,,
6178,04/14/2026 14:20:00,26.17,330.7,322.7,0.16,214.94,,,,,,
6179,04/14/2026 14:30:00,26.13,326.9,319.3,0.15,212.51,,,,,,
6180,04/14/2026 14:40:00,26.02,325.4,318.5,0.15,211.48,,,,,,
6181,04/14/2026 14:50:00,25.88,324.9,319.0,0.15,211.17,,,,,,
6182,04/14/2026 15:00:00,25.70,323.0,318.3,0.15,209.94,,,,,,
6183,04/14/2026 15:10:00,25.54,321.7,318.1,0.15,209.09,,,,,,
6184,04/14/2026 15:20:00,25.36,317.4,315.0,0.15,206.28,,,,,,
6185,04/14/2026 15:30:00,25.24,316.1,314.5,0.15,205.47,,,,,,
6186,04/14/2026 15:40:00,25.11,313.7,313.0,0.15,203.90,,,,,,
6187,04/14/2026 15:50:00,24.99,312.2,312.3,0.15,202.94,,,,,,
6188,04/14/2026 16:00:00,24.91,308.9,309.5,0.15,200.81,,,,,,
6189,04/14/2026 16:10:00,24.84,306.3,307.3,0.15,199.07,,,,,,
6190,04/14/2026 16:20:00,24.77,304.3,305.8,0.15,197.79,,,,,,
6191,04/14/2026 16:30:00,24.67,302.4,304.5,0.15,196.56,,,,,,
6192,04/14/2026 16:40:00,24.59,298.9,301.4,0.15,194.26,,,,,,
6193,04/14/2026 16:50:00,24.53,299.1,302.1,0.15,194.44,,,,,,
6194,04/14/2026 17:00:00,24.46,297.8,301.2,0.15,193.57,,,,,,
6195,04/14/2026 17:10:00,24.40,296.7,300.5,0.14,192.87,,,,,,
6196,04/14/2026 17:20:00,24.33,295.7,299.9,0.14,192.22,,,,,,
6197,04/14/2026 17:30:00,24.25,295.4,300.1,0.14,192.00,,,,,,
6198,04/14/2026 17:40:00,24.18,294.4,299.5,0.14,191.34,,,,,,
6199,04/14/2026 17:50:00,24.12,293.9,299.4,0.14,191.01,,,,,,
6200,04/14/2026 18:00:00,24.07,293.9,299.8,0.14,191.05,,,,,,
6201,04/14/2026 18:10:00,24.02,294.5,300.7,0.14,191.44,,,,,,
6202,04/14/2026 18:20:00,23.97,294.7,301.2,0.15,191.54,,,,,,
6203,04/14/2026 18:30:00,23.93,294.4,301.2,0.15,191.39,,,,,,
6204,04/14/2026 18:40:00,23.90,295.0,302.0,0.15,191.74,,,,,,
6205,04/14/2026 18:50:00,23.87,295.6,302.8,0.15,192.15,,,,,,
6206,04/14/2026 19:00:00,23.83,295.4,302.8,0.15,192.00,,,,,,
6207,04/14/2026 19:10:00,23.79,293.5,301.2,0.15,190.80,,,,,,
6208,04/14/2026 19:20:00,23.75,296.6,304.6,0.15,192.77,,,,,,
6209,04/14/2026 19:30:00,23.69,297.3,305.7,0.15,193.27,,,,,,
6210,04/14/2026 19:40:00,23.62,297.7,306.6,0.15,193.53,,,,,,
6211,04/14/2026 19:50:00,23.56,298.2,307.5,0.15,193.84,,,,,,
6212,04/14/2026 20:00:00,23.49,298.7,308.5,0.15,194.16,,,,,,
6213,04/14/2026 20:10:00,23.43,299.9,310.1,0.15,194.91,,,,,,
6214,04/14/2026 20:20:00,23.37,300.5,311.2,0.15,195.36,,,,,,
6215,04/14/2026 20:30:00,23.30,301.5,312.7,0.15,195.97,,,,,,
6216,04/14/2026 20:40:00,23.23,302.9,314.6,0.15,196.88,,,,,,
6217,04/14/2026 20:50:00,23.16,303.9,316.1,0.15,197.53,,,,,,
6218,04/14/2026 21:00:00,23.10,305.3,318.0,0.15,198.44,,,,,,
6219,04/14/2026 21:10:00,23.03,306.9,320.1,0.15,199.47,,,,,,
6220,04/14/2026 21:20:00,22.96,307.5,321.3,0.15,199.87,,,,,,
6221,04/14/2026 21:30:00,22.89,309.3,323.6,0.16,201.06,,,,,,
6222,04/14/2026 21:40:00,22.82,311.0,325.9,0.16,202.15,,,,,,
6223,04/14/2026 21:50:00,22.76,313.1,328.6,0.16,203.49,,,,,,
6224,04/14/2026 22:00:00,22.70,315.1,331.1,0.16,204.82,,,,,,
6225,04/14/2026 22:10:00,22.62,316.8,333.5,0.16,205.95,,,,,,
6226,04/14/2026 22:20:00,22.56,318.9,336.1,0.16,207.28,,,,,,
6227,04/14/2026 22:30:00,22.50,320.2,337.9,0.16,208.12,,,,,,
6228,04/14/2026 22:40:00,22.43,322.0,340.4,0.16,209.31,,,,,,
6229,04/14/2026 22:50:00,22.37,323.6,342.5,0.16,210.33,,,,,,
6230,04/14/2026 23:00:00,22.31,325.1,344.6,0.17,211.34,,,,,,
6231,04/14/2026 23:10:00,22.26,327.0,347.0,0.17,212.52,,,,,,
6232,04/14/2026 23:20:00,22.20,328.2,348.7,0.17,213.36,,,,,,
6233,04/14/2026 23:30:00,22.15,330.3,351.4,0.17,214.70,,,,,,
6234,04/14/2026 23:40:00,22.10,332.3,353.8,0.17,215.97,,,,,,
6235,04/14/2026 23:50:00,22.05,334.5,356.6,0.17,217.44,,,,,,
6236,04/15/2026 00:00:00,22.02,336.2,358.6,0.17,218.54,,,,,,
6237,04/15/2026 00:10:00,21.98,337.2,360.1,0.17,219.19,,,,,,
6238,04/15/2026 00:20:00,21.94,338.5,361.7,0.17,220.01,,,,,,
6239,04/15/2026 00:30:00,21.91,339.6,363.1,0.17,220.71,,,,,,
6240,04/15/2026 00:40:00,21.88,340.9,364.9,0.18,221.60,,,,,,
6241,04/15/2026 00:50:00,21.84,341.8,366.1,0.18,222.20,,,,,,
6242,04/15/2026 01:00:00,21.82,342.9,367.4,0.18,222.86,,,,,,
6243,04/15/2026 01:10:00,21.79,344.3,369.2,0.18,223.79,,,,,,
6244,04/15/2026 01:20:00,21.76,345.4,370.6,0.18,224.49,,,,,,
6245,04/15/2026 01:30:00,21.73,346.1,371.6,0.18,224.94,,,,,,
6246,04/15/2026 01:40:00,21.70,347.7,373.6,0.18,226.00,,,,,,
6247,04/15/2026 01:50:00,21.67,348.6,374.9,0.18,226.61,,,,,,
6248,04/15/2026 02:00:00,21.64,349.9,376.5,0.18,227.44,,,,,,
6249,04/15/2026 02:10:00,21.60,350.9,377.8,0.18,228.08,,,,,,
6250,04/15/2026 02:20:00,21.58,351.5,378.7,0.18,228.47,,,,,,
6251,04/15/2026 02:30:00,21.55,352.7,380.3,0.18,229.27,,,,,,
6252,04/15/2026 02:40:00,21.53,353.5,381.3,0.18,229.76,,,,,,
6253,04/15/2026 02:50:00,21.50,353.9,381.9,0.18,230.01,,,,,,
6254,04/15/2026 03:00:00,21.47,354.5,382.8,0.18,230.41,,,,,,
6255,04/15/2026 03:10:00,21.44,355.1,383.7,0.18,230.79,,,,,,
6256,04/15/2026 03:20:00,21.42,355.7,384.7,0.18,231.21,,,,,,
6257,04/15/2026 03:30:00,21.38,355.9,385.2,0.18,231.34,,,,,,
6258,04/15/2026 03:40:00,21.35,356.5,386.1,0.19,231.73,,,,,,
6259,04/15/2026 03:50:00,21.33,357.5,387.3,0.19,232.35,,,,,,
6260,04/15/2026 04:00:00,21.30,357.8,388.0,0.19,232.59,,,,,,
6261,04/15/2026 04:10:00,21.27,358.4,388.9,0.19,232.94,,,,,,
6262,04/15/2026 04:20:00,21.24,358.5,389.3,0.19,233.04,,,,,,
6263,04/15/2026 04:30:00,21.21,358.5,389.5,0.19,233.04,,,,,,
6264,04/15/2026 04:40:00,21.20,358.1,389.1,0.19,232.75,,,,,,
6265,04/15/2026 04:50:00,21.18,358.4,389.7,0.19,232.97,,,,,,
6266,04/15/2026 05:00:00,21.17,358.9,390.4,0.19,233.30,,,,,,
6267,04/15/2026 05:10:00,21.15,359.1,390.7,0.19,233.44,,,,,,
6268,04/15/2026 05:20:00,21.14,359.5,391.2,0.19,233.65,,,,,,
6269,04/15/2026 05:30:00,21.13,359.7,391.5,0.19,233.83,,,,,,
6270,04/15/2026 05:40:00,21.12,360.2,392.2,0.19,234.16,,,,,,
6271,04/15/2026 05:50:00,21.11,360.6,392.6,0.19,234.37,,,,,,
6272,04/15/2026 06:00:00,21.10,361.3,393.5,0.19,234.86,,,,,,
6273,04/15/2026 06:10:00,21.09,361.2,393.5,0.19,234.80,,,,,,
6274,04/15/2026 06:20:00,21.08,361.7,394.1,0.19,235.08,,,,,,
6275,04/15/2026 06:30:00,21.08,361.7,394.1,0.19,235.08,,,,,,
6276,04/15/2026 06:40:00,21.07,362.0,394.6,0.19,235.29,,,,,,
6277,04/15/2026 06:50:00,21.05,361.8,394.4,0.19,235.15,,,,,,
6278,04/15/2026 07:00:00,21.05,362.1,394.9,0.19,235.36,,,,,,
6279,04/15/2026 07:10:00,21.04,362.5,395.3,0.19,235.61,,,,,,
6280,04/15/2026 07:20:00,21.03,363.5,396.5,0.19,236.25,,,,,,
6281,04/15/2026 07:30:00,21.01,363.5,396.7,0.19,236.27,,,,,,
6282,04/15/2026 07:40:00,20.99,364.0,397.4,0.19,236.57,,,,,,
6283,04/15/2026 07:50:00,20.98,363.8,397.3,0.19,236.48,,,,,,
6284,04/15/2026 08:00:00,20.98,364.4,398.0,0.19,236.89,,,,,,
6285,04/15/2026 08:10:00,20.98,365.1,398.7,0.19,237.31,,,,,,
6286,04/15/2026 08:20:00,20.97,365.3,399.0,0.19,237.45,,,,,,
6287,04/15/2026 08:30:00,20.99,365.9,399.6,0.19,237.84,,,,,,
6288,04/15/2026 08:40:00,20.99,366.6,400.3,0.19,238.31,,,,,,
6289,04/15/2026 08:50:00,21.06,367.0,400.2,0.19,238.58,,,,,,
6290,04/15/2026 09:00:00,21.11,368.2,401.0,0.19,239.34,,,,,,
6291,04/15/2026 09:10:00,21.17,369.0,401.4,0.19,239.88,,,,,,
6292,04/15/2026 09:20:00,21.20,370.1,402.2,0.19,240.59,,,,,,
6293,04/15/2026 09:30:00,21.25,371.4,403.1,0.19,241.39,,,,,,
6294,04/15/2026 09:40:00,21.30,372.1,403.4,0.19,241.84,,,,,,
6295,04/15/2026 09:50:00,21.35,372.6,403.5,0.19,242.19,,,,,,
6296,04/15/2026 10:00:00,21.40,373.3,403.8,0.19,242.65,,,,,,
6297,04/15/2026 10:10:00,21.45,373.9,404.1,0.19,243.03,,,,,,
6298,04/15/2026 10:20:00,21.47,375.0,405.0,0.19,243.72,,,,,,
6299,04/15/2026 10:30:00,21.51,375.1,404.8,0.19,243.82,,,,,,
6300,04/15/2026 10:40:00,21.57,375.8,405.0,0.19,244.27,,,,,,
6301,04/15/2026 10:50:00,21.61,375.5,404.3,0.19,244.07,,,,,,
6302,04/15/2026 11:00:00,21.66,375.2,403.5,0.19,243.89,,,,,,
6303,04/15/2026 11:10:00,21.73,375.6,403.3,0.19,244.16,,,,,,
6304,04/15/2026 11:20:00,21.84,375.5,402.2,0.19,244.08,,,,,,
6305,04/15/2026 11:30:00,21.93,375.3,401.2,0.19,243.95,,,,,,
6306,04/15/2026 11:40:00,22.03,374.7,399.6,0.19,243.53,,,,,,
6307,04/15/2026 11:50:00,22.12,374.1,398.1,0.19,243.15,,,,,,
6308,04/15/2026 12:00:00,22.20,373.4,396.7,0.19,242.72,,,,,,
6309,04/15/2026 12:10:00,22.28,371.1,393.6,0.19,241.20,,,,,,
6310,04/15/2026 12:20:00,22.36,368.9,390.6,0.19,239.81,,,,,,
6311,04/15/2026 12:30:00,22.45,367.3,388.1,0.19,238.72,,,,,,
6312,04/15/2026 12:40:00,22.58,366.5,386.2,0.19,238.23,,,,,,
6313,04/15/2026 12:50:00,22.72,365.6,384.0,0.18,237.64,,,,,,
6314,04/15/2026 13:00:00,22.83,364.1,381.5,0.18,236.66,,,,,,
6315,04/15/2026 13:10:00,22.96,362.2,378.4,0.18,235.44,,,,,,
6316,04/15/2026 13:20:00,23.03,361.3,376.9,0.18,234.86,,,,,,
6317,04/15/2026 13:30:00,23.10,358.5,373.4,0.18,233.05,,,,,,
6318,04/15/2026 13:40:00,23.18,356.2,370.4,0.18,231.50,,,,,,
6319,04/15/2026 13:50:00,23.27,355.6,368.9,0.18,231.11,,,,,,
6320,04/15/2026 14:00:00,23.36,354.5,367.1,0.18,230.43,,,,,,
6321,04/15/2026 14:10:00,23.45,353.9,365.8,0.18,230.03,,,,,,
6322,04/15/2026 14:20:00,23.51,353.4,364.8,0.18,229.74,,,,,,
6323,04/15/2026 14:30:00,23.57,353.4,364.4,0.18,229.73,,,,,,
6324,04/15/2026 14:40:00,23.61,352.9,363.5,0.18,229.41,,,,,,
6325,04/15/2026 14:50:00,23.63,352.1,362.6,0.17,228.89,,,,,,
6326,04/15/2026 15:00:00,23.65,352.4,362.7,0.17,229.06,,,,,,
6327,04/15/2026 15:10:00,23.70,351.8,361.6,0.17,228.64,,,,,,
6328,04/15/2026 15:20:00,23.78,349.5,358.7,0.17,227.19,,,,,,
6329,04/15/2026 15:30:00,23.85,348.9,357.5,0.17,226.77,,,,,,
6330,04/15/2026 15:40:00,23.90,350.9,359.2,0.17,228.11,,,,,,
6331,04/15/2026 15:50:00,23.94,350.0,358.0,0.17,227.49,,,,,,
6332,04/15/2026 16:00:00,23.98,347.5,355.1,0.17,225.86,,,,,,
6333,04/15/2026 16:10:00,24.02,350.5,357.8,0.17,227.81,,,,,,
6334,04/15/2026 16:20:00,24.08,348.5,355.3,0.17,226.52,,,,,,
6335,04/15/2026 16:30:00,24.15,346.9,353.3,0.17,225.52,,,,,,
6336,04/15/2026 16:40:00,24.17,344.4,350.6,0.17,223.89,,,,,,
6337,04/15/2026 16:50:00,24.17,337.9,344.0,0.17,219.66,,,,,,
6338,04/15/2026 17:00:00,24.16,336.4,342.4,0.16,218.63,,,,,,
6339,04/15/2026 17:10:00,24.14,336.6,342.8,0.17,218.78,,,,,,
6340,04/15/2026 17:20:00,24.10,334.0,340.4,0.16,217.07,,,,,,
6341,04/15/2026 17:30:00,24.07,331.2,337.8,0.16,215.30,,,,,,
6342,04/15/2026 17:40:00,24.07,329.3,335.9,0.16,214.04,,,,,,
6343,04/15/2026 17:50:00,24.08,327.1,333.6,0.16,212.63,,,,,,
6344,04/15/2026 18:00:00,24.06,326.8,333.4,0.16,212.44,,,,,,
6345,04/15/2026 18:10:00,24.04,323.6,330.2,0.16,210.34,,,,,,
6346,04/15/2026 18:20:00,24.01,324.3,331.2,0.16,210.81,,,,,,
6347,04/15/2026 18:30:00,23.98,323.5,330.6,0.16,210.27,,,,,,
6348,04/15/2026 18:40:00,23.95,322.7,329.9,0.16,209.73,,,,,,
6349,04/15/2026 18:50:00,23.92,322.1,329.6,0.16,209.36,,,,,,
6350,04/15/2026 19:00:00,23.88,319.8,327.5,0.16,207.88,,,,,,
6351,04/15/2026 19:10:00,23.85,317.6,325.4,0.16,206.41,,,,,,
6352,04/15/2026 19:20:00,23.80,315.9,324.0,0.16,205.32,,,,,,
6353,04/15/2026 19:30:00,23.74,312.8,321.3,0.15,203.30,,,,,,
6354,04/15/2026 19:40:00,23.63,311.9,321.2,0.15,202.75,,,,,,
6355,04/15/2026 19:50:00,23.24,286.4,297.4,0.14,186.18,,,,,,
6356,04/15/2026 20:00:00,23.25,127.3,132.2,0.07,82.75,,,,,,
6357,04/15/2026 20:10:00,23.21,74.6,77.5,0.04,48.49,,,,,,
6358,04/15/2026 20:20:00,23.01,90.1,94.0,0.05,58.55,,,,,,
6359,04/15/2026 20:30:00,22.25,67.4,71.6,0.04,43.83,,,,,,
6360,04/15/2026 20:40:00,22.04,66.9,71.3,0.04,43.49,,,,,,
6361,04/15/2026 20:50:00,22.16,66.7,70.9,0.04,43.33,,,,,,
6362,04/15/2026 21:00:00,22.23,66.7,70.9,0.04,43.38,,,,,,
6363,04/15/2026 21:10:00,22.22,69.2,73.5,0.04,44.96,,,,,,
6364,04/15/2026 21:20:00,22.24,68.7,72.9,0.04,44.63,,,,,,
6365,04/15/2026 21:30:00,22.26,74.1,78.6,0.04,48.15,,,,,,
6366,04/15/2026 21:40:00,22.27,90.2,95.7,0.05,58.62,,,,,,
6367,04/15/2026 21:50:00,22.27,104.2,110.5,0.06,67.71,,,,,,
6368,04/15/2026 22:00:00,22.27,99.4,105.4,0.05,64.58,,,,,,
6369,04/15/2026 22:10:00,22.26,93.2,98.9,0.05,60.60,,,,,,
6370,04/15/2026 22:20:00,22.22,93.1,98.9,0.05,60.53,,,,,,
6371,04/15/2026 22:30:00,22.19,92.9,98.8,0.05,60.41,,,,,,
6372,04/15/2026 22:40:00,22.15,94.7,100.7,0.05,61.56,,,,,,
6373,04/15/2026 22:50:00,22.12,96.8,103.0,0.05,62.90,,,,,,
6374,04/15/2026 23:00:00,22.08,97.3,103.6,0.05,63.22,,,,,,
6375,04/15/2026 23:10:00,22.04,100.3,107.0,0.05,65.22,,,,,,
6376,04/15/2026 23:20:00,22.01,101.4,108.2,0.05,65.89,,,,,,
6377,04/15/2026 23:30:00,21.98,104.3,111.3,0.06,67.77,,,,,,
6378,04/15/2026 23:40:00,21.95,106.0,113.3,0.06,68.92,,,,,,
6379,04/15/2026 23:50:00,21.93,110.6,118.2,0.06,71.90,,,,,,
6380,04/16/2026 00:00:00,21.90,115.9,124.0,0.06,75.34,,,,,,
6381,04/16/2026 00:10:00,21.87,120.5,129.0,0.06,78.34,,,,,,
6382,04/16/2026 00:20:00,21.83,124.7,133.5,0.07,81.02,,,,,,
6383,04/16/2026 00:30:00,21.79,127.7,136.9,0.07,83.00,,,,,,
6384,04/16/2026 00:40:00,21.75,130.0,139.5,0.07,84.52,,,,,,
6385,04/16/2026 00:50:00,21.71,131.7,141.5,0.07,85.63,,,,,,
6386,04/16/2026 01:00:00,21.67,133.7,143.7,0.07,86.89,,,,,,
6387,04/16/2026 01:10:00,21.63,135.6,145.9,0.07,88.13,,,,,,
6388,04/16/2026 01:20:00,21.59,139.2,149.9,0.07,90.45,,,,,,
6389,04/16/2026 01:30:00,21.55,143.5,154.8,0.08,93.30,,,,,,
6390,04/16/2026 01:40:00,21.52,148.1,159.8,0.08,96.26,,,,,,
6391,04/16/2026 01:50:00,21.48,154.2,166.5,0.08,100.25,,,,,,
6392,04/16/2026 02:00:00,21.45,160.3,173.2,0.08,104.23,,,,,,
6393,04/16/2026 02:10:00,21.43,166.1,179.5,0.09,107.94,,,,,,
6394,04/16/2026 02:20:00,21.40,171.3,185.3,0.09,111.37,,,,,,
6395,04/16/2026 02:30:00,21.38,176.0,190.5,0.09,114.40,,,,,,
6396,04/16/2026 02:40:00,21.36,179.8,194.7,0.09,116.87,,,,,,
6397,04/16/2026 02:50:00,21.34,184.6,199.9,0.10,119.96,,,,,,
6398,04/16/2026 03:00:00,21.31,190.4,206.4,0.10,123.78,,,,,,
6399,04/16/2026 03:10:00,21.29,196.0,212.5,0.10,127.37,,,,,,
6400,04/16/2026 03:20:00,21.27,202.0,219.2,0.11,131.31,,,,,,
6401,04/16/2026 03:30:00,21.26,206.0,223.6,0.11,133.92,,,,,,
6402,04/16/2026 03:40:00,21.24,211.4,229.6,0.11,137.44,,,,,,
6403,04/16/2026 03:50:00,21.23,216.3,234.9,0.11,140.60,,,,,,
6404,04/16/2026 04:00:00,21.22,220.8,239.8,0.12,143.50,,,,,,
6405,04/16/2026 04:10:00,21.20,224.1,243.5,0.12,145.64,,,,,,
6406,04/16/2026 04:20:00,21.19,227.5,247.2,0.12,147.85,,,,,,
6407,04/16/2026 04:30:00,21.18,231.2,251.3,0.12,150.26,,,,,,
6408,04/16/2026 04:40:00,21.17,231.1,251.3,0.12,150.24,,,,,,
6409,04/16/2026 04:50:00,21.16,235.6,256.3,0.12,153.14,,,,,,
6410,04/16/2026 05:00:00,21.15,235.0,255.7,0.12,152.77,,,,,,
6411,04/16/2026 05:10:00,21.13,236.0,256.8,0.12,153.38,,,,,,
6412,04/16/2026 05:20:00,21.12,236.8,257.8,0.12,153.94,,,,,,
6413,04/16/2026 05:30:00,21.10,237.9,259.1,0.12,154.66,,,,,,
6414,04/16/2026 05:40:00,21.09,238.0,259.2,0.12,154.67,,,,,,
6415,04/16/2026 05:50:00,21.07,238.4,259.8,0.12,154.95,,,,,,
6416,04/16/2026 06:00:00,21.05,239.0,260.5,0.13,155.32,,,,,,
6417,04/16/2026 06:10:00,21.04,239.3,261.0,0.13,155.52,,,,,,
6418,04/16/2026 06:20:00,21.02,239.0,260.9,0.13,155.38,,,,,,
6419,04/16/2026 06:30:00,21.00,239.4,261.3,0.13,155.61,,,,,,
6420,04/16/2026 06:40:00,20.98,241.5,263.7,0.13,156.95,,,,,,
6421,04/16/2026 06:50:00,20.96,242.2,264.6,0.13,157.40,,,,,,
6422,04/16/2026 07:00:00,20.94,237.8,260.0,0.12,154.57,,,,,,
6423,04/16/2026 07:10:00,20.92,239.5,261.9,0.13,155.66,,,,,,
6424,04/16/2026 07:20:00,20.91,240.6,263.2,0.13,156.39,,,,,,
6425,04/16/2026 07:30:00,20.89,236.8,259.2,0.12,153.93,,,,,,
6426,04/16/2026 07:40:00,20.88,255.1,279.3,0.13,165.85,,,,,,
6427,04/16/2026 07:50:00,20.88,257.3,281.6,0.13,167.22,,,,,,
6428,04/16/2026 08:00:00,20.88,241.8,264.7,0.13,157.17,,,,,,
6429,04/16/2026 08:10:00,20.90,243.0,265.9,0.13,157.92,,,,,,
6430,04/16/2026 08:20:00,20.93,241.8,264.4,0.13,157.18,,,,,,
6431,04/16/2026 08:30:00,20.96,242.8,265.3,0.13,157.82,,,,,,
6432,04/16/2026 08:40:00,21.01,247.2,269.9,0.13,160.71,,,,,,
6433,04/16/2026 08:50:00,21.09,243.2,265.0,0.13,158.08,,,,,,
6434,04/16/2026 09:00:00,21.18,244.2,265.5,0.13,158.75,,,,,,
6435,04/16/2026 09:10:00,21.30,245.0,265.6,0.13,159.24,,,,,,
6436,04/16/2026 09:20:00,21.44,244.8,264.6,0.13,159.14,,,,,,
6437,04/16/2026 09:30:00,21.59,245.3,264.2,0.13,159.44,,,,,,
6438,04/16/2026 09:40:00,21.76,244.7,262.6,0.13,159.08,,,,,,
6439,04/16/2026 09:50:00,21.94,246.8,263.8,0.13,160.44,,,,,,
6440,04/16/2026 10:00:00,22.14,248.6,264.4,0.13,161.58,,,,,,
6441,04/16/2026 10:10:00,22.36,247.7,262.3,0.13,161.02,,,,,,
6442,04/16/2026 10:20:00,22.60,248.3,261.5,0.13,161.39,,,,,,
6443,04/16/2026 10:30:00,22.85,249.3,261.0,0.13,162.02,,,,,,
6444,04/16/2026 10:40:00,23.11,247.9,258.2,0.12,161.15,,,,,,
6445,04/16/2026 10:50:00,23.39,251.0,259.8,0.13,163.16,,,,,,
6446,04/16/2026 11:00:00,23.69,251.8,258.8,0.12,163.64,,,,,,
6447,04/16/2026 11:10:00,24.00,253.4,258.8,0.12,164.72,,,,,,
6448,04/16/2026 11:20:00,24.32,254.3,258.0,0.12,165.27,,,,,,
6449,04/16/2026 11:30:00,24.67,255.6,257.4,0.12,166.14,,,,,,
6450,04/16/2026 11:40:00,24.99,256.2,256.3,0.12,166.55,,,,,,
6451,04/16/2026 11:50:00,25.25,257.4,256.1,0.12,167.31,,,,,,
6452,04/16/2026 12:00:00,25.54,258.1,255.2,0.12,167.76,,,,,,
6453,04/16/2026 12:10:00,25.78,259.6,255.4,0.12,168.76,,,,,,
6454,04/16/2026 12:20:00,26.08,260.6,254.8,0.12,169.38,,,,,,
6455,04/16/2026 12:30:00,26.39,261.6,254.1,0.12,170.02,,,,,,
6456,04/16/2026 12:40:00,26.65,260.8,252.1,0.12,169.53,,,,,,
6457,04/16/2026 12:50:00,26.99,261.7,251.2,0.12,170.09,,,,,,
6458,04/16/2026 13:00:00,27.32,263.0,250.8,0.12,170.95,,,,,,
6459,04/16/2026 13:10:00,27.48,262.9,249.9,0.12,170.92,,,,,,
6460,04/16/2026 13:20:00,27.71,263.6,249.4,0.12,171.36,,,,,,
6461,04/16/2026 13:30:00,27.89,263.3,248.2,0.12,171.11,,,,,,
6462,04/16/2026 13:40:00,28.11,258.6,242.7,0.12,168.08,,,,,,
6463,04/16/2026 13:50:00,28.41,258.5,241.2,0.12,168.02,,,,,,
6464,04/16/2026 14:00:00,28.60,257.4,239.3,0.12,167.29,,,,,,
6465,04/16/2026 14:10:00,28.75,254.6,236.0,0.12,165.49,,,,,,
6466,04/16/2026 14:20:00,28.90,246.5,227.8,0.11,160.20,,,,,,
6467,04/16/2026 14:30:00,29.02,245.7,226.5,0.11,159.69,,,,,,
6468,04/16/2026 14:40:00,29.17,246.2,226.4,0.11,160.04,,,,,,
6469,04/16/2026 14:50:00,29.28,259.5,238.1,0.12,168.67,,,,,,
6470,04/16/2026 15:00:00,29.41,258.1,236.2,0.12,167.77,,,,,,
6471,04/16/2026 15:10:00,29.51,257.4,235.1,0.11,167.28,,,,,,
6472,04/16/2026 15:20:00,29.61,254.5,232.1,0.11,165.45,,,,,,
6473,04/16/2026 15:30:00,29.68,251.8,229.3,0.11,163.69,,,,,,
6474,04/16/2026 15:40:00,29.61,246.8,225.0,0.11,160.40,,,,,,
6475,04/16/2026 15:50:00,29.51,248.3,226.8,0.11,161.40,,,,,,
6476,04/16/2026 16:00:00,29.41,246.0,225.1,0.11,159.90,,,,,,
6477,04/16/2026 16:10:00,29.27,245.1,224.9,0.11,159.31,,,,,,
6478,04/16/2026 16:20:00,29.27,244.7,224.6,0.11,159.07,,,,,,
6479,04/16/2026 16:30:00,29.24,238.5,219.0,0.11,155.05,,,,,,
6480,04/16/2026 16:40:00,29.19,237.3,218.1,0.11,154.25,,,,,,
6481,04/16/2026 16:50:00,29.12,236.2,217.4,0.11,153.55,,,,,,
6482,04/16/2026 17:00:00,29.01,235.6,217.3,0.11,153.13,,,,,,
6483,04/16/2026 17:10:00,28.90,248.1,229.3,0.11,161.27,,,,,,
6484,04/16/2026 17:20:00,28.77,247.7,229.6,0.11,161.02,,,,,,
6485,04/16/2026 17:30:00,28.66,258.2,239.8,0.12,167.84,,,,,,
6486,04/16/2026 17:40:00,28.54,250.0,232.7,0.11,162.48,,,,,,
6487,04/16/2026 17:50:00,28.38,251.1,234.5,0.11,163.24,,,,,,
6488,04/16/2026 18:00:00,28.20,248.5,232.9,0.11,161.53,,,,,,
6489,04/16/2026 18:10:00,27.98,249.9,235.2,0.11,162.45,,,,,,
6490,04/16/2026 18:20:00,27.75,248.7,235.1,0.11,161.68,,,,,,
6491,04/16/2026 18:30:00,27.51,255.4,242.6,0.12,166.00,,,,,,
6492,04/16/2026 18:40:00,27.27,256.3,244.7,0.12,166.61,,,,,,
6493,04/16/2026 18:50:00,27.00,256.5,246.1,0.12,166.71,,,,,,
6494,04/16/2026 19:00:00,26.75,256.2,247.1,0.12,166.52,,,,,,
6495,04/16/2026 19:10:00,26.48,256.5,248.7,0.12,166.70,,,,,,
6496,04/16/2026 19:20:00,26.23,257.3,250.8,0.12,167.25,,,,,,
6497,04/16/2026 19:30:00,25.98,258.4,253.2,0.12,167.97,,,,,,
6498,04/16/2026 19:40:00,25.75,259.2,255.2,0.12,168.49,,,,,,
6499,04/16/2026 19:50:00,25.53,261.0,258.1,0.12,169.64,,,,,,
6500,04/16/2026 20:00:00,25.30,262.2,260.6,0.13,170.44,,,,,,
6501,04/16/2026 20:10:00,25.09,263.7,263.2,0.13,171.43,,,,,,
6502,04/16/2026 20:20:00,24.90,264.9,265.4,0.13,172.18,,,,,,
6503,04/16/2026 20:30:00,24.72,266.4,267.9,0.13,173.15,,,,,,
6504,04/16/2026 20:40:00,24.57,266.4,268.8,0.13,173.13,,,,,,
6505,04/16/2026 20:50:00,24.42,267.8,271.1,0.13,174.08,,,,,,
6506,04/16/2026 21:00:00,24.30,269.7,273.7,0.13,175.30,,,,,,
6507,04/16/2026 21:10:00,24.17,271.7,276.5,0.13,176.60,,,,,,
6508,04/16/2026 21:20:00,24.06,272.3,277.8,0.13,176.97,,,,,,
6509,04/16/2026 21:30:00,23.94,272.8,279.0,0.13,177.30,,,,,,
6510,04/16/2026 21:40:00,23.84,274.3,281.2,0.14,178.31,,,,,,
6511,04/16/2026 21:50:00,23.72,274.7,282.2,0.14,178.55,,,,,,
6512,04/16/2026 22:00:00,23.61,274.9,283.2,0.14,178.71,,,,,,
6513,04/16/2026 22:10:00,23.51,276.5,285.4,0.14,179.70,,,,,,
6514,04/16/2026 22:20:00,23.41,277.3,286.9,0.14,180.24,,,,,,
6515,04/16/2026 22:30:00,23.33,275.8,285.8,0.14,179.25,,,,,,
6516,04/16/2026 22:40:00,23.24,277.0,287.6,0.14,180.04,,,,,,
6517,04/16/2026 22:50:00,23.16,277.0,288.1,0.14,180.02,,,,,,
6518,04/16/2026 23:00:00,23.08,277.0,288.6,0.14,180.04,,,,,,
6519,04/16/2026 23:10:00,23.02,277.3,289.3,0.14,180.24,,,,,,
6520,04/16/2026 23:20:00,22.95,277.5,290.0,0.14,180.40,,,,,,
6521,04/16/2026 23:30:00,22.88,278.1,291.1,0.14,180.77,,,,,,
6522,04/16/2026 23:40:00,22.83,278.0,291.3,0.14,180.73,,,,,,
6523,04/16/2026 23:50:00,22.77,278.7,292.4,0.14,181.19,,,,,,
6524,04/17/2026 00:00:00,22.72,280.1,294.2,0.14,182.06,,,,,,
6525,04/17/2026 00:10:00,22.67,283.1,297.7,0.14,184.03,,,,,,
6526,04/17/2026 00:20:00,22.61,283.8,298.8,0.14,184.47,,,,,,
6527,04/17/2026 00:30:00,22.56,282.8,298.1,0.14,183.84,,,,,,
6528,04/17/2026 00:40:00,22.52,282.0,297.5,0.14,183.29,,,,,,
6529,04/17/2026 00:50:00,22.47,281.2,297.0,0.14,182.78,,,,,,
6530,04/17/2026 01:00:00,22.42,280.4,296.5,0.14,182.29,,,,,,
6531,04/17/2026 01:10:00,22.37,280.1,296.5,0.14,182.08,,,,,,
6532,04/17/2026 01:20:00,22.32,279.4,296.1,0.14,181.62,,,,,,
6533,04/17/2026 01:30:00,22.28,279.6,296.5,0.14,181.73,,,,,,
6534,04/17/2026 01:40:00,22.23,279.5,296.8,0.14,181.70,,,,,,
6535,04/17/2026 01:50:00,22.18,279.5,297.1,0.14,181.68,,,,,,
6536,04/17/2026 02:00:00,22.14,279.6,297.5,0.14,181.74,,,,,,
6537,04/17/2026 02:10:00,22.09,279.1,297.3,0.14,181.42,,,,,,
6538,04/17/2026 02:20:00,22.04,279.5,298.0,0.14,181.67,,,,,,
6539,04/17/2026 02:30:00,21.98,279.3,298.2,0.14,181.53,,,,,,
6540,04/17/2026 02:40:00,21.93,279.2,298.4,0.14,181.45,,,,,,
6541,04/17/2026 02:50:00,21.88,279.1,298.7,0.14,181.44,,,,,,
6542,04/17/2026 03:00:00,21.84,279.3,299.2,0.14,181.55,,,,,,
6543,04/17/2026 03:10:00,21.79,279.2,299.4,0.14,181.49,,,,,,
6544,04/17/2026 03:20:00,21.74,279.3,299.8,0.14,181.55,,,,,,
6545,04/17/2026 03:30:00,21.69,279.2,300.0,0.14,181.45,,,,,,
6546,04/17/2026 03:40:00,21.65,279.1,300.2,0.14,181.43,,,,,,
6547,04/17/2026 03:50:00,21.61,279.0,300.3,0.14,181.33,,,,,,
6548,04/17/2026 04:00:00,21.57,279.3,301.0,0.14,181.54,,,,,,
6549,04/17/2026 04:10:00,21.52,278.6,300.5,0.14,181.06,,,,,,
6550,04/17/2026 04:20:00,21.47,279.1,301.4,0.14,181.40,,,,,,
6551,04/17/2026 04:30:00,21.43,278.6,301.2,0.14,181.09,,,,,,
6552,04/17/2026 04:40:00,21.39,278.8,301.6,0.14,181.20,,,,,,
6553,04/17/2026 04:50:00,21.35,278.9,302.1,0.14,181.29,,,,,,
6554,04/17/2026 05:00:00,21.31,278.9,302.3,0.14,181.27,,,,,,
6555,04/17/2026 05:10:00,21.26,279.2,302.9,0.15,181.45,,,,,,
6556,04/17/2026 05:20:00,21.22,280.0,304.1,0.15,181.98,,,,,,
6557,04/17/2026 05:30:00,21.18,279.8,304.2,0.15,181.87,,,,,,
6558,04/17/2026 05:40:00,21.14,280.2,304.9,0.15,182.11,,,,,,
6559,04/17/2026 05:50:00,21.09,280.6,305.6,0.15,182.36,,,,,,
6560,04/17/2026 06:00:00,21.04,279.8,305.1,0.15,181.86,,,,,,
6561,04/17/2026 06:10:00,21.00,279.7,305.3,0.15,181.78,,,,,,
6562,04/17/2026 06:20:00,20.96,279.8,305.8,0.15,181.88,,,,,,
6563,04/17/2026 06:30:00,20.91,279.9,306.2,0.15,181.94,,,,,,
6564,04/17/2026 06:40:00,20.87,280.9,307.6,0.15,182.58,,,,,,
6565,04/17/2026 06:50:00,20.83,280.7,307.6,0.15,182.45,,,,,,
6566,04/17/2026 07:00:00,20.79,280.1,307.3,0.15,182.08,,,,,,
6567,04/17/2026 07:10:00,20.77,280.2,307.5,0.15,182.12,,,,,,
6568,04/17/2026 07:20:00,20.76,280.4,307.8,0.15,182.27,,,,,,
6569,04/17/2026 07:30:00,20.74,280.5,308.0,0.15,182.32,,,,,,
6570,04/17/2026 07:40:00,20.73,280.6,308.3,0.15,182.39,,,,,,
6571,04/17/2026 07:50:00,20.73,280.6,308.2,0.15,182.37,,,,,,
6572,04/17/2026 08:00:00,20.73,280.8,308.4,0.15,182.50,,,,,,
6573,04/17/2026 08:10:00,20.75,280.7,308.3,0.15,182.49,,,,,,
6574,04/17/2026 08:20:00,20.80,281.2,308.5,0.15,182.79,,,,,,
6575,04/17/2026 08:30:00,20.86,282.2,309.0,0.15,183.40,,,,,,
6576,04/17/2026 08:40:00,20.95,282.1,308.3,0.15,183.39,,,,,,
6577,04/17/2026 08:50:00,21.03,282.9,308.6,0.15,183.86,,,,,,
6578,04/17/2026 09:00:00,21.11,283.0,308.1,0.15,183.93,,,,,,
6579,04/17/2026 09:10:00,21.19,282.7,307.3,0.15,183.75,,,,,,
6580,04/17/2026 09:20:00,21.30,282.4,306.2,0.15,183.57,,,,,,
6581,04/17/2026 09:30:00,21.44,282.7,305.5,0.15,183.75,,,,,,
6582,04/17/2026 09:40:00,21.62,283.1,304.7,0.15,184.02,,,,,,
6583,04/17/2026 09:50:00,21.79,282.1,302.5,0.15,183.37,,,,,,
6584,04/17/2026 10:00:00,21.99,283.5,302.6,0.15,184.26,,,,,,
6585,04/17/2026 10:10:00,22.20,283.9,301.7,0.14,184.55,,,,,,
6586,04/17/2026 10:20:00,22.39,284.2,300.7,0.14,184.74,,,,,,
6587,04/17/2026 10:30:00,22.55,284.3,299.7,0.14,184.82,,,,,,
6588,04/17/2026 10:40:00,22.74,284.4,298.6,0.14,184.87,,,,,,
6589,04/17/2026 10:50:00,22.94,284.3,297.1,0.14,184.79,,,,,,
6590,04/17/2026 11:00:00,23.16,284.1,295.6,0.14,184.68,,,,,,
6591,04/17/2026 11:10:00,23.34,283.3,293.5,0.14,184.14,,,,,,
6592,04/17/2026 11:20:00,23.50,283.0,292.2,0.14,183.94,,,,,,
6593,04/17/2026 11:30:00,23.63,282.5,290.9,0.14,183.60,,,,,,
6594,04/17/2026 11:40:00,23.75,280.8,288.4,0.14,182.54,,,,,,
6595,04/17/2026 11:50:00,23.86,282.0,288.9,0.14,183.29,,,,,,
6596,04/17/2026 12:00:00,23.98,280.3,286.4,0.14,182.19,,,,,,
6597,04/17/2026 12:10:00,24.09,278.9,284.4,0.14,181.31,,,,,,
6598,04/17/2026 12:20:00,24.21,278.2,282.9,0.14,180.85,,,,,,
6599,04/17/2026 12:30:00,24.31,277.2,281.3,0.14,180.21,,,,,,
6600,04/17/2026 12:40:00,24.34,276.3,280.1,0.14,179.56,,,,,,
6601,04/17/2026 12:50:00,24.43,275.1,278.4,0.13,178.81,,,,,,
6602,04/17/2026 13:00:00,24.53,273.2,276.0,0.13,177.59,,,,,,
6603,04/17/2026 13:10:00,24.68,272.8,274.6,0.13,177.29,,,,,,
6604,04/17/2026 13:20:00,24.83,272.2,273.2,0.13,176.90,,,,,,
6605,04/17/2026 13:30:00,25.02,271.8,271.7,0.13,176.68,,,,,,
6606,04/17/2026 13:40:00,25.17,270.8,269.9,0.13,176.04,,,,,,
6607,04/17/2026 13:50:00,25.31,270.9,269.1,0.13,176.07,,,,,,
6608,04/17/2026 14:00:00,25.40,270.2,268.0,0.13,175.65,,,,,,
6609,04/17/2026 14:10:00,25.54,269.7,266.6,0.13,175.28,,,,,,
6610,04/17/2026 14:20:00,25.66,268.4,264.7,0.13,174.43,,,,,,
6611,04/17/2026 14:30:00,25.72,266.6,262.6,0.13,173.27,,,,,,
6612,04/17/2026 14:40:00,25.76,265.9,261.7,0.13,172.83,,,,,,
6613,04/17/2026 14:50:00,25.78,263.3,259.1,0.13,171.17,,,,,,
6614,04/17/2026 15:00:00,25.75,262.1,258.1,0.12,170.38,,,,,,
6615,04/17/2026 15:10:00,25.67,261.4,257.8,0.12,169.92,,,,,,
6616,04/17/2026 15:20:00,25.60,262.4,259.1,0.13,170.54,,,,,,
6617,04/17/2026 15:30:00,25.48,261.2,258.5,0.13,169.76,,,,,,
6618,04/17/2026 15:40:00,25.38,259.6,257.5,0.12,168.75,,,,,,
6619,04/17/2026 15:50:00,25.27,259.1,257.7,0.12,168.42,,,,,,
6620,04/17/2026 16:00:00,25.15,258.5,257.7,0.12,168.05,,,,,,
6621,04/17/2026 16:10:00,25.03,258.0,257.8,0.12,167.67,,,,,,
6622,04/17/2026 16:20:00,24.93,257.2,257.5,0.12,167.15,,,,,,
6623,04/17/2026 16:30:00,24.88,256.9,257.6,0.12,167.01,,,,,,
6624,04/17/2026 16:40:00,24.82,256.3,257.2,0.12,166.57,,,,,,
6625,04/17/2026 16:50:00,24.76,255.0,256.3,0.12,165.75,,,,,,
6626,04/17/2026 17:00:00,24.72,252.6,254.1,0.12,164.20,,,,,,
6627,04/17/2026 17:10:00,24.67,251.2,253.0,0.12,163.30,,,,,,
6628,04/17/2026 17:20:00,24.64,251.2,253.2,0.12,163.31,,,,,,
6629,04/17/2026 17:30:00,24.57,251.3,253.6,0.12,163.38,,,,,,
6630,04/17/2026 17:40:00,24.51,252.5,255.1,0.12,164.15,,,,,,
6631,04/17/2026 17:50:00,24.47,251.6,254.4,0.12,163.54,,,,,,
6632,04/17/2026 18:00:00,24.42,253.4,256.6,0.12,164.73,,,,,,
6633,04/17/2026 18:10:00,24.38,266.5,270.0,0.13,173.24,,,,,,
6634,04/17/2026 18:20:00,24.35,276.1,279.9,0.14,179.46,,,,,,
6635,04/17/2026 18:30:00,24.29,274.2,278.3,0.13,178.20,,,,,,
6636,04/17/2026 18:40:00,24.23,262.5,266.8,0.13,170.63,,,,,,
6637,04/17/2026 18:50:00,24.17,267.3,272.0,0.13,173.74,,,,,,
6638,04/17/2026 19:00:00,24.10,265.9,271.1,0.13,172.84,,,,,,
6639,04/17/2026 19:10:00,24.02,270.0,275.7,0.13,175.51,,,,,,
6640,04/17/2026 19:20:00,23.95,270.5,276.6,0.13,175.80,,,,,,
6641,04/17/2026 19:30:00,23.87,272.2,278.8,0.13,176.91,,,,,,
6642,04/17/2026 19:40:00,23.79,272.6,279.7,0.13,177.20,,,,,,
6643,04/17/2026 19:50:00,23.72,275.6,283.2,0.14,179.13,,,,,,
6644,04/17/2026 20:00:00,23.66,277.8,285.8,0.14,180.54,,,,,,
6645,04/17/2026 20:10:00,23.58,278.0,286.5,0.14,180.72,,,,,,
6646,04/17/2026 20:20:00,23.51,281.2,290.2,0.14,182.76,,,,,,
6647,04/17/2026 20:30:00,23.44,281.9,291.5,0.14,183.25,,,,,,
6648,04/17/2026 20:40:00,23.36,283.8,293.9,0.14,184.47,,,,,,
6649,04/17/2026 20:50:00,23.28,284.5,295.2,0.14,184.94,,,,,,
6650,04/17/2026 21:00:00,23.20,287.4,298.7,0.14,186.80,,,,,,
6651,04/17/2026 21:10:00,23.13,287.8,299.5,0.14,187.07,,,,,,
6652,04/17/2026 21:20:00,23.06,290.4,302.8,0.15,188.77,,,,,,
6653,04/17/2026 21:30:00,22.98,292.8,305.8,0.15,190.30,,,,,,
6654,04/17/2026 21:40:00,22.89,294.6,308.2,0.15,191.50,,,,,,
6655,04/17/2026 21:50:00,22.82,295.7,309.9,0.15,192.19,,,,,,
6656,04/17/2026 22:00:00,22.73,297.4,312.3,0.15,193.31,,,,,,
6657,04/17/2026 22:10:00,22.66,300.1,315.6,0.15,195.03,,,,,,
6658,04/17/2026 22:20:00,22.59,298.8,314.7,0.15,194.21,,,,,,
6659,04/17/2026 22:30:00,22.52,302.5,319.1,0.15,196.62,,,,,,
6660,04/17/2026 22:40:00,22.45,304.7,321.9,0.15,198.07,,,,,,
6661,04/17/2026 22:50:00,22.39,305.7,323.4,0.16,198.69,,,,,,
6662,04/17/2026 23:00:00,22.32,307.8,326.1,0.16,200.07,,,,,,
6663,04/17/2026 23:10:00,22.27,308.6,327.4,0.16,200.62,,,,,,
6664,04/17/2026 23:20:00,22.21,309.8,329.0,0.16,201.34,,,,,,
6665,04/17/2026 23:30:00,22.17,311.8,331.5,0.16,202.67,,,,,,
6666,04/17/2026 23:40:00,22.13,312.3,332.4,0.16,203.00,,,,,,
6667,04/17/2026 23:50:00,22.08,314.1,334.5,0.16,204.14,,,,,,
6668,04/18/2026 00:00:00,22.04,314.9,335.8,0.16,204.70,,,,,,
6669,04/18/2026 00:10:00,22.00,315.6,336.8,0.16,205.12,,,,,,
6670,04/18/2026 00:20:00,21.96,316.4,337.9,0.16,205.63,,,,,,
6671,04/18/2026 00:30:00,21.92,316.5,338.4,0.16,205.72,,,,,,
6672,04/18/2026 00:40:00,21.88,315.2,337.3,0.16,204.90,,,,,,
6673,04/18/2026 00:50:00,21.85,317.9,340.4,0.16,206.64,,,,,,
6674,04/18/2026 01:00:00,21.82,316.7,339.4,0.16,205.83,,,,,,
6675,04/18/2026 01:10:00,21.78,318.9,342.0,0.16,207.26,,,,,,
6676,04/18/2026 01:20:00,21.74,319.8,343.3,0.16,207.84,,,,,,
6677,04/18/2026 01:30:00,21.70,319.2,342.9,0.16,207.46,,,,,,
6678,04/18/2026 01:40:00,21.67,321.5,345.7,0.17,208.98,,,,,,
6679,04/18/2026 01:50:00,21.63,318.3,342.5,0.16,206.91,,,,,,
6680,04/18/2026 02:00:00,21.59,319.1,343.7,0.16,207.40,,,,,,
6681,04/18/2026 02:10:00,21.56,320.5,345.5,0.17,208.33,,,,,,
6682,04/18/2026 02:20:00,21.52,320.1,345.3,0.17,208.06,,,,,,
6683,04/18/2026 02:30:00,21.48,321.1,346.7,0.17,208.72,,,,,,
6684,04/18/2026 02:40:00,21.44,320.7,346.6,0.17,208.46,,,,,,
6685,04/18/2026 02:50:00,21.41,320.5,346.6,0.17,208.33,,,,,,
6686,04/18/2026 03:00:00,21.37,321.7,348.3,0.17,209.13,,,,,,
6687,04/18/2026 03:10:00,21.35,321.9,348.6,0.17,209.22,,,,,,
6688,04/18/2026 03:20:00,21.31,321.9,348.9,0.17,209.23,,,,,,
6689,04/18/2026 03:30:00,21.26,321.9,349.3,0.17,209.22,,,,,,
6690,04/18/2026 03:40:00,21.20,321.8,349.7,0.17,209.16,,,,,,
6691,04/18/2026 03:50:00,21.13,321.0,349.5,0.17,208.67,,,,,,
6692,04/18/2026 04:00:00,20.94,318.0,347.6,0.17,206.70,,,,,,
6693,04/18/2026 04:10:00,20.83,316.0,346.3,0.17,205.38,,,,,,
6694,04/18/2026 04:20:00,20.46,297.2,328.5,0.16,193.20,,,,,,
6695,04/18/2026 04:30:00,19.63,168.4,189.8,0.09,109.45,,,,,,
6696,04/18/2026 04:40:00,19.53,137.6,155.5,0.08,89.47,,,,,,
6697,04/18/2026 04:50:00,19.49,135.0,152.7,0.07,87.77,,,,,,
6698,04/18/2026 05:00:00,19.30,131.5,149.4,0.07,85.47,,,,,,
6699,04/18/2026 05:10:00,18.61,114.8,132.6,0.06,74.60,,,,,,
6700,04/18/2026 05:20:00,18.39,95.5,110.9,0.05,62.09,,,,,,
6701,04/18/2026 05:30:00,18.17,82.7,96.5,0.05,53.73,,,,,,
6702,04/18/2026 05:40:00,18.03,78.1,91.5,0.05,50.75,,,,,,
6703,04/18/2026 05:50:00,17.94,80.7,94.7,0.05,52.43,,,,,,
6704,04/18/2026 06:00:00,17.95,85.7,100.6,0.05,55.70,,,,,,
6705,04/18/2026 06:10:00,17.93,93.1,109.3,0.05,60.50,,,,,,
6706,04/18/2026 06:20:00,17.93,102.5,120.4,0.06,66.63,,,,,,
6707,04/18/2026 06:30:00,17.93,109.0,128.0,0.06,70.84,,,,,,
6708,04/18/2026 06:40:00,17.96,111.8,131.2,0.06,72.64,,,,,,
6709,04/18/2026 06:50:00,17.88,104.3,122.6,0.06,67.77,,,,,,
6710,04/18/2026 07:00:00,17.72,97.3,114.9,0.06,63.25,,,,,,
6711,04/18/2026 07:10:00,17.64,103.4,122.3,0.06,67.20,,,,,,
6712,04/18/2026 07:20:00,17.63,113.7,134.5,0.07,73.91,,,,,,
6713,04/18/2026 07:30:00,17.61,122.4,144.9,0.07,79.54,,,,,,
6714,04/18/2026 07:40:00,17.52,122.5,145.4,0.07,79.65,,,,,,
6715,04/18/2026 07:50:00,17.43,120.6,143.4,0.07,78.40,,,,,,
6716,04/18/2026 08:00:00,17.32,116.4,138.8,0.07,75.67,,,,,,
6717,04/18/2026 08:10:00,17.21,113.0,135.1,0.07,73.47,,,,,,
6718,04/18/2026 08:20:00,17.12,109.0,130.6,0.06,70.86,,,,,,
6719,04/18/2026 08:30:00,17.04,105.2,126.3,0.06,68.36,,,,,,
6720,04/18/2026 08:40:00,16.97,103.9,124.9,0.06,67.52,,,,,,
6721,04/18/2026 08:50:00,16.91,104.4,125.8,0.06,67.86,,,,,,
6722,04/18/2026 09:00:00,16.85,105.8,127.6,0.06,68.76,,,,,,
6723,04/18/2026 09:10:00,16.77,108.2,130.8,0.06,70.30,,,,,,
6724,04/18/2026 09:20:00,16.72,111.6,135.1,0.07,72.56,,,,,,
6725,04/18/2026 09:30:00,16.69,118.6,143.7,0.07,77.09,,,,,,
6726,04/18/2026 09:40:00,16.68,122.7,148.7,0.07,79.74,,,,,,
6727,04/18/2026 09:50:00,16.65,124.1,150.5,0.07,80.70,,,,,,
6728,04/18/2026 10:00:00,16.63,127.6,154.8,0.07,82.92,,,,,,
6729,04/18/2026 10:10:00,16.60,135.9,165.0,0.08,88.32,,,,,,
6730,04/18/2026 10:20:00,16.57,127.3,154.7,0.07,82.75,,,,,,
6731,04/18/2026 10:30:00,16.53,118.4,144.0,0.07,76.97,,,,,,
6732,04/18/2026 10:40:00,16.54,124.6,151.5,0.07,80.99,,,,,,
6733,04/18/2026 10:50:00,16.54,126.7,154.0,0.07,82.33,,,,,,
6734,04/18/2026 11:00:00,16.54,127.9,155.6,0.07,83.14,,,,,,
6735,04/18/2026 11:10:00,16.52,129.6,157.7,0.08,84.24,,,,,,
6736,04/18/2026 11:20:00,16.50,132.2,161.0,0.08,85.94,,,,,,
6737,04/18/2026 11:30:00,16.48,133.5,162.6,0.08,86.80,,,,,,
6738,04/18/2026 11:40:00,16.46,136.4,166.2,0.08,88.64,,,,,,
6739,04/18/2026 11:50:00,16.44,137.7,167.9,0.08,89.52,,,,,,
6740,04/18/2026 12:00:00,16.42,139.6,170.3,0.08,90.77,,,,,,
6741,04/18/2026 12:10:00,16.40,141.5,172.7,0.08,91.98,,,,,,
6742,04/18/2026 12:20:00,16.39,142.1,173.5,0.08,92.39,,,,,,
6743,04/18/2026 12:30:00,16.36,145.0,177.2,0.08,94.27,,,,,,
6744,04/18/2026 12:40:00,16.35,147.9,180.7,0.09,96.13,,,,,,
6745,04/18/2026 12:50:00,16.34,150.6,184.1,0.09,97.88,,,,,,
6746,04/18/2026 13:00:00,16.32,153.8,188.0,0.09,99.95,,,,,,
6747,04/18/2026 13:10:00,16.29,156.6,191.6,0.09,101.80,,,,,,
6748,04/18/2026 13:20:00,16.27,159.3,195.1,0.09,103.58,,,,,,
6749,04/18/2026 13:30:00,16.25,162.1,198.6,0.09,105.38,,,,,,
6750,04/18/2026 13:40:00,16.24,164.3,201.3,0.10,106.78,,,,,,
6751,04/18/2026 13:50:00,16.26,167.3,204.9,0.10,108.76,,,,,,
6752,04/18/2026 14:00:00,16.30,170.1,208.2,0.10,110.59,,,,,,
6753,04/18/2026 14:10:00,16.32,171.6,209.9,0.10,111.57,,,,,,
6754,04/18/2026 14:20:00,16.42,175.3,213.8,0.10,113.94,,,,,,
6755,04/18/2026 14:30:00,16.62,178.6,216.7,0.10,116.07,,,,,,
6756,04/18/2026 14:40:00,16.76,181.3,219.2,0.10,117.82,,,,,,
6757,04/18/2026 14:50:00,16.87,184.4,222.3,0.11,119.84,,,,,,
6758,04/18/2026 15:00:00,16.99,187.6,225.5,0.11,121.94,,,,,,
6759,04/18/2026 15:10:00,17.09,189.9,227.8,0.11,123.45,,,,,,
6760,04/18/2026 15:20:00,17.18,192.6,230.4,0.11,125.17,,,,,,
6761,04/18/2026 15:30:00,17.24,194.3,232.2,0.11,126.32,,,,,,
6762,04/18/2026 15:40:00,17.27,196.6,234.7,0.11,127.79,,,,,,
6763,04/18/2026 15:50:00,17.32,198.4,236.6,0.11,128.98,,,,,,
6764,04/18/2026 16:00:00,17.39,200.1,238.2,0.11,130.09,,,,,,
6765,04/18/2026 16:10:00,17.44,202.4,240.5,0.11,131.53,,,,,,
6766,04/18/2026 16:20:00,17.49,203.7,241.8,0.11,132.39,,,,,,
6767,04/18/2026 16:30:00,17.60,205.6,243.5,0.12,133.66,,,,,,
6768,04/18/2026 16:40:00,17.70,207.1,244.6,0.12,134.59,,,,,,
6769,04/18/2026 16:50:00,17.77,208.3,245.6,0.12,135.39,,,,,,
6770,04/18/2026 17:00:00,17.89,210.4,247.3,0.12,136.76,,,,,,
6771,04/18/2026 17:10:00,17.98,211.7,248.3,0.12,137.58,,,,,,
6772,04/18/2026 17:20:00,18.07,212.0,248.1,0.12,137.81,,,,,,
6773,04/18/2026 17:30:00,18.11,213.3,249.4,0.12,138.67,,,,,,
6774,04/18/2026 17:40:00,18.10,213.5,249.7,0.12,138.77,,,,,,
6775,04/18/2026 17:50:00,18.14,215.7,252.0,0.12,140.21,,,,,,
6776,04/18/2026 18:00:00,18.17,217.0,253.3,0.12,141.03,,,,,,
6777,04/18/2026 18:10:00,18.19,217.0,253.1,0.12,141.02,,,,,,
6778,04/18/2026 18:20:00,18.17,218.4,254.9,0.12,141.93,,,,,,
6779,04/18/2026 18:30:00,18.12,219.0,256.1,0.12,142.37,,,,,,
6780,04/18/2026 18:40:00,18.04,219.2,256.7,0.12,142.47,,,,,,
6781,04/18/2026 18:50:00,18.01,219.9,257.7,0.12,142.92,,,,,,
6782,04/18/2026 19:00:00,17.96,220.4,258.7,0.12,143.28,,,,,,
6783,04/18/2026 19:10:00,17.84,224.0,263.6,0.13,145.59,,,,,,
6784,04/18/2026 19:20:00,17.70,220.7,260.7,0.12,143.46,,,,,,
6785,04/18/2026 19:30:00,17.56,220.8,261.7,0.12,143.49,,,,,,
6786,04/18/2026 19:40:00,17.44,220.4,262.0,0.12,143.27,,,,,,
6787,04/18/2026 19:50:00,17.37,221.3,263.6,0.13,143.87,,,,,,
6788,04/18/2026 20:00:00,17.28,220.9,263.7,0.13,143.61,,,,,,
6789,04/18/2026 20:10:00,17.20,223.4,267.1,0.13,145.20,,,,,,
6790,04/18/2026 20:20:00,17.13,224.4,268.9,0.13,145.89,,,,,,
6791,04/18/2026 20:30:00,17.05,225.0,270.1,0.13,146.24,,,,,,
6792,04/18/2026 20:40:00,16.98,225.4,271.1,0.13,146.51,,,,,,
6793,04/18/2026 20:50:00,16.90,227.2,273.8,0.13,147.69,,,,,,
6794,04/18/2026 21:00:00,16.81,228.6,276.1,0.13,148.61,,,,,,
6795,04/18/2026 21:10:00,16.72,229.3,277.5,0.13,149.03,,,,,,
6796,04/18/2026 21:20:00,16.62,227.7,276.3,0.13,148.02,,,,,,
6797,04/18/2026 21:30:00,16.53,229.4,279.0,0.13,149.11,,,,,,
6798,04/18/2026 21:40:00,16.44,230.0,280.4,0.13,149.51,,,,,,
6799,04/18/2026 21:50:00,16.34,230.2,281.3,0.13,149.62,,,,,,
6800,04/18/2026 22:00:00,16.25,231.0,283.0,0.13,150.16,,,,,,
6801,04/18/2026 22:10:00,16.17,231.4,284.1,0.13,150.39,,,,,,
6802,04/18/2026 22:20:00,16.08,231.9,285.4,0.13,150.76,,,,,,
6803,04/18/2026 22:30:00,16.00,232.6,286.8,0.14,151.21,,,,,,
6804,04/18/2026 22:40:00,15.92,232.7,287.6,0.14,151.28,,,,,,
6805,04/18/2026 22:50:00,15.83,233.3,288.9,0.14,151.63,,,,,,
6806,04/18/2026 23:00:00,15.75,233.3,289.5,0.14,151.62,,,,,,
6807,04/18/2026 23:10:00,15.67,233.7,290.6,0.14,151.90,,,,,,
6808,04/18/2026 23:20:00,15.59,232.4,289.7,0.14,151.07,,,,,,
6809,04/18/2026 23:30:00,15.52,233.9,292.0,0.14,152.03,,,,,,
6810,04/18/2026 23:40:00,15.44,233.2,291.7,0.14,151.57,,,,,,
6811,04/18/2026 23:50:00,15.37,234.5,293.9,0.14,152.41,,,,,,
6812,04/19/2026 00:00:00,15.30,234.5,294.5,0.14,152.44,,,,,,
6813,04/19/2026 00:10:00,15.23,234.9,295.5,0.14,152.69,,,,,,
6814,04/19/2026 00:20:00,15.16,235.1,296.3,0.14,152.80,,,,,,
6815,04/19/2026 00:30:00,15.10,235.4,297.2,0.14,153.00,,,,,,
6816,04/19/2026 00:40:00,15.03,235.5,297.9,0.14,153.06,,,,,,
6817,04/19/2026 00:50:00,14.96,235.5,298.5,0.14,153.08,,,,,,
6818,04/19/2026 01:00:00,14.89,236.0,299.7,0.14,153.41,,,,,,
6819,04/19/2026 01:10:00,14.82,234.9,298.8,0.14,152.68,,,,,,
6820,04/19/2026 01:20:00,14.75,235.7,300.3,0.14,153.17,,,,,,
6821,04/19/2026 01:30:00,14.68,235.9,301.1,0.14,153.32,,,,,,
6822,04/19/2026 01:40:00,14.61,235.8,301.5,0.14,153.24,,,,,,
6823,04/19/2026 01:50:00,14.55,237.2,304.0,0.14,154.21,,,,,,
6824,04/19/2026 02:00:00,14.47,235.1,301.9,0.14,152.83,,,,,,
6825,04/19/2026 02:10:00,14.41,234.3,301.3,0.14,152.28,,,,,,
6826,04/19/2026 02:20:00,14.35,232.2,299.1,0.14,150.95,,,,,,
6827,04/19/2026 02:30:00,14.29,234.0,301.9,0.14,152.09,,,,,,
6828,04/19/2026 02:40:00,14.23,234.8,303.4,0.14,152.63,,,,,,
6829,04/19/2026 02:50:00,14.17,234.5,303.5,0.14,152.42,,,,,,
6830,04/19/2026 03:00:00,14.11,234.0,303.4,0.14,152.13,,,,,,
6831,04/19/2026 03:10:00,14.05,233.1,302.7,0.14,151.52,,,,,,
6832,04/19/2026 03:20:00,13.99,234.0,304.3,0.14,152.10,,,,,,
6833,04/19/2026 03:30:00,13.93,234.4,305.4,0.14,152.37,,,,,,
6834,04/19/2026 03:40:00,13.88,233.9,305.2,0.14,152.06,,,,,,
6835,04/19/2026 03:50:00,13.82,234.0,305.8,0.14,152.09,,,,,,
6836,04/19/2026 04:00:00,13.77,235.2,307.7,0.14,152.87,,,,,,
6837,04/19/2026 04:10:00,13.73,236.7,310.1,0.15,153.83,,,,,,
6838,04/19/2026 04:20:00,13.69,236.9,310.7,0.15,153.95,,,,,,
6839,04/19/2026 04:30:00,13.63,236.1,310.2,0.15,153.46,,,,,,
6840,04/19/2026 04:40:00,13.58,234.9,309.1,0.14,152.71,,,,,,
6841,04/19/2026 04:50:00,13.53,234.8,309.2,0.14,152.60,,,,,,
6842,04/19/2026 05:00:00,13.48,234.5,309.3,0.14,152.42,,,,,,
6843,04/19/2026 05:10:00,13.43,233.2,308.1,0.14,151.58,,,,,,
6844,04/19/2026 05:20:00,13.38,233.5,308.8,0.14,151.75,,,,,,
6845,04/19/2026 05:30:00,13.35,233.4,309.0,0.14,151.72,,,,,,
6846,04/19/2026 05:40:00,13.30,233.1,309.1,0.14,151.55,,,,,,
6847,04/19/2026 05:50:00,13.25,232.9,309.2,0.14,151.41,,,,,,
6848,04/19/2026 06:00:00,13.20,232.5,309.0,0.14,151.11,,,,,,
6849,04/19/2026 06:10:00,13.16,231.6,308.3,0.14,150.55,,,,,,
6850,04/19/2026 06:20:00,13.11,232.8,310.3,0.14,151.34,,,,,,
6851,04/19/2026 06:30:00,13.07,232.8,310.7,0.15,151.33,,,,,,
6852,04/19/2026 06:40:00,13.02,232.3,310.4,0.14,150.98,,,,,,
6853,04/19/2026 06:50:00,12.98,231.8,310.2,0.14,150.69,,,,,,
6854,04/19/2026 07:00:00,12.93,232.4,311.3,0.15,151.04,,,,,,
6855,04/19/2026 07:10:00,12.89,232.9,312.3,0.15,151.37,,,,,,
6856,04/19/2026 07:20:00,12.86,233.0,312.8,0.15,151.48,,,,,,
6857,04/19/2026 07:30:00,12.82,232.8,312.8,0.15,151.33,,,,,,
6858,04/19/2026 07:40:00,12.80,233.2,313.5,0.15,151.58,,,,,,
6859,04/19/2026 07:50:00,12.78,233.4,314.0,0.15,151.74,,,,,,
6860,04/19/2026 08:00:00,12.79,232.3,312.4,0.15,150.97,,,,,,
6861,04/19/2026 08:10:00,12.83,233.8,314.0,0.15,151.98,,,,,,
6862,04/19/2026 08:20:00,12.89,233.1,312.6,0.15,151.51,,,,,,
6863,04/19/2026 08:30:00,12.95,234.6,314.1,0.15,152.48,,,,,,
6864,04/19/2026 08:40:00,13.03,234.7,313.5,0.15,152.55,,,,,,
6865,04/19/2026 08:50:00,13.12,234.8,312.8,0.15,152.62,,,,,,
6866,04/19/2026 09:00:00,13.25,235.7,312.9,0.15,153.19,,,,,,
6867,04/19/2026 09:10:00,13.40,236.1,312.1,0.15,153.46,,,,,,
6868,04/19/2026 09:20:00,13.60,237.1,311.7,0.15,154.13,,,,,,
6869,04/19/2026 09:30:00,13.84,238.6,311.7,0.15,155.12,,,,,,
6870,04/19/2026 09:40:00,14.12,239.5,310.4,0.15,155.67,,,,,,
6871,04/19/2026 09:50:00,14.41,241.5,310.6,0.15,157.00,,,,,,
6872,04/19/2026 10:00:00,14.73,242.2,308.8,0.15,157.43,,,,,,
6873,04/19/2026 10:10:00,15.08,244.6,308.9,0.15,158.97,,,,,,
6874,04/19/2026 10:20:00,15.41,245.4,307.2,0.14,159.48,,,,,,
6875,04/19/2026 10:30:00,15.77,247.3,306.8,0.14,160.77,,,,,,
6876,04/19/2026 10:40:00,16.13,249.0,306.0,0.14,161.85,,,,,,
6877,04/19/2026 10:50:00,16.50,250.1,304.4,0.14,162.56,,,,,,
6878,04/19/2026 11:00:00,16.91,253.0,304.8,0.14,164.46,,,,,,
6879,04/19/2026 11:10:00,17.32,255.3,304.3,0.14,165.93,,,,,,
6880,04/19/2026 11:20:00,17.73,256.8,303.0,0.14,166.89,,,,,,
6881,04/19/2026 11:30:00,18.17,258.8,302.1,0.14,168.21,,,,,,
6882,04/19/2026 11:40:00,18.60,261.0,301.4,0.14,169.62,,,,,,
6883,04/19/2026 11:50:00,19.07,262.7,300.0,0.14,170.73,,,,,,
6884,04/19/2026 12:00:00,19.48,262.9,297.3,0.14,170.88,,,,,,
6885,04/19/2026 12:10:00,19.93,266.9,298.7,0.14,173.48,,,,,,
6886,04/19/2026 12:20:00,20.38,267.2,295.9,0.14,173.68,,,,,,
6887,04/19/2026 12:30:00,20.83,267.9,293.6,0.14,174.13,,,,,,
6888,04/19/2026 12:40:00,21.28,270.5,293.5,0.14,175.84,,,,,,
6889,04/19/2026 12:50:00,21.73,272.2,292.3,0.14,176.95,,,,,,
6890,04/19/2026 13:00:00,22.14,273.3,290.7,0.14,177.62,,,,,,
6891,04/19/2026 13:10:00,22.59,274.0,288.6,0.14,178.09,,,,,,
6892,04/19/2026 13:20:00,23.00,270.9,282.8,0.14,176.08,,,,,,
6893,04/19/2026 13:30:00,23.34,272.5,282.3,0.14,177.10,,,,,,
6894,04/19/2026 13:40:00,23.70,270.5,278.1,0.13,175.82,,,,,,
6895,04/19/2026 13:50:00,24.01,271.2,276.9,0.13,176.26,,,,,,
6896,04/19/2026 14:00:00,24.33,270.9,274.7,0.13,176.07,,,,,,
6897,04/19/2026 14:10:00,24.63,267.3,269.4,0.13,173.77,,,,,,
6898,04/19/2026 14:20:00,24.91,264.9,265.4,0.13,172.16,,,,,,
6899,04/19/2026 14:30:00,25.18,263.4,262.4,0.13,171.20,,,,,,
6900,04/19/2026 14:40:00,25.39,263.2,261.0,0.13,171.05,,,,,,
6901,04/19/2026 14:50:00,25.61,260.3,257.0,0.12,169.22,,,,,,
6902,04/19/2026 15:00:00,25.79,256.0,251.8,0.12,166.39,,,,,,
6903,04/19/2026 15:10:00,25.93,258.2,253.2,0.12,167.80,,,,,,
6904,04/19/2026 15:20:00,26.06,254.5,249.0,0.12,165.44,,,,,,
6905,04/19/2026 15:30:00,26.15,252.5,246.6,0.12,164.13,,,,,,
6906,04/19/2026 15:40:00,26.19,250.2,244.1,0.12,162.61,,,,,,
6907,04/19/2026 15:50:00,26.18,249.2,243.1,0.12,161.95,,,,,,
6908,04/19/2026 16:00:00,26.14,244.8,239.1,0.12,159.13,,,,,,
6909,04/19/2026 16:10:00,26.08,243.8,238.4,0.12,158.48,,,,,,
6910,04/19/2026 16:20:00,25.99,242.5,237.6,0.12,157.64,,,,,,
6911,04/19/2026 16:30:00,25.86,240.4,236.1,0.11,156.27,,,,,,
6912,04/19/2026 16:40:00,25.70,241.6,238.1,0.12,157.05,,,,,,
6913,04/19/2026 16:50:00,25.51,235.5,233.0,0.11,153.05,,,,,,
6914,04/19/2026 17:00:00,25.34,237.0,235.3,0.11,154.04,,,,,,
6915,04/19/2026 17:10:00,25.13,235.8,235.1,0.11,153.24,,,,,,
6916,04/19/2026 17:20:00,24.94,231.7,231.9,0.11,150.58,,,,,,
6917,04/19/2026 17:30:00,24.72,225.1,226.5,0.11,146.34,,,,,,
6918,04/19/2026 17:40:00,24.51,224.0,226.3,0.11,145.59,,,,,,
6919,04/19/2026 17:50:00,24.29,223.1,226.5,0.11,145.04,,,,,,
6920,04/19/2026 18:00:00,24.08,223.2,227.6,0.11,145.10,,,,,,
6921,04/19/2026 18:10:00,23.82,222.2,227.9,0.11,144.44,,,,,,
6922,04/19/2026 18:20:00,23.60,220.5,227.2,0.11,143.30,,,,,,
6923,04/19/2026 18:30:00,23.31,219.7,227.8,0.11,142.80,,,,,,
6924,04/19/2026 18:40:00,23.06,218.9,228.2,0.11,142.29,,,,,,
6925,04/19/2026 18:50:00,22.80,217.6,228.2,0.11,141.46,,,,,,
6926,04/19/2026 19:00:00,22.52,216.2,228.1,0.11,140.53,,,,,,
6927,04/19/2026 19:10:00,22.23,215.3,228.6,0.11,139.94,,,,,,
6928,04/19/2026 19:20:00,21.94,214.1,228.8,0.11,139.19,,,,,,
6929,04/19/2026 19:30:00,21.69,213.7,229.7,0.11,138.92,,,,,,
6930,04/19/2026 19:40:00,21.43,213.4,230.7,0.11,138.68,,,,,,
6931,04/19/2026 19:50:00,21.16,213.3,232.0,0.11,138.63,,,,,,
6932,04/19/2026 20:00:00,20.92,207.4,226.9,0.11,134.83,,,,,,
6933,04/19/2026 20:10:00,20.70,213.6,234.8,0.11,138.83,,,,,,
6934,04/19/2026 20:20:00,20.47,213.9,236.4,0.11,139.06,,,,,,
6935,04/19/2026 20:30:00,20.24,207.5,230.5,0.11,134.87,,,,,,
6936,04/19/2026 20:40:00,20.02,213.8,238.7,0.11,138.94,,,,,,
6937,04/19/2026 20:50:00,19.80,214.2,240.4,0.12,139.20,,,,,,
6938,04/19/2026 21:00:00,19.60,216.9,244.7,0.12,141.00,,,,,,
6939,04/19/2026 21:10:00,19.41,217.8,246.8,0.12,141.60,,,,,,
6940,04/19/2026 21:20:00,19.21,219.6,250.0,0.12,142.73,,,,,,
6941,04/19/2026 21:30:00,19.03,221.0,252.6,0.12,143.63,,,,,,
6942,04/19/2026 21:40:00,18.87,222.2,255.0,0.12,144.42,,,,,,
6943,04/19/2026 21:50:00,18.70,224.1,258.3,0.12,145.66,,,,,,
6944,04/19/2026 22:00:00,18.55,225.9,261.3,0.12,146.81,,,,,,
6945,04/19/2026 22:10:00,18.39,227.6,264.3,0.13,147.93,,,,,,
6946,04/19/2026 22:20:00,18.24,228.8,266.7,0.13,148.75,,,,,,
6947,04/19/2026 22:30:00,18.12,230.1,269.0,0.13,149.57,,,,,,
6948,04/19/2026 22:40:00,17.98,231.3,271.3,0.13,150.31,,,,,,
6949,04/19/2026 22:50:00,17.82,232.3,273.6,0.13,151.02,,,,,,
6950,04/19/2026 23:00:00,17.70,233.3,275.6,0.13,151.67,,,,,,
6951,04/19/2026 23:10:00,17.56,234.5,277.9,0.13,152.44,,,,,,
6952,04/19/2026 23:20:00,17.44,235.8,280.3,0.13,153.28,,,,,,
6953,04/19/2026 23:30:00,17.31,236.7,282.3,0.13,153.86,,,,,,
6954,04/19/2026 23:40:00,17.19,238.2,285.0,0.14,154.86,,,,,,
6955,04/19/2026 23:50:00,17.07,239.8,287.7,0.14,155.87,,,,,,
6956,04/20/2026 00:00:00,16.97,241.1,290.0,0.14,156.71,,,,,,
6957,04/20/2026 00:10:00,16.85,242.6,292.7,0.14,157.68,,,,,,
6958,04/20/2026 00:20:00,16.73,243.6,294.9,0.14,158.37,,,,,,
6959,04/20/2026 00:30:00,16.64,244.6,296.7,0.14,158.98,,,,,,
6960,04/20/2026 00:40:00,16.53,245.5,298.6,0.14,159.56,,,,,,
6961,04/20/2026 00:50:00,16.43,246.2,300.3,0.14,160.03,,,,,,
6962,04/20/2026 01:00:00,16.33,247.2,302.2,0.14,160.68,,,,,,
6963,04/20/2026 01:10:00,16.23,247.3,303.2,0.14,160.77,,,,,,
6964,04/20/2026 01:20:00,16.15,248.3,305.0,0.14,161.40,,,,,,
6965,04/20/2026 01:30:00,16.06,248.8,306.4,0.14,161.75,,,,,,
6966,04/20/2026 01:40:00,16.00,249.5,307.6,0.15,162.16,,,,,,
6967,04/20/2026 01:50:00,15.90,250.3,309.5,0.15,162.72,,,,,,
6968,04/20/2026 02:00:00,15.82,250.9,310.8,0.15,163.08,,,,,,
6969,04/20/2026 02:10:00,15.73,251.3,312.0,0.15,163.32,,,,,,
6970,04/20/2026 02:20:00,15.66,251.5,312.9,0.15,163.50,,,,,,
6971,04/20/2026 02:30:00,15.58,251.9,314.0,0.15,163.72,,,,,,
6972,04/20/2026 02:40:00,15.51,252.0,314.8,0.15,163.82,,,,,,
6973,04/20/2026 02:50:00,15.43,252.4,315.9,0.15,164.07,,,,,,
6974,04/20/2026 03:00:00,15.36,252.4,316.6,0.15,164.09,,,,,,
6975,04/20/2026 03:10:00,15.30,252.6,317.3,0.15,164.21,,,,,,
6976,04/20/2026 03:20:00,15.23,252.8,318.1,0.15,164.34,,,,,,
6977,04/20/2026 03:30:00,15.16,252.8,318.7,0.15,164.34,,,,,,
6978,04/20/2026 03:40:00,15.10,252.9,319.3,0.15,164.41,,,,,,
6979,04/20/2026 03:50:00,15.05,253.6,320.5,0.15,164.82,,,,,,
6980,04/20/2026 04:00:00,15.00,253.8,321.3,0.15,164.96,,,,,,
6981,04/20/2026 04:10:00,14.95,253.9,321.9,0.15,165.05,,,,,,
6982,04/20/2026 04:20:00,14.89,254.5,323.0,0.15,165.40,,,,,,
6983,04/20/2026 04:30:00,14.85,254.5,323.5,0.15,165.44,,,,,,
6984,04/20/2026 04:40:00,14.81,254.9,324.3,0.15,165.70,,,,,,
6985,04/20/2026 04:50:00,14.77,255.3,325.2,0.15,165.94,,,,,,
6986,04/20/2026 05:00:00,14.72,255.8,326.1,0.15,166.25,,,,,,
6987,04/20/2026 05:10:00,14.68,256.2,327.1,0.15,166.56,,,,,,
6988,04/20/2026 05:20:00,14.64,256.6,327.9,0.15,166.77,,,,,,
6989,04/20/2026 05:30:00,14.61,256.4,328.0,0.15,166.67,,,,,,
6990,04/20/2026 05:40:00,14.57,256.9,328.9,0.15,166.98,,,,,,
6991,04/20/2026 05:50:00,14.55,257.3,329.6,0.15,167.21,,,,,,
6992,04/20/2026 06:00:00,14.52,258.3,331.2,0.16,167.90,,,,,,
6993,04/20/2026 06:10:00,14.49,258.8,332.2,0.16,168.23,,,,,,
6994,04/20/2026 06:20:00,14.46,259.3,333.0,0.16,168.52,,,,,,
6995,04/20/2026 06:30:00,14.43,259.8,333.9,0.16,168.86,,,,,,
6996,04/20/2026 06:40:00,14.40,260.0,334.4,0.16,168.97,,,,,,
6997,04/20/2026 06:50:00,14.37,260.1,334.9,0.16,169.09,,,,,,
6998,04/20/2026 07:00:00,14.35,260.5,335.5,0.16,169.31,,,,,,
6999,04/20/2026 07:10:00,14.32,260.8,336.2,0.16,169.52,,,,,,
7000,04/20/2026 07:20:00,14.31,261.0,336.5,0.16,169.63,,,,,,
7001,04/20/2026 07:30:00,14.30,261.6,337.5,0.16,170.06,,,,,,
7002,04/20/2026 07:40:00,14.29,262.2,338.2,0.16,170.40,,,,,,
7003,04/20/2026 07:50:00,14.29,262.4,338.4,0.16,170.53,,,,,,
7004,04/20/2026 08:00:00,14.31,262.8,338.9,0.16,170.82,,,,,,
7005,04/20/2026 08:10:00,14.32,263.5,339.6,0.16,171.25,,,,,,
7006,04/20/2026 08:20:00,14.35,264.2,340.3,0.16,171.74,,,,,,
7007,04/20/2026 08:30:00,14.39,264.7,340.6,0.16,172.07,,,,,,
7008,04/20/2026 08:40:00,14.47,265.8,341.2,0.16,172.77,,,,,,
7009,04/20/2026 08:50:00,14.61,267.0,341.5,0.16,173.53,,,,,,
7010,04/20/2026 09:00:00,14.70,267.9,341.8,0.16,174.15,,,,,,
7011,04/20/2026 09:10:00,14.80,268.4,341.6,0.16,174.46,,,,,,
7012,04/20/2026 09:20:00,14.90,268.8,341.2,0.16,174.73,,,,,,
7013,04/20/2026 09:30:00,14.97,269.5,341.3,0.16,175.14,,,,,,
7014,04/20/2026 09:40:00,15.07,269.9,341.0,0.16,175.42,,,,,,
7015,04/20/2026 09:50:00,15.21,270.5,340.5,0.16,175.86,,,,,,
7016,04/20/2026 10:00:00,15.39,271.4,340.0,0.16,176.40,,,,,,
7017,04/20/2026 10:10:00,15.56,272.4,339.7,0.16,177.04,,,,,,
7018,04/20/2026 10:20:00,15.78,273.8,339.6,0.16,178.00,,,,,,
7019,04/20/2026 10:30:00,16.03,274.5,338.3,0.16,178.45,,,,,,
7020,04/20/2026 10:40:00,16.34,276.1,337.4,0.16,179.45,,,,,,
7021,04/20/2026 10:50:00,16.62,276.7,335.7,0.16,179.82,,,,,,
7022,04/20/2026 11:00:00,16.80,277.4,335.1,0.16,180.30,,,,,,
7023,04/20/2026 11:10:00,17.08,278.4,333.9,0.16,180.98,,,,,,
7024,04/20/2026 11:20:00,17.43,279.8,332.7,0.16,181.88,,,,,,
7025,04/20/2026 11:30:00,17.69,280.9,331.8,0.16,182.60,,,,,,
7026,04/20/2026 11:40:00,18.03,283.0,331.5,0.16,183.92,,,,,,
7027,04/20/2026 11:50:00,18.36,284.8,331.0,0.16,185.11,,,,,,
7028,04/20/2026 12:00:00,18.73,285.6,329.0,0.16,185.67,,,,,,
7029,04/20/2026 12:10:00,19.12,286.6,326.9,0.16,186.26,,,,,,
7030,04/20/2026 12:20:00,19.53,288.0,325.4,0.16,187.22,,,,,,
7031,04/20/2026 12:30:00,19.97,290.0,324.2,0.16,188.51,,,,,,
7032,04/20/2026 12:40:00,20.39,291.8,323.1,0.15,189.70,,,,,,
7033,04/20/2026 12:50:00,20.84,293.6,321.7,0.15,190.83,,,,,,
7034,04/20/2026 13:00:00,21.26,295.1,320.3,0.15,191.81,,,,,,
7035,04/20/2026 13:10:00,21.68,296.6,318.9,0.15,192.82,,,,,,
7036,04/20/2026 13:20:00,22.10,298.0,317.4,0.15,193.73,,,,,,
7037,04/20/2026 13:30:00,22.52,300.3,316.8,0.15,195.20,,,,,,
7038,04/20/2026 13:40:00,22.96,300.4,313.8,0.15,195.26,,,,,,
7039,04/20/2026 13:50:00,23.34,301.2,312.1,0.15,195.78,,,,,,
7040,04/20/2026 14:00:00,23.76,301.9,310.0,0.15,196.25,,,,,,
7041,04/20/2026 14:10:00,24.17,302.8,308.1,0.15,196.82,,,,,,
7042,04/20/2026 14:20:00,24.58,302.3,305.0,0.15,196.48,,,,,,
7043,04/20/2026 14:30:00,24.91,299.3,299.9,0.14,194.54,,,,,,
7044,04/20/2026 14:40:00,25.13,298.4,297.6,0.14,193.96,,,,,,
7045,04/20/2026 14:50:00,25.31,295.6,293.7,0.14,192.15,,,,,,
7046,04/20/2026 15:00:00,25.43,294.7,292.1,0.14,191.58,,,,,,
7047,04/20/2026 15:10:00,25.52,291.4,288.2,0.14,189.39,,,,,,
7048,04/20/2026 15:20:00,25.53,288.2,285.0,0.14,187.31,,,,,,
7049,04/20/2026 15:30:00,25.57,286.6,283.2,0.14,186.32,,,,,,
7050,04/20/2026 15:40:00,25.56,285.0,281.7,0.14,185.27,,,,,,
7051,04/20/2026 15:50:00,25.53,281.8,278.8,0.13,183.20,,,,,,
7052,04/20/2026 16:00:00,25.46,279.5,276.8,0.13,181.65,,,,,,
7053,04/20/2026 16:10:00,25.33,277.6,275.7,0.13,180.43,,,,,,
7054,04/20/2026 16:20:00,25.21,276.1,274.8,0.13,179.44,,,,,,
7055,04/20/2026 16:30:00,25.02,273.7,273.7,0.13,177.94,,,,,,
7056,04/20/2026 16:40:00,24.79,271.8,272.9,0.13,176.64,,,,,,
7057,04/20/2026 16:50:00,24.58,269.9,272.3,0.13,175.42,,,,,,
7058,04/20/2026 17:00:00,24.32,268.0,271.9,0.13,174.20,,,,,,
7059,04/20/2026 17:10:00,24.06,266.6,272.0,0.13,173.31,,,,,,
7060,04/20/2026 17:20:00,23.85,264.9,271.4,0.13,172.17,,,,,,
7061,04/20/2026 17:30:00,23.71,261.8,269.1,0.13,170.18,,,,,,
7062,04/20/2026 17:40:00,23.48,260.2,268.8,0.13,169.16,,,,,,
7063,04/20/2026 17:50:00,23.27,258.9,268.7,0.13,168.31,,,,,,
7064,04/20/2026 18:00:00,23.09,257.5,268.3,0.13,167.38,,,,,,
7065,04/20/2026 18:10:00,22.95,254.5,266.0,0.13,165.42,,,,,,
7066,04/20/2026 18:20:00,22.81,252.1,264.2,0.13,163.87,,,,,,
7067,04/20/2026 18:30:00,22.67,248.0,260.8,0.13,161.22,,,,,,
7068,04/20/2026 18:40:00,22.51,247.3,261.0,0.13,160.77,,,,,,
7069,04/20/2026 18:50:00,22.36,246.2,260.7,0.13,160.03,,,,,,
7070,04/20/2026 19:00:00,22.17,246.3,261.9,0.13,160.10,,,,,,
7071,04/20/2026 19:10:00,22.00,244.1,260.6,0.13,158.69,,,,,,
7072,04/20/2026 19:20:00,21.81,242.5,259.9,0.12,157.61,,,,,,
7073,04/20/2026 19:30:00,21.60,241.0,259.5,0.12,156.66,,,,,,
7074,04/20/2026 19:40:00,21.40,239.4,259.0,0.12,155.61,,,,,,
7075,04/20/2026 19:50:00,21.18,239.1,259.9,0.12,155.39,,,,,,
7076,04/20/2026 20:00:00,20.96,236.2,258.1,0.12,153.52,,,,,,
7077,04/20/2026 20:10:00,20.74,234.6,257.7,0.12,152.51,,,,,,
7078,04/20/2026 20:20:00,20.53,234.0,258.2,0.12,152.07,,,,,,
7079,04/20/2026 20:30:00,20.30,233.2,258.8,0.12,151.58,,,,,,
7080,04/20/2026 20:40:00,20.07,230.0,256.6,0.12,149.51,,,,,,
7081,04/20/2026 20:50:00,19.87,230.1,257.8,0.12,149.54,,,,,,
7082,04/20/2026 21:00:00,19.69,230.4,259.3,0.12,149.77,,,,,,
7083,04/20/2026 21:10:00,19.51,231.3,261.4,0.12,150.32,,,,,,
7084,04/20/2026 21:20:00,19.33,232.4,263.8,0.13,151.04,,,,,,
7085,04/20/2026 21:30:00,19.16,233.7,266.3,0.13,151.87,,,,,,
7086,04/20/2026 21:40:00,19.01,234.8,268.6,0.13,152.64,,,,,,
7087,04/20/2026 21:50:00,18.85,236.0,271.0,0.13,153.41,,,,,,
7088,04/20/2026 22:00:00,18.71,238.9,275.2,0.13,155.27,,,,,,
7089,04/20/2026 22:10:00,18.57,239.8,277.2,0.13,155.87,,,,,,
7090,04/20/2026 22:20:00,18.44,241.0,279.6,0.13,156.68,,,,,,
7091,04/20/2026 22:30:00,18.32,243.1,282.8,0.13,158.04,,,,,,
7092,04/20/2026 22:40:00,18.22,244.2,284.7,0.14,158.71,,,,,,
7093,04/20/2026 22:50:00,18.13,245.3,286.7,0.14,159.46,,,,,,
7094,04/20/2026 23:00:00,18.07,246.7,288.7,0.14,160.36,,,,,,
7095,04/20/2026 23:10:00,18.01,248.3,291.0,0.14,161.37,,,,,,
7096,04/20/2026 23:20:00,17.94,249.5,292.9,0.14,162.17,,,,,,
7097,04/20/2026 23:30:00,17.88,250.6,294.7,0.14,162.91,,,,,,
7098,04/20/2026 23:40:00,17.83,252.0,296.7,0.14,163.81,,,,,,
7099,04/20/2026 23:50:00,17.78,253.4,298.7,0.14,164.73,,,,,,
7100,04/21/2026 00:00:00,17.72,254.4,300.3,0.14,165.38,,,,,,
7101,04/21/2026 00:10:00,17.68,256.0,302.5,0.14,166.43,,,,,,
7102,04/21/2026 00:20:00,17.65,257.4,304.3,0.14,167.29,,,,,,
7103,04/21/2026 00:30:00,17.61,258.9,306.4,0.15,168.27,,,,,,
7104,04/21/2026 00:40:00,17.57,260.2,308.3,0.15,169.15,,,,,,
7105,04/21/2026 00:50:00,17.54,261.9,310.6,0.15,170.25,,,,,,
7106,04/21/2026 01:00:00,17.51,263.1,312.2,0.15,171.03,,,,,,
7107,04/21/2026 01:10:00,17.47,264.6,314.3,0.15,172.00,,,,,,
7108,04/21/2026 01:20:00,17.46,266.6,316.7,0.15,173.27,,,,,,
7109,04/21/2026 01:30:00,17.41,268.3,319.1,0.15,174.37,,,,,,
7110,04/21/2026 01:40:00,17.38,271.1,322.8,0.15,176.24,,,,,,
7111,04/21/2026 01:50:00,17.33,273.8,326.3,0.15,177.94,,,,,,
7112,04/21/2026 02:00:00,17.30,275.3,328.5,0.16,178.97,,,,,,
7113,04/21/2026 02:10:00,17.26,277.3,331.2,0.16,180.28,,,,,,
7114,04/21/2026 02:20:00,17.23,279.3,333.8,0.16,181.54,,,,,,
7115,04/21/2026 02:30:00,17.20,280.6,335.6,0.16,182.40,,,,,,
7116,04/21/2026 02:40:00,17.15,282.4,338.1,0.16,183.58,,,,,,
7117,04/21/2026 02:50:00,17.13,283.5,339.7,0.16,184.27,,,,,,
7118,04/21/2026 03:00:00,17.09,284.9,341.6,0.16,185.16,,,,,,
7119,04/21/2026 03:10:00,17.06,286.0,343.2,0.16,185.87,,,,,,
7120,04/21/2026 03:20:00,17.04,287.9,345.7,0.16,187.11,,,,,,
7121,04/21/2026 03:30:00,17.01,288.1,346.3,0.16,187.28,,,,,,
7122,04/21/2026 03:40:00,16.97,291.0,350.0,0.17,189.14,,,,,,
7123,04/21/2026 03:50:00,16.94,289.9,349.0,0.17,188.46,,,,,,
7124,04/21/2026 04:00:00,16.91,290.5,349.9,0.17,188.84,,,,,,
7125,04/21/2026 04:10:00,16.88,293.7,354.0,0.17,190.89,,,,,,
7126,04/21/2026 04:20:00,16.86,293.3,353.8,0.17,190.65,,,,,,
7127,04/21/2026 04:30:00,16.84,294.0,354.8,0.17,191.12,,,,,,
7128,04/21/2026 04:40:00,16.81,295.4,356.8,0.17,192.02,,,,,,
7129,04/21/2026 04:50:00,16.79,296.0,357.6,0.17,192.37,,,,,,
7130,04/21/2026 05:00:00,16.77,297.0,359.1,0.17,193.06,,,,,,
7131,04/21/2026 05:10:00,16.74,297.8,360.3,0.17,193.56,,,,,,
7132,04/21/2026 05:20:00,16.72,298.5,361.4,0.17,194.05,,,,,,
7133,04/21/2026 05:30:00,16.70,299.0,362.2,0.17,194.37,,,,,,
7134,04/21/2026 05:40:00,16.67,299.2,362.6,0.17,194.46,,,,,,
7135,04/21/2026 05:50:00,16.65,299.4,363.0,0.17,194.58,,,,,,
7136,04/21/2026 06:00:00,16.64,299.7,363.5,0.17,194.77,,,,,,
7137,04/21/2026 06:10:00,16.63,299.6,363.5,0.17,194.77,,,,,,
7138,04/21/2026 06:20:00,16.63,298.9,362.6,0.17,194.28,,,,,,
7139,04/21/2026 06:30:00,16.64,298.6,362.2,0.17,194.07,,,,,,
7140,04/21/2026 06:40:00,16.64,298.2,361.6,0.17,193.80,,,,,,
7141,04/21/2026 06:50:00,16.65,298.7,362.2,0.17,194.14,,,,,,
7142,04/21/2026 07:00:00,16.66,298.4,361.7,0.17,193.96,,,,,,
7143,04/21/2026 07:10:00,16.66,298.8,362.3,0.17,194.25,,,,,,
7144,04/21/2026 07:20:00,16.67,298.9,362.3,0.17,194.30,,,,,,
7145,04/21/2026 07:30:00,16.68,298.4,361.5,0.17,193.94,,,,,,
7146,04/21/2026 07:40:00,16.69,297.8,360.7,0.17,193.58,,,,,,
7147,04/21/2026 07:50:00,16.71,297.7,360.5,0.17,193.49,,,,,,
7148,04/21/2026 08:00:00,16.72,298.0,360.8,0.17,193.71,,,,,,
7149,04/21/2026 08:10:00,16.72,298.5,361.3,0.17,194.01,,,,,,
7150,04/21/2026 08:20:00,16.72,298.3,361.1,0.17,193.89,,,,,,
7151,04/21/2026 08:30:00,16.71,298.3,361.1,0.17,193.89,,,,,,
7152,04/21/2026 08:40:00,16.71,298.0,360.9,0.17,193.71,,,,,,
7153,04/21/2026 08:50:00,16.69,299.0,362.2,0.17,194.36,,,,,,
7154,04/21/2026 09:00:00,16.68,300.0,363.5,0.17,195.00,,,,,,
7155,04/21/2026 09:10:00,16.68,301.8,365.7,0.17,196.18,,,,,,
7156,04/21/2026 09:20:00,16.72,293.5,355.4,0.17,190.80,,,,,,
7157,04/21/2026 09:30:00,16.88,229.8,277.1,0.13,149.37,,,,,,
7158,04/21/2026 09:40:00,17.08,173.8,208.5,0.10,112.99,,,,,,
7159,04/21/2026 09:50:00,17.13,130.1,155.9,0.07,84.59,,,,,,
7160,04/21/2026 10:00:00,17.00,122.6,147.3,0.07,79.67,,,,,,
7161,04/21/2026 10:10:00,17.00,107.2,128.9,0.06,69.69,,,,,,
7162,04/21/2026 10:20:00,16.99,95.2,114.5,0.06,61.91,,,,,,
7163,04/21/2026 10:30:00,16.95,93.3,112.3,0.05,60.64,,,,,,
7164,04/21/2026 10:40:00,16.96,92.4,111.2,0.05,60.09,,,,,,
7165,04/21/2026 10:50:00,16.97,83.1,100.0,0.05,54.03,,,,,,
7166,04/21/2026 11:00:00,16.95,80.3,96.6,0.05,52.18,,,,,,
7167,04/21/2026 11:10:00,16.92,84.7,102.0,0.05,55.03,,,,,,
7168,04/21/2026 11:20:00,16.90,90.3,108.8,0.05,58.71,,,,,,
7169,04/21/2026 11:30:00,16.90,95.2,114.8,0.06,61.90,,,,,,
7170,04/21/2026 11:40:00,16.93,94.2,113.5,0.06,61.25,,,,,,
7171,04/21/2026 11:50:00,16.96,90.5,108.9,0.05,58.84,,,,,,
7172,04/21/2026 12:00:00,16.97,89.3,107.4,0.05,58.03,,,,,,
7173,04/21/2026 12:10:00,16.99,87.0,104.6,0.05,56.53,,,,,,
7174,04/21/2026 12:20:00,17.03,84.6,101.7,0.05,55.02,,,,,,
7175,04/21/2026 12:30:00,17.07,82.6,99.1,0.05,53.68,,,,,,
7176,04/21/2026 12:40:00,17.11,82.0,98.3,0.05,53.31,,,,,,
7177,04/21/2026 12:50:00,17.13,82.7,99.0,0.05,53.74,,,,,,
7178,04/21/2026 13:00:00,17.17,84.2,100.7,0.05,54.71,,,,,,
7179,04/21/2026 13:10:00,17.21,86.5,103.4,0.05,56.21,,,,,,
7180,04/21/2026 13:20:00,17.28,89.9,107.3,0.05,58.43,,,,,,
7181,04/21/2026 13:30:00,17.35,93.9,111.8,0.05,61.02,,,,,,
7182,04/21/2026 13:40:00,17.41,98.1,116.7,0.06,63.79,,,,,,
7183,04/21/2026 13:50:00,17.47,101.5,120.6,0.06,65.97,,,,,,
7184,04/21/2026 14:00:00,17.53,104.9,124.4,0.06,68.20,,,,,,
7185,04/21/2026 14:10:00,17.58,109.8,130.1,0.06,71.40,,,,,,
7186,04/21/2026 14:20:00,17.64,112.2,132.7,0.06,72.92,,,,,,
7187,04/21/2026 14:30:00,17.71,115.8,136.8,0.07,75.29,,,,,,
7188,04/21/2026 14:40:00,17.77,120.2,141.7,0.07,78.11,,,,,,
7189,04/21/2026 14:50:00,17.82,123.7,145.6,0.07,80.38,,,,,,
7190,04/21/2026 15:00:00,17.87,125.9,148.1,0.07,81.85,,,,,,
7191,04/21/2026 15:10:00,17.93,128.7,151.1,0.07,83.62,,,,,,
7192,04/21/2026 15:20:00,17.96,130.2,152.8,0.07,84.65,,,,,,
7193,04/21/2026 15:30:00,17.99,132.0,154.7,0.07,85.77,,,,,,
7194,04/21/2026 15:40:00,18.01,132.7,155.5,0.07,86.24,,,,,,
7195,04/21/2026 15:50:00,18.02,133.9,156.9,0.08,87.02,,,,,,
7196,04/21/2026 16:00:00,18.03,135.7,159.0,0.08,88.21,,,,,,
7197,04/21/2026 16:10:00,18.04,137.2,160.7,0.08,89.20,,,,,,
7198,04/21/2026 16:20:00,18.05,140.8,164.9,0.08,91.53,,,,,,
7199,04/21/2026 16:30:00,18.05,144.5,169.2,0.08,93.92,,,,,,
7200,04/21/2026 16:40:00,18.06,148.0,173.3,0.08,96.23,,,,,,
7201,04/21/2026 16:50:00,18.07,152.3,178.3,0.09,99.03,,,,,,
7202,04/21/2026 17:00:00,18.09,156.3,182.9,0.09,101.63,,,,,,
7203,04/21/2026 17:10:00,18.10,160.2,187.4,0.09,104.16,,,,,,
7204,04/21/2026 17:20:00,18.11,164.4,192.2,0.09,106.86,,,,,,
7205,04/21/2026 17:30:00,18.12,168.4,196.8,0.09,109.43,,,,,,
7206,04/21/2026 17:40:00,18.12,173.3,202.6,0.10,112.65,,,,,,
7207,04/21/2026 17:50:00,18.12,177.9,207.9,0.10,115.64,,,,,,
7208,04/21/2026 18:00:00,18.12,182.2,213.0,0.10,118.43,,,,,,
7209,04/21/2026 18:10:00,18.11,185.0,216.3,0.10,120.28,,,,,,
7210,04/21/2026 18:20:00,18.10,189.7,221.9,0.11,123.34,,,,,,
7211,04/21/2026 18:30:00,18.08,193.9,226.9,0.11,126.02,,,,,,
7212,04/21/2026 18:40:00,18.06,197.6,231.3,0.11,128.41,,,,,,
7213,04/21/2026 18:50:00,18.03,201.5,236.1,0.11,130.97,,,,,,
7214,04/21/2026 19:00:00,18.00,203.9,239.0,0.11,132.54,,,,,,
7215,04/21/2026 19:10:00,17.98,206.5,242.2,0.12,134.21,,,,,,
7216,04/21/2026 19:20:00,17.96,208.5,244.7,0.12,135.54,,,,,,
7217,04/21/2026 19:30:00,17.94,210.3,246.9,0.12,136.69,,,,,,
7218,04/21/2026 19:40:00,17.91,212.4,249.6,0.12,138.06,,,,,,
7219,04/21/2026 19:50:00,17.88,214.3,251.9,0.12,139.27,,,,,,
7220,04/21/2026 20:00:00,17.85,215.8,253.9,0.12,140.29,,,,,,
7221,04/21/2026 20:10:00,17.82,215.0,253.2,0.12,139.77,,,,,,
7222,04/21/2026 20:20:00,17.79,215.1,253.5,0.12,139.84,,,,,,
7223,04/21/2026 20:30:00,17.77,217.4,256.4,0.12,141.32,,,,,,
7224,04/21/2026 20:40:00,17.74,219.3,258.7,0.12,142.53,,,,,,
7225,04/21/2026 20:50:00,17.72,220.0,259.7,0.12,142.98,,,,,,
7226,04/21/2026 21:00:00,17.70,221.5,261.6,0.12,143.96,,,,,,
7227,04/21/2026 21:10:00,17.68,222.9,263.4,0.13,144.86,,,,,,
7228,04/21/2026 21:20:00,17.65,223.5,264.3,0.13,145.29,,,,,,
7229,04/21/2026 21:30:00,17.63,224.6,265.7,0.13,145.97,,,,,,
7230,04/21/2026 21:40:00,17.61,225.5,266.9,0.13,146.58,,,,,,
7231,04/21/2026 21:50:00,17.59,226.2,267.8,0.13,147.00,,,,,,
7232,04/21/2026 22:00:00,17.58,227.2,269.1,0.13,147.67,,,,,,
7233,04/21/2026 22:10:00,17.57,228.1,270.2,0.13,148.24,,,,,,
7234,04/21/2026 22:20:00,17.55,229.3,271.8,0.13,149.04,,,,,,
7235,04/21/2026 22:30:00,17.54,229.8,272.4,0.13,149.34,,,,,,
7236,04/21/2026 22:40:00,17.52,229.4,272.2,0.13,149.13,,,,,,
7237,04/21/2026 22:50:00,17.51,229.6,272.4,0.13,149.24,,,,,,
7238,04/21/2026 23:00:00,17.50,230.2,273.3,0.13,149.64,,,,,,
7239,04/21/2026 23:10:00,17.49,230.5,273.7,0.13,149.83,,,,,,
7240,04/21/2026 23:20:00,17.47,231.7,275.2,0.13,150.62,,,,,,
7241,04/21/2026 23:30:00,17.46,231.6,275.1,0.13,150.52,,,,,,
7242,04/21/2026 23:40:00,17.45,230.8,274.4,0.13,150.05,,,,,,
7243,04/21/2026 23:50:00,17.44,231.4,275.1,0.13,150.43,,,,,,
7244,04/22/2026 00:00:00,17.44,232.1,275.9,0.13,150.87,,,,,,
7245,04/22/2026 00:10:00,17.43,232.1,276.0,0.13,150.89,,,,,,
7246,04/22/2026 00:20:00,17.43,232.5,276.4,0.13,151.11,,,,,,
7247,04/22/2026 00:30:00,17.42,233.0,277.1,0.13,151.48,,,,,,
7248,04/22/2026 00:40:00,17.43,233.5,277.7,0.13,151.77,,,,,,
7249,04/22/2026 00:50:00,17.43,233.9,278.1,0.13,152.00,,,,,,
7250,04/22/2026 01:00:00,17.42,234.6,279.0,0.13,152.49,,,,,,
7251,04/22/2026 01:10:00,17.42,235.1,279.6,0.13,152.82,,,,,,
7252,04/22/2026 01:20:00,17.42,235.5,280.2,0.13,153.10,,,,,,
7253,04/22/2026 01:30:00,17.41,235.9,280.6,0.13,153.31,,,,,,
7254,04/22/2026 01:40:00,17.41,236.3,281.1,0.13,153.59,,,,,,
7255,04/22/2026 01:50:00,17.42,237.0,281.9,0.13,154.03,,,,,,
7256,04/22/2026 02:00:00,17.42,237.1,282.0,0.13,154.13,,,,,,
7257,04/22/2026 02:10:00,17.42,235.9,280.6,0.13,153.33,,,,,,
7258,04/22/2026 02:20:00,17.41,238.0,283.1,0.13,154.69,,,,,,
7259,04/22/2026 02:30:00,17.41,239.5,284.9,0.14,155.69,,,,,,
7260,04/22/2026 02:40:00,17.41,238.3,283.5,0.13,154.90,,,,,,
7261,04/22/2026 02:50:00,17.41,238.5,283.7,0.13,155.02,,,,,,
7262,04/22/2026 03:00:00,17.40,240.5,286.2,0.14,156.35,,,,,,
7263,04/22/2026 03:10:00,17.40,240.7,286.4,0.14,156.48,,,,,,
7264,04/22/2026 03:20:00,17.40,241.1,286.9,0.14,156.70,,,,,,
7265,04/22/2026 03:30:00,17.40,241.5,287.3,0.14,156.96,,,,,,
7266,04/22/2026 03:40:00,17.40,241.2,287.0,0.14,156.77,,,,,,
7267,04/22/2026 03:50:00,17.40,241.6,287.5,0.14,157.06,,,,,,
7268,04/22/2026 04:00:00,17.40,241.9,287.8,0.14,157.21,,,,,,
7269,04/22/2026 04:10:00,17.40,241.7,287.6,0.14,157.13,,,,,,
7270,04/22/2026 04:20:00,17.41,242.0,287.9,0.14,157.31,,,,,,
7271,04/22/2026 04:30:00,17.40,242.4,288.4,0.14,157.54,,,,,,
7272,04/22/2026 04:40:00,17.40,243.0,289.1,0.14,157.97,,,,,,
7273,04/22/2026 04:50:00,17.40,243.7,290.0,0.14,158.43,,,,,,
7274,04/22/2026 05:00:00,17.40,244.9,291.4,0.14,159.17,,,,,,
7275,04/22/2026 05:10:00,17.40,244.7,291.2,0.14,159.08,,,,,,
7276,04/22/2026 05:20:00,17.40,245.0,291.5,0.14,159.22,,,,,,
7277,04/22/2026 05:30:00,17.40,245.1,291.6,0.14,159.30,,,,,,
7278,04/22/2026 05:40:00,17.40,245.6,292.2,0.14,159.61,,,,,,
7279,04/22/2026 05:50:00,17.40,246.0,292.7,0.14,159.89,,,,,,
7280,04/22/2026 06:00:00,17.40,246.3,293.0,0.14,160.07,,,,,,
7281,04/22/2026 06:10:00,17.40,246.2,292.9,0.14,160.04,,,,,,
7282,04/22/2026 06:20:00,17.41,246.6,293.3,0.14,160.29,,,,,,
7283,04/22/2026 06:30:00,17.42,246.6,293.3,0.14,160.32,,,,,,
7284,04/22/2026 06:40:00,17.43,247.0,293.6,0.14,160.53,,,,,,
7285,04/22/2026 06:50:00,17.44,247.3,294.0,0.14,160.77,,,,,,
7286,04/22/2026 07:00:00,17.45,247.1,293.7,0.14,160.63,,,,,,
7287,04/22/2026 07:10:00,17.46,247.1,293.5,0.14,160.59,,,,,,
7288,04/22/2026 07:20:00,17.47,247.7,294.2,0.14,161.01,,,,,,
7289,04/22/2026 07:30:00,17.47,247.6,294.1,0.14,160.92,,,,,,
7290,04/22/2026 07:40:00,17.47,248.3,294.9,0.14,161.38,,,,,,
7291,04/22/2026 07:50:00,17.47,249.0,295.7,0.14,161.83,,,,,,
7292,04/22/2026 08:00:00,17.47,252.2,299.6,0.14,163.94,,,,,,
7293,04/22/2026 08:10:00,17.47,250.7,297.8,0.14,162.95,,,,,,
7294,04/22/2026 08:20:00,17.48,251.8,299.1,0.14,163.70,,,,,,
7295,04/22/2026 08:30:00,17.49,252.6,299.9,0.14,164.21,,,,,,
7296,04/22/2026 08:40:00,17.51,253.6,300.9,0.14,164.82,,,,,,
7297,04/22/2026 08:50:00,17.53,254.0,301.3,0.14,165.13,,,,,,
7298,04/22/2026 09:00:00,17.56,255.0,302.3,0.14,165.77,,,,,,
7299,04/22/2026 09:10:00,17.60,255.7,302.8,0.14,166.19,,,,,,
7300,04/22/2026 09:20:00,17.64,275.2,325.6,0.15,178.91,,,,,,
7301,04/22/2026 09:30:00,17.69,257.8,304.6,0.14,167.60,,,,,,
7302,04/22/2026 09:40:00,17.76,258.2,304.6,0.14,167.85,,,,,,
7303,04/22/2026 09:50:00,17.82,258.4,304.3,0.14,167.94,,,,,,
7304,04/22/2026 10:00:00,17.88,258.8,304.3,0.14,168.24,,,,,,
7305,04/22/2026 10:10:00,17.95,260.0,305.2,0.15,169.01,,,,,,
7306,04/22/2026 10:20:00,18.06,260.4,304.8,0.14,169.27,,,,,,
7307,04/22/2026 10:30:00,18.15,261.3,305.3,0.15,169.85,,,,,,
7308,04/22/2026 10:40:00,18.23,260.5,303.7,0.14,169.35,,,,,,
7309,04/22/2026 10:50:00,18.32,260.5,303.0,0.14,169.34,,,,,,
7310,04/22/2026 11:00:00,18.41,261.1,303.0,0.14,169.70,,,,,,
7311,04/22/2026 11:10:00,18.49,261.1,302.4,0.14,169.69,,,,,,
7312,04/22/2026 11:20:00,18.56,260.7,301.5,0.14,169.46,,,,,,
7313,04/22/2026 11:30:00,18.65,259.8,299.8,0.14,168.89,,,,,,
7314,04/22/2026 11:40:00,18.73,260.1,299.5,0.14,169.05,,,,,,
7315,04/22/2026 11:50:00,18.82,260.3,299.1,0.14,169.21,,,,,,
7316,04/22/2026 12:00:00,18.91,260.9,299.1,0.14,169.58,,,,,,
7317,04/22/2026 12:10:00,19.00,260.8,298.4,0.14,169.51,,,,,,
7318,04/22/2026 12:20:00,19.08,261.8,298.9,0.14,170.15,,,,,,
7319,04/22/2026 12:30:00,19.17,261.3,297.8,0.14,169.86,,,,,,
7320,04/22/2026 12:40:00,19.26,261.2,297.0,0.14,169.80,,,,,,
7321,04/22/2026 12:50:00,19.37,259.2,294.0,0.14,168.50,,,,,,
7322,04/22/2026 13:00:00,19.48,259.2,293.2,0.14,168.51,,,,,,
7323,04/22/2026 13:10:00,19.58,258.9,292.2,0.14,168.28,,,,,,
7324,04/22/2026 13:20:00,19.69,259.4,292.0,0.14,168.62,,,,,,
7325,04/22/2026 13:30:00,19.79,259.5,291.4,0.14,168.66,,,,,,
7326,04/22/2026 13:40:00,19.94,259.9,290.8,0.14,168.95,,,,,,
7327,04/22/2026 13:50:00,20.10,260.9,290.8,0.14,169.58,,,,,,
7328,04/22/2026 14:00:00,20.22,260.5,289.6,0.14,169.34,,,,,,
7329,04/22/2026 14:10:00,20.33,262.2,290.7,0.14,170.43,,,,,,
7330,04/22/2026 14:20:00,20.44,261.4,289.0,0.14,169.91,,,,,,
7331,04/22/2026 14:30:00,20.59,261.9,288.6,0.14,170.24,,,,,,
7332,04/22/2026 14:40:00,20.70,261.7,287.7,0.14,170.11,,,,,,
7333,04/22/2026 14:50:00,20.81,262.1,287.5,0.14,170.40,,,,,,
7334,04/22/2026 15:00:00,20.87,261.8,286.7,0.14,170.20,,,,,,
7335,04/22/2026 15:10:00,20.91,261.1,285.6,0.14,169.69,,,,,,
7336,04/22/2026 15:20:00,20.93,259.3,283.5,0.14,168.52,,,,,,
7337,04/22/2026 15:30:00,20.95,258.8,282.9,0.14,168.23,,,,,,
7338,04/22/2026 15:40:00,20.98,258.2,282.0,0.14,167.84,,,,,,
7339,04/22/2026 15:50:00,21.00,258.0,281.6,0.13,167.68,,,,,,
7340,04/22/2026 16:00:00,21.02,254.7,277.9,0.13,165.56,,,,,,
7341,04/22/2026 16:10:00,21.03,257.0,280.3,0.13,167.03,,,,,,
7342,04/22/2026 16:20:00,21.05,257.5,280.8,0.13,167.40,,,,,,
7343,04/22/2026 16:30:00,21.05,255.2,278.3,0.13,165.89,,,,,,
7344,04/22/2026 16:40:00,21.04,254.0,277.1,0.13,165.11,,,,,,
7345,04/22/2026 16:50:00,21.03,254.2,277.3,0.13,165.24,,,,,,
7346,04/22/2026 17:00:00,21.03,253.7,276.8,0.13,164.92,,,,,,
7347,04/22/2026 17:10:00,21.05,255.2,278.3,0.13,165.90,,,,,,
7348,04/22/2026 17:20:00,21.07,258.4,281.7,0.14,167.98,,,,,,
7349,04/22/2026 17:30:00,21.07,258.8,282.1,0.14,168.22,,,,,,
7350,04/22/2026 17:40:00,21.05,260.2,283.7,0.14,169.11,,,,,,
7351,04/22/2026 17:50:00,21.08,260.7,284.1,0.14,169.45,,,,,,
7352,04/22/2026 18:00:00,21.17,261.2,284.1,0.14,169.80,,,,,,
7353,04/22/2026 18:10:00,21.24,260.1,282.4,0.14,169.04,,,,,,
7354,04/22/2026 18:20:00,21.26,260.5,282.7,0.14,169.34,,,,,,
7355,04/22/2026 18:30:00,21.27,262.1,284.4,0.14,170.40,,,,,,
7356,04/22/2026 18:40:00,21.29,262.2,284.4,0.14,170.43,,,,,,
7357,04/22/2026 18:50:00,21.31,262.6,284.7,0.14,170.70,,,,,,
7358,04/22/2026 19:00:00,21.31,264.1,286.3,0.14,171.66,,,,,,
7359,04/22/2026 19:10:00,21.30,247.6,268.5,0.13,160.95,,,,,,
7360,04/22/2026 19:20:00,21.26,247.6,268.7,0.13,160.93,,,,,,
7361,04/22/2026 19:30:00,21.21,247.6,269.1,0.13,160.96,,,,,,
7362,04/22/2026 19:40:00,21.14,248.7,270.7,0.13,161.67,,,,,,
7363,04/22/2026 19:50:00,21.08,249.4,271.8,0.13,162.12,,,,,,
7364,04/22/2026 20:00:00,21.01,249.8,272.7,0.13,162.39,,,,,,
7365,04/22/2026 20:10:00,20.94,250.4,273.7,0.13,162.77,,,,,,
7366,04/22/2026 20:20:00,20.86,251.5,275.4,0.13,163.45,,,,,,
7367,04/22/2026 20:30:00,20.79,252.2,276.7,0.13,163.93,,,,,,
7368,04/22/2026 20:40:00,20.72,252.9,277.8,0.13,164.35,,,,,,
7369,04/22/2026 20:50:00,20.66,253.7,279.1,0.13,164.91,,,,,,
7370,04/22/2026 21:00:00,20.59,254.4,280.3,0.13,165.33,,,,,,
7371,04/22/2026 21:10:00,20.52,255.1,281.6,0.13,165.84,,,,,,
7372,04/22/2026 21:20:00,20.46,256.0,283.0,0.14,166.43,,,,,,
7373,04/22/2026 21:30:00,20.41,257.4,284.8,0.14,167.30,,,,,,
7374,04/22/2026 21:40:00,20.36,258.5,286.4,0.14,168.03,,,,,,
7375,04/22/2026 21:50:00,20.30,259.6,288.0,0.14,168.75,,,,,,
7376,04/22/2026 22:00:00,20.25,260.9,289.8,0.14,169.58,,,,,,
7377,04/22/2026 22:10:00,20.20,262.2,291.6,0.14,170.45,,,,,,
7378,04/22/2026 22:20:00,20.15,263.9,293.8,0.14,171.52,,,,,,
7379,04/22/2026 22:30:00,20.10,265.1,295.5,0.14,172.34,,,,,,
7380,04/22/2026 22:40:00,20.05,266.8,297.7,0.14,173.43,,,,,,
7381,04/22/2026 22:50:00,20.01,268.1,299.5,0.14,174.28,,,,,,
7382,04/22/2026 23:00:00,19.96,269.7,301.6,0.14,175.30,,,,,,
7383,04/22/2026 23:10:00,19.92,271.0,303.4,0.15,176.15,,,,,,
7384,04/22/2026 23:20:00,19.88,271.9,304.6,0.15,176.74,,,,,,
7385,04/22/2026 23:30:00,19.85,273.1,306.2,0.15,177.49,,,,,,
7386,04/22/2026 23:40:00,19.81,273.9,307.4,0.15,178.05,,,,,,
7387,04/22/2026 23:50:00,19.78,274.7,308.5,0.15,178.55,,,,,,
7388,04/23/2026 00:00:00,19.74,275.1,309.3,0.15,178.84,,,,,,
7389,04/23/2026 00:10:00,19.72,275.7,310.1,0.15,179.21,,,,,,
7390,04/23/2026 00:20:00,19.69,276.3,310.9,0.15,179.56,,,,,,
7391,04/23/2026 00:30:00,19.68,276.5,311.4,0.15,179.75,,,,,,
7392,04/23/2026 00:40:00,19.65,276.9,311.9,0.15,179.98,,,,,,
7393,04/23/2026 00:50:00,19.62,277.2,312.5,0.15,180.17,,,,,,
7394,04/23/2026 01:00:00,19.59,277.6,313.2,0.15,180.46,,,,,,
7395,04/23/2026 01:10:00,19.56,278.1,314.0,0.15,180.76,,,,,,
7396,04/23/2026 01:20:00,19.52,277.8,314.0,0.15,180.60,,,,,,
7397,04/23/2026 01:30:00,19.49,278.4,314.8,0.15,180.95,,,,,,
7398,04/23/2026 01:40:00,19.46,278.5,315.2,0.15,181.01,,,,,,
7399,04/23/2026 01:50:00,19.41,279.2,316.3,0.15,181.48,,,,,,
7400,04/23/2026 02:00:00,19.38,279.4,316.8,0.15,181.62,,,,,,
7401,04/23/2026 02:10:00,19.35,279.3,317.0,0.15,181.56,,,,,,
7402,04/23/2026 02:20:00,19.31,279.4,317.3,0.15,181.62,,,,,,
7403,04/23/2026 02:30:00,19.28,279.6,317.7,0.15,181.74,,,,,,
7404,04/23/2026 02:40:00,19.26,279.8,318.2,0.15,181.89,,,,,,
7405,04/23/2026 02:50:00,19.24,279.9,318.4,0.15,181.93,,,,,,
7406,04/23/2026 03:00:00,19.22,280.2,318.9,0.15,182.14,,,,,,
7407,04/23/2026 03:10:00,19.19,280.4,319.3,0.15,182.24,,,,,,
7408,04/23/2026 03:20:00,19.18,280.5,319.6,0.15,182.35,,,,,,
7409,04/23/2026 03:30:00,19.17,281.1,320.3,0.15,182.70,,,,,,
7410,04/23/2026 03:40:00,19.17,281.7,320.9,0.15,183.09,,,,,,
7411,04/23/2026 03:50:00,19.18,282.5,321.8,0.15,183.61,,,,,,
7412,04/23/2026 04:00:00,19.18,282.9,322.3,0.15,183.92,,,,,,
7413,04/23/2026 04:10:00,19.19,283.3,322.7,0.15,184.16,,,,,,
7414,04/23/2026 04:20:00,19.19,283.7,323.1,0.15,184.42,,,,,,
7415,04/23/2026 04:30:00,19.21,283.6,322.8,0.15,184.32,,,,,,
7416,04/23/2026 04:40:00,19.22,284.6,323.9,0.15,184.99,,,,,,
7417,04/23/2026 04:50:00,19.23,284.7,323.9,0.15,185.05,,,,,,
7418,04/23/2026 05:00:00,19.25,285.5,324.8,0.15,185.59,,,,,,
7419,04/23/2026 05:10:00,19.26,285.7,324.9,0.16,185.71,,,,,,
7420,04/23/2026 05:20:00,19.26,285.9,325.1,0.16,185.83,,,,,,
7421,04/23/2026 05:30:00,19.27,286.3,325.5,0.16,186.12,,,,,,
7422,04/23/2026 05:40:00,19.27,286.5,325.7,0.16,186.23,,,,,,
7423,04/23/2026 05:50:00,19.27,286.8,326.0,0.16,186.40,,,,,,
7424,04/23/2026 06:00:00,19.27,287.0,326.2,0.16,186.56,,,,,,
7425,04/23/2026 06:10:00,19.27,287.2,326.5,0.16,186.69,,,,,,
7426,04/23/2026 06:20:00,19.27,287.6,326.9,0.16,186.92,,,,,,
7427,04/23/2026 06:30:00,19.27,288.3,327.6,0.16,187.36,,,,,,
7428,04/23/2026 06:40:00,19.27,288.7,328.2,0.16,187.65,,,,,,
7429,04/23/2026 06:50:00,19.27,289.3,328.9,0.16,188.07,,,,,,
7430,04/23/2026 07:00:00,19.27,289.9,329.5,0.16,188.40,,,,,,
7431,04/23/2026 07:10:00,19.27,290.2,329.9,0.16,188.65,,,,,,
7432,04/23/2026 07:20:00,19.27,290.8,330.5,0.16,188.99,,,,,,
7433,04/23/2026 07:30:00,19.28,291.2,330.9,0.16,189.25,,,,,,
7434,04/23/2026 07:40:00,19.28,291.6,331.3,0.16,189.51,,,,,,
7435,04/23/2026 07:50:00,19.29,292.0,331.8,0.16,189.82,,,,,,
7436,04/23/2026 08:00:00,19.29,292.3,332.2,0.16,190.02,,,,,,
7437,04/23/2026 08:10:00,19.30,292.9,332.7,0.16,190.37,,,,,,
7438,04/23/2026 08:20:00,19.31,293.7,333.5,0.16,190.88,,,,,,
7439,04/23/2026 08:30:00,19.33,293.9,333.6,0.16,191.01,,,,,,
7440,04/23/2026 08:40:00,19.35,294.0,333.6,0.16,191.11,,,,,,
7441,04/23/2026 08:50:00,19.36,294.3,333.8,0.16,191.27,,,,,,
7442,04/23/2026 09:00:00,19.39,294.9,334.3,0.16,191.66,,,,,,
7443,04/23/2026 09:10:00,19.42,295.4,334.6,0.16,192.01,,,,,,
7444,04/23/2026 09:20:00,19.45,295.7,334.7,0.16,192.23,,,,,,
7445,04/23/2026 09:30:00,19.49,296.2,334.9,0.16,192.52,,,,,,
7446,04/23/2026 09:40:00,19.53,296.4,334.9,0.16,192.69,,,,,,
7447,04/23/2026 09:50:00,19.58,296.5,334.6,0.16,192.72,,,,,,
7448,04/23/2026 10:00:00,19.64,296.8,334.4,0.16,192.89,,,,,,
7449,04/23/2026 10:10:00,19.69,296.9,334.1,0.16,192.98,,,,,,
7450,04/23/2026 10:20:00,19.76,296.9,333.7,0.16,192.99,,,,,,
7451,04/23/2026 10:30:00,19.85,297.4,333.5,0.16,193.31,,,,,,
7452,04/23/2026 10:40:00,19.94,297.6,332.9,0.16,193.42,,,,,,
7453,04/23/2026 10:50:00,20.03,297.3,332.0,0.16,193.26,,,,,,
7454,04/23/2026 11:00:00,20.15,297.6,331.4,0.16,193.44,,,,,,
7455,04/23/2026 11:10:00,20.40,298.2,330.1,0.16,193.80,,,,,,
7456,04/23/2026 11:20:00,20.61,298.3,328.5,0.16,193.88,,,,,,
7457,04/23/2026 11:30:00,20.78,298.1,327.1,0.16,193.78,,,,,,
7458,04/23/2026 11:40:00,20.91,297.9,325.9,0.16,193.63,,,,,,
7459,04/23/2026 11:50:00,21.18,298.4,324.4,0.16,193.97,,,,,,
7460,04/23/2026 12:00:00,21.47,298.6,322.6,0.15,194.11,,,,,,
7461,04/23/2026 12:10:00,21.77,298.9,320.7,0.15,194.30,,,,,,
7462,04/23/2026 12:20:00,22.14,299.1,318.2,0.15,194.40,,,,,,
7463,04/23/2026 12:30:00,22.61,299.7,315.5,0.15,194.79,,,,,,
7464,04/23/2026 12:40:00,23.09,299.0,311.5,0.15,194.37,,,,,,
7465,04/23/2026 12:50:00,23.58,300.7,310.0,0.15,195.48,,,,,,
7466,04/23/2026 13:00:00,24.01,299.9,306.2,0.15,194.93,,,,,,
7467,04/23/2026 13:10:00,24.49,298.6,301.8,0.15,194.10,,,,,,
7468,04/23/2026 13:20:00,24.76,296.7,298.2,0.14,192.84,,,,,,
7469,04/23/2026 13:30:00,25.02,296.6,296.5,0.14,192.82,,,,,,
7470,04/23/2026 13:40:00,25.34,294.9,292.8,0.14,191.66,,,,,,
7471,04/23/2026 13:50:00,25.67,294.0,290.0,0.14,191.10,,,,,,
7472,04/23/2026 14:00:00,25.93,291.8,286.2,0.14,189.67,,,,,,
7473,04/23/2026 14:10:00,26.13,287.6,280.9,0.14,186.94,,,,,,
7474,04/23/2026 14:20:00,26.29,282.4,275.0,0.13,183.56,,,,,,
7475,04/23/2026 14:30:00,26.36,282.6,274.8,0.13,183.70,,,,,,
7476,04/23/2026 14:40:00,26.41,279.1,271.1,0.13,181.41,,,,,,
7477,04/23/2026 14:50:00,26.42,276.2,268.2,0.13,179.50,,,,,,
7478,04/23/2026 15:00:00,26.35,270.8,263.4,0.13,176.03,,,,,,
7479,04/23/2026 15:10:00,26.27,268.1,261.1,0.13,174.24,,,,,,
7480,04/23/2026 15:20:00,26.21,265.3,258.7,0.13,172.44,,,,,,
7481,04/23/2026 15:30:00,26.20,261.7,255.2,0.12,170.09,,,,,,
7482,04/23/2026 15:40:00,26.26,259.4,252.7,0.12,168.61,,,,,,
7483,04/23/2026 15:50:00,26.35,255.3,248.3,0.12,165.95,,,,,,
7484,04/23/2026 16:00:00,26.44,252.2,244.8,0.12,163.90,,,,,,
7485,04/23/2026 16:10:00,26.52,249.2,241.5,0.12,161.98,,,,,,
7486,04/23/2026 16:20:00,26.53,245.9,238.2,0.12,159.81,,,,,,
7487,04/23/2026 16:30:00,26.52,245.7,238.1,0.12,159.69,,,,,,
7488,04/23/2026 16:40:00,26.43,245.9,238.7,0.12,159.80,,,,,,
7489,04/23/2026 16:50:00,26.30,246.1,239.6,0.12,159.99,,,,,,
7490,04/23/2026 17:00:00,26.20,244.4,238.4,0.12,158.88,,,,,,
7491,04/23/2026 17:10:00,26.09,242.2,236.8,0.11,157.41,,,,,,
7492,04/23/2026 17:20:00,25.98,231.8,227.2,0.11,150.68,,,,,,
7493,04/23/2026 17:30:00,25.85,226.3,222.3,0.11,147.06,,,,,,
7494,04/23/2026 17:40:00,25.74,225.9,222.5,0.11,146.86,,,,,,
7495,04/23/2026 17:50:00,25.60,224.3,221.5,0.11,145.78,,,,,,
7496,04/23/2026 18:00:00,25.47,222.6,220.4,0.11,144.67,,,,,,
7497,04/23/2026 18:10:00,25.34,222.0,220.4,0.11,144.30,,,,,,
7498,04/23/2026 18:20:00,25.20,220.3,219.4,0.11,143.18,,,,,,
7499,04/23/2026 18:30:00,25.04,219.9,219.7,0.11,142.94,,,,,,
7500,04/23/2026 18:40:00,24.88,219.4,219.9,0.11,142.59,,,,,,
7501,04/23/2026 18:50:00,24.73,219.0,220.2,0.11,142.32,,,,,,
7502,04/23/2026 19:00:00,24.57,218.6,220.6,0.11,142.08,,,,,,
7503,04/23/2026 19:10:00,24.42,218.5,221.2,0.11,142.03,,,,,,
7504,04/23/2026 19:20:00,24.27,217.9,221.4,0.11,141.66,,,,,,
7505,04/23/2026 19:30:00,24.11,218.2,222.3,0.11,141.80,,,,,,
7506,04/23/2026 19:40:00,23.97,218.7,223.5,0.11,142.13,,,,,,
7507,04/23/2026 19:50:00,23.83,219.4,225.0,0.11,142.64,,,,,,
7508,04/23/2026 20:00:00,23.70,220.3,226.4,0.11,143.17,,,,,,
7509,04/23/2026 20:10:00,23.57,221.4,228.3,0.11,143.90,,,,,,
7510,04/23/2026 20:20:00,23.45,223.1,230.6,0.11,144.98,,,,,,
7511,04/23/2026 20:30:00,23.30,224.7,233.0,0.11,146.06,,,,,,
7512,04/23/2026 20:40:00,23.17,227.2,236.2,0.11,147.66,,,,,,
7513,04/23/2026 20:50:00,23.02,229.5,239.5,0.12,149.18,,,,,,
7514,04/23/2026 21:00:00,22.91,231.6,242.3,0.12,150.56,,,,,,
7515,04/23/2026 21:10:00,22.78,234.4,245.9,0.12,152.36,,,,,,
7516,04/23/2026 21:20:00,22.67,237.2,249.4,0.12,154.18,,,,,,
7517,04/23/2026 21:30:00,22.55,240.3,253.3,0.12,156.20,,,,,,
7518,04/23/2026 21:40:00,22.45,243.4,257.2,0.12,158.23,,,,,,
7519,04/23/2026 21:50:00,22.34,246.6,261.2,0.13,160.31,,,,,,
7520,04/23/2026 22:00:00,22.24,249.8,265.2,0.13,162.38,,,,,,
7521,04/23/2026 22:10:00,22.16,252.8,268.8,0.13,164.29,,,,,,
7522,04/23/2026 22:20:00,22.07,255.7,272.5,0.13,166.22,,,,,,
7523,04/23/2026 22:30:00,21.99,258.6,276.0,0.13,168.10,,,,,,
7524,04/23/2026 22:40:00,21.92,261.6,279.7,0.13,170.01,,,,,,
7525,04/23/2026 22:50:00,21.84,264.3,283.1,0.14,171.82,,,,,,
7526,04/23/2026 23:00:00,21.78,267.0,286.3,0.14,173.52,,,,,,
7527,04/23/2026 23:10:00,21.71,269.5,289.5,0.14,175.20,,,,,,
7528,04/23/2026 23:20:00,21.65,272.8,293.4,0.14,177.32,,,,,,
7529,04/23/2026 23:30:00,21.59,275.5,296.7,0.14,179.07,,,,,,
7530,04/23/2026 23:40:00,21.55,279.4,301.3,0.14,181.62,,,,,,
7531,04/23/2026 23:50:00,21.50,281.2,303.5,0.15,182.78,,,,,,
7532,04/24/2026 00:00:00,21.44,283.1,305.9,0.15,183.99,,,,,,
7533,04/24/2026 00:10:00,21.39,285.0,308.4,0.15,185.25,,,,,,
7534,04/24/2026 00:20:00,21.34,287.0,310.9,0.15,186.55,,,,,,
7535,04/24/2026 00:30:00,21.30,288.5,312.8,0.15,187.52,,,,,,
7536,04/24/2026 00:40:00,21.25,290.2,314.9,0.15,188.61,,,,,,
7537,04/24/2026 00:50:00,21.22,291.4,316.5,0.15,189.41,,,,,,
7538,04/24/2026 01:00:00,21.19,292.8,318.3,0.15,190.34,,,,,,
7539,04/24/2026 01:10:00,21.15,294.2,320.1,0.15,191.25,,,,,,
7540,04/24/2026 01:20:00,21.11,295.3,321.6,0.15,191.94,,,,,,
7541,04/24/2026 01:30:00,21.08,296.2,322.8,0.15,192.52,,,,,,
7542,04/24/2026 01:40:00,21.04,297.2,324.1,0.16,193.16,,,,,,
7543,04/24/2026 01:50:00,21.01,298.2,325.4,0.16,193.81,,,,,,
7544,04/24/2026 02:00:00,20.99,299.0,326.5,0.16,194.37,,,,,,
7545,04/24/2026 02:10:00,20.96,299.7,327.5,0.16,194.80,,,,,,
7546,04/24/2026 02:20:00,20.94,300.3,328.3,0.16,195.21,,,,,,
7547,04/24/2026 02:30:00,20.92,300.9,329.1,0.16,195.59,,,,,,
7548,04/24/2026 02:40:00,20.91,301.4,329.8,0.16,195.92,,,,,,
7549,04/24/2026 02:50:00,20.89,302.0,330.5,0.16,196.31,,,,,,
7550,04/24/2026 03:00:00,20.87,302.5,331.2,0.16,196.60,,,,,,
7551,04/24/2026 03:10:00,20.86,302.9,331.8,0.16,196.89,,,,,,
7552,04/24/2026 03:20:00,20.85,303.5,332.5,0.16,197.27,,,,,,
7553,04/24/2026 03:30:00,20.84,304.0,333.1,0.16,197.63,,,,,,
7554,04/24/2026 03:40:00,20.83,304.8,334.1,0.16,198.15,,,,,,
7555,04/24/2026 03:50:00,20.83,307.1,336.6,0.16,199.64,,,,,,
7556,04/24/2026 04:00:00,20.82,307.6,337.2,0.16,199.93,,,,,,
7557,04/24/2026 04:10:00,20.82,308.4,338.1,0.16,200.47,,,,,,
7558,04/24/2026 04:20:00,20.82,309.1,338.8,0.16,200.90,,,,,,
7559,04/24/2026 04:30:00,20.81,309.8,339.7,0.16,201.38,,,,,,
7560,04/24/2026 04:40:00,20.82,310.3,340.2,0.16,201.71,,,,,,
7561,04/24/2026 04:50:00,20.82,311.2,341.2,0.16,202.31,,,,,,
7562,04/24/2026 05:00:00,20.83,310.1,339.9,0.16,201.56,,,,,,
7563,04/24/2026 05:10:00,20.83,311.7,341.6,0.16,202.62,,,,,,
7564,04/24/2026 05:20:00,20.84,314.0,344.1,0.16,204.13,,,,,,
7565,04/24/2026 05:30:00,20.84,315.3,345.5,0.17,204.94,,,,,,
7566,04/24/2026 05:40:00,20.85,314.2,344.3,0.16,204.26,,,,,,
7567,04/24/2026 05:50:00,20.85,314.0,344.0,0.16,204.12,,,,,,
7568,04/24/2026 06:00:00,20.85,314.5,344.5,0.17,204.43,,,,,,
7569,04/24/2026 06:10:00,20.84,315.4,345.5,0.17,204.98,,,,,,
7570,04/24/2026 06:20:00,20.84,318.6,349.1,0.17,207.09,,,,,,
7571,04/24/2026 06:30:00,20.83,316.9,347.3,0.17,206.02,,,,,,
7572,04/24/2026 06:40:00,20.83,317.8,348.3,0.17,206.58,,,,,,
7573,04/24/2026 06:50:00,20.82,318.0,348.6,0.17,206.70,,,,,,
7574,04/24/2026 07:00:00,20.82,318.2,348.9,0.17,206.86,,,,,,
7575,04/24/2026 07:10:00,20.81,318.7,349.4,0.17,207.15,,,,,,
7576,04/24/2026 07:20:00,20.80,318.9,349.8,0.17,207.27,,,,,,
7577,04/24/2026 07:30:00,20.78,319.6,350.6,0.17,207.72,,,,,,
7578,04/24/2026 07:40:00,20.78,319.5,350.5,0.17,207.65,,,,,,
7579,04/24/2026 07:50:00,20.78,320.3,351.5,0.17,208.20,,,,,,
7580,04/24/2026 08:00:00,20.79,320.8,352.0,0.17,208.54,,,,,,
7581,04/24/2026 08:10:00,20.80,321.4,352.5,0.17,208.93,,,,,,
7582,04/24/2026 08:20:00,20.82,321.7,352.6,0.17,209.09,,,,,,
7583,04/24/2026 08:30:00,20.86,322.3,353.0,0.17,209.51,,,,,,
7584,04/24/2026 08:40:00,20.91,322.0,352.3,0.17,209.33,,,,,,
7585,04/24/2026 08:50:00,20.98,323.3,353.1,0.17,210.14,,,,,,
7586,04/24/2026 09:00:00,21.05,323.9,353.3,0.17,210.55,,,,,,
7587,04/24/2026 09:10:00,21.11,324.5,353.4,0.17,210.92,,,,,,
7588,04/24/2026 09:20:00,21.18,325.0,353.3,0.17,211.22,,,,,,
7589,04/24/2026 09:30:00,21.26,325.4,353.1,0.17,211.49,,,,,,
7590,04/24/2026 09:40:00,21.36,325.7,352.7,0.17,211.72,,,,,,
7591,04/24/2026 09:50:00,21.47,326.2,352.3,0.17,212.04,,,,,,
7592,04/24/2026 10:00:00,21.61,326.5,351.5,0.17,212.22,,,,,,
7593,04/24/2026 10:10:00,21.74,327.3,351.4,0.17,212.77,,,,,,
7594,04/24/2026 10:20:00,21.91,325.2,347.8,0.17,211.38,,,,,,
7595,04/24/2026 10:30:00,22.07,325.8,347.2,0.17,211.80,,,,,,
7596,04/24/2026 10:40:00,22.23,325.2,345.3,0.17,211.37,,,,,,
7597,04/24/2026 10:50:00,22.44,324.2,342.6,0.16,210.75,,,,,,
7598,04/24/2026 11:00:00,22.66,324.1,340.8,0.16,210.66,,,,,,
7599,04/24/2026 11:10:00,22.89,322.7,337.7,0.16,209.75,,,,,,
7600,04/24/2026 11:20:00,23.18,323.8,336.7,0.16,210.50,,,,,,
7601,04/24/2026 11:30:00,23.48,323.2,333.8,0.16,210.06,,,,,,
7602,04/24/2026 11:40:00,23.78,322.4,330.9,0.16,209.55,,,,,,
7603,04/24/2026 11:50:00,24.13,321.5,327.5,0.16,208.97,,,,,,
7604,04/24/2026 12:00:00,24.53,320.1,323.3,0.16,208.08,,,,,,
7605,04/24/2026 12:10:00,24.87,319.6,320.5,0.15,207.74,,,,,,
7606,04/24/2026 12:20:00,25.19,315.2,314.0,0.15,204.90,,,,,,
7607,04/24/2026 12:30:00,25.53,316.7,313.2,0.15,205.84,,,,,,
7608,04/24/2026 12:40:00,25.88,317.2,311.4,0.15,206.18,,,,,,
7609,04/24/2026 12:50:00,26.21,316.5,308.7,0.15,205.73,,,,,,
7610,04/24/2026 13:00:00,26.56,315.3,305.3,0.15,204.95,,,,,,
7611,04/24/2026 13:10:00,26.98,312.6,300.1,0.15,203.16,,,,,,
7612,04/24/2026 13:20:00,27.44,314.7,299.3,0.14,204.54,,,,,,
7613,04/24/2026 13:30:00,27.86,313.4,295.6,0.14,203.69,,,,,,
7614,04/24/2026 13:40:00,28.25,311.8,291.8,0.14,202.66,,,,,,
7615,04/24/2026 13:50:00,28.63,310.0,288.1,0.14,201.53,,,,,,
7616,04/24/2026 14:00:00,29.03,305.1,281.3,0.14,198.31,,,,,,
7617,04/24/2026 14:10:00,29.41,306.6,280.6,0.14,199.31,,,,,,
7618,04/24/2026 14:20:00,29.81,298.2,270.9,0.13,193.86,,,,,,
7619,04/24/2026 14:30:00,30.06,294.9,266.5,0.13,191.65,,,,,,
7620,04/24/2026 14:40:00,30.37,294.0,264.2,0.13,191.07,,,,,,
7621,04/24/2026 14:50:00,30.68,292.2,261.0,0.13,189.90,,,,,,
7622,04/24/2026 15:00:00,30.96,290.3,258.0,0.13,188.67,,,,,,
7623,04/24/2026 15:10:00,31.18,283.9,251.3,0.12,184.54,,,,,,
7624,04/24/2026 15:20:00,31.37,284.2,250.7,0.12,184.76,,,,,,
7625,04/24/2026 15:30:00,31.53,281.8,247.8,0.12,183.15,,,,,,
7626,04/24/2026 15:40:00,31.69,279.4,245.0,0.12,181.59,,,,,,
7627,04/24/2026 15:50:00,31.81,264.9,231.8,0.11,172.19,,,,,,
7628,04/24/2026 16:00:00,31.93,261.6,228.4,0.11,170.07,,,,,,
7629,04/24/2026 16:10:00,32.03,259.4,226.1,0.11,168.62,,,,,,
7630,04/24/2026 16:20:00,32.11,259.1,225.4,0.11,168.40,,,,,,
7631,04/24/2026 16:30:00,32.20,252.1,219.0,0.11,163.86,,,,,,
7632,04/24/2026 16:40:00,32.25,255.4,221.6,0.11,166.01,,,,,,
7633,04/24/2026 16:50:00,32.30,252.8,219.1,0.11,164.29,,,,,,
7634,04/24/2026 17:00:00,32.30,251.5,218.1,0.11,163.48,,,,,,
7635,04/24/2026 17:10:00,32.27,250.0,216.9,0.11,162.52,,,,,,
7636,04/24/2026 17:20:00,32.19,247.4,215.0,0.11,160.82,,,,,,
7637,04/24/2026 17:30:00,32.09,245.2,213.4,0.10,159.36,,,,,,
7638,04/24/2026 17:40:00,31.98,243.8,212.6,0.10,158.47,,,,,,
7639,04/24/2026 17:50:00,31.83,242.3,211.9,0.10,157.50,,,,,,
7640,04/24/2026 18:00:00,31.66,240.5,211.0,0.10,156.35,,,,,,
7641,04/24/2026 18:10:00,31.47,240.2,211.5,0.10,156.14,,,,,,
7642,04/24/2026 18:20:00,31.24,225.9,199.7,0.10,146.81,,,,,,
7643,04/24/2026 18:30:00,30.94,222.6,197.9,0.10,144.68,,,,,,
7644,04/24/2026 18:40:00,30.62,222.3,198.9,0.10,144.52,,,,,,
7645,04/24/2026 18:50:00,30.30,219.3,197.3,0.10,142.52,,,,,,
7646,04/24/2026 19:00:00,29.99,219.1,198.3,0.10,142.42,,,,,,
7647,04/24/2026 19:10:00,29.65,218.3,198.9,0.10,141.89,,,,,,
7648,04/24/2026 19:20:00,29.30,220.3,202.1,0.10,143.23,,,,,,
7649,04/24/2026 19:30:00,28.93,219.0,202.3,0.10,142.37,,,,,,
7650,04/24/2026 19:40:00,28.58,271.7,252.7,0.12,176.60,,,,,,
7651,04/24/2026 19:50:00,28.23,270.7,253.5,0.12,175.95,,,,,,
7652,04/24/2026 20:00:00,27.88,286.7,270.4,0.13,186.38,,,,,,
7653,04/24/2026 20:10:00,27.55,278.4,264.2,0.13,180.95,,,,,,
7654,04/24/2026 20:20:00,27.22,273.2,261.1,0.13,177.61,,,,,,
7655,04/24/2026 20:30:00,26.90,270.3,260.0,0.13,175.72,,,,,,
7656,04/24/2026 20:40:00,26.59,267.1,258.5,0.13,173.61,,,,,,
7657,04/24/2026 20:50:00,26.30,264.5,257.5,0.12,171.92,,,,,,
7658,04/24/2026 21:00:00,25.99,263.7,258.3,0.13,171.38,,,,,,
7659,04/24/2026 21:10:00,25.72,262.6,258.7,0.13,170.66,,,,,,
7660,04/24/2026 21:20:00,25.47,258.4,255.8,0.12,167.94,,,,,,
7661,04/24/2026 21:30:00,25.23,259.9,258.6,0.13,168.93,,,,,,
7662,04/24/2026 21:40:00,25.02,258.4,258.3,0.12,167.94,,,,,,
7663,04/24/2026 21:50:00,24.81,259.9,260.9,0.13,168.93,,,,,,
7664,04/24/2026 22:00:00,24.61,259.3,261.5,0.13,168.57,,,,,,
7665,04/24/2026 22:10:00,24.42,260.3,263.6,0.13,169.22,,,,,,
7666,04/24/2026 22:20:00,24.26,259.2,263.3,0.13,168.49,,,,,,
7667,04/24/2026 22:30:00,24.11,261.4,266.4,0.13,169.89,,,,,,
7668,04/24/2026 22:40:00,23.98,261.1,266.8,0.13,169.70,,,,,,
7669,04/24/2026 22:50:00,23.84,263.4,270.0,0.13,171.24,,,,,,
7670,04/24/2026 23:00:00,23.72,265.4,272.7,0.13,172.52,,,,,,
7671,04/24/2026 23:10:00,23.61,265.7,273.6,0.13,172.68,,,,,,
7672,04/24/2026 23:20:00,23.51,269.2,277.9,0.13,175.00,,,,,,
7673,04/24/2026 23:30:00,23.39,270.3,279.7,0.13,175.67,,,,,,
7674,04/24/2026 23:40:00,23.28,271.2,281.3,0.14,176.26,,,,,,
7675,04/24/2026 23:50:00,23.18,272.9,283.8,0.14,177.41,,,,,,
7676,04/25/2026 00:00:00,23.06,274.4,286.1,0.14,178.39,,,,,,
7677,04/25/2026 00:10:00,22.95,274.3,286.7,0.14,178.32,,,,,,
7678,04/25/2026 00:20:00,22.85,274.4,287.4,0.14,178.38,,,,,,
7679,04/25/2026 00:30:00,22.74,280.0,294.0,0.14,182.03,,,,,,
7680,04/25/2026 00:40:00,22.64,281.2,295.9,0.14,182.79,,,,,,
7681,04/25/2026 00:50:00,22.52,282.9,298.4,0.14,183.86,,,,,,
7682,04/25/2026 01:00:00,22.42,285.8,302.2,0.15,185.79,,,,,,
7683,04/25/2026 01:10:00,22.30,287.2,304.5,0.15,186.70,,,,,,
7684,04/25/2026 01:20:00,22.18,290.0,308.2,0.15,188.51,,,,,,
7685,04/25/2026 01:30:00,22.09,291.2,310.2,0.15,189.30,,,,,,
7686,04/25/2026 01:40:00,21.98,292.9,312.8,0.15,190.40,,,,,,
7687,04/25/2026 01:50:00,21.86,294.8,315.6,0.15,191.60,,,,,,
7688,04/25/2026 02:00:00,21.75,297.6,319.4,0.15,193.47,,,,,,
7689,04/25/2026 02:10:00,21.63,300.8,323.7,0.16,195.55,,,,,,
7690,04/25/2026 02:20:00,21.52,301.7,325.5,0.16,196.10,,,,,,
7691,04/25/2026 02:30:00,21.43,303.1,327.7,0.16,197.04,,,,,,
7692,04/25/2026 02:40:00,21.34,305.9,331.3,0.16,198.82,,,,,,
7693,04/25/2026 02:50:00,21.26,306.2,332.3,0.16,199.04,,,,,,
7694,04/25/2026 03:00:00,21.16,307.7,334.6,0.16,199.99,,,,,,
7695,04/25/2026 03:10:00,21.07,310.1,338.0,0.16,201.57,,,,,,
7696,04/25/2026 03:20:00,21.00,310.5,339.0,0.16,201.84,,,,,,
7697,04/25/2026 03:30:00,20.91,310.1,339.2,0.16,201.56,,,,,,
7698,04/25/2026 03:40:00,20.85,311.4,341.1,0.16,202.39,,,,,,
7699,04/25/2026 03:50:00,20.76,312.0,342.5,0.16,202.82,,,,,,
7700,04/25/2026 04:00:00,20.69,312.8,344.0,0.16,203.34,,,,,,
7701,04/25/2026 04:10:00,20.61,313.4,345.2,0.17,203.70,,,,,,
7702,04/25/2026 04:20:00,20.55,314.3,346.7,0.17,204.30,,,,,,
7703,04/25/2026 04:30:00,20.48,314.7,347.8,0.17,204.58,,,,,,
7704,04/25/2026 04:40:00,20.41,315.0,348.6,0.17,204.73,,,,,,
7705,04/25/2026 04:50:00,20.35,315.5,349.7,0.17,205.08,,,,,,
7706,04/25/2026 05:00:00,20.27,315.9,350.7,0.17,205.34,,,,,,
7707,04/25/2026 05:10:00,20.21,316.1,351.4,0.17,205.46,,,,,,
7708,04/25/2026 05:20:00,20.16,316.3,352.1,0.17,205.61,,,,,,
7709,04/25/2026 05:30:00,20.10,316.4,352.7,0.17,205.65,,,,,,
7710,04/25/2026 05:40:00,20.04,316.5,353.3,0.17,205.74,,,,,,
7711,04/25/2026 05:50:00,20.00,316.3,353.4,0.17,205.60,,,,,,
7712,04/25/2026 06:00:00,19.94,316.3,353.9,0.17,205.58,,,,,,
7713,04/25/2026 06:10:00,19.90,316.4,354.3,0.17,205.64,,,,,,
7714,04/25/2026 06:20:00,19.86,316.5,354.8,0.17,205.72,,,,,,
7715,04/25/2026 06:30:00,19.83,316.7,355.3,0.17,205.85,,,,,,
7716,04/25/2026 06:40:00,19.81,317.0,355.7,0.17,206.03,,,,,,
7717,04/25/2026 06:50:00,19.78,317.3,356.4,0.17,206.28,,,,,,
7718,04/25/2026 07:00:00,19.76,317.7,356.9,0.17,206.48,,,,,,
7719,04/25/2026 07:10:00,19.74,318.0,357.5,0.17,206.71,,,,,,
7720,04/25/2026 07:20:00,19.72,318.4,358.0,0.17,206.93,,,,,,
7721,04/25/2026 07:30:00,19.71,318.8,358.5,0.17,207.19,,,,,,
7722,04/25/2026 07:40:00,19.72,319.7,359.6,0.17,207.79,,,,,,
7723,04/25/2026 07:50:00,19.73,320.4,360.3,0.17,208.29,,,,,,
7724,04/25/2026 08:00:00,19.74,321.2,361.0,0.17,208.75,,,,,,
7725,04/25/2026 08:10:00,19.77,322.1,361.8,0.17,209.38,,,,,,
7726,04/25/2026 08:20:00,19.82,323.0,362.5,0.17,209.97,,,,,,
7727,04/25/2026 08:30:00,19.88,324.2,363.3,0.17,210.75,,,,,,
7728,04/25/2026 08:40:00,19.94,325.4,364.1,0.17,211.49,,,,,,
7729,04/25/2026 08:50:00,20.00,326.2,364.4,0.17,212.00,,,,,,
7730,04/25/2026 09:00:00,20.07,326.9,364.6,0.17,212.49,,,,,,
7731,04/25/2026 09:10:00,20.19,327.7,364.5,0.17,213.01,,,,,,
7732,04/25/2026 09:20:00,20.32,329.1,364.9,0.17,213.88,,,,,,
7733,04/25/2026 09:30:00,20.45,330.1,364.9,0.17,214.54,,,,,,
7734,04/25/2026 09:40:00,20.63,331.2,364.8,0.17,215.31,,,,,,
7735,04/25/2026 09:50:00,20.80,332.7,364.9,0.17,216.27,,,,,,
7736,04/25/2026 10:00:00,20.98,334.2,365.1,0.17,217.26,,,,,,
7737,04/25/2026 10:10:00,21.12,335.1,364.8,0.17,217.84,,,,,,
7738,04/25/2026 10:20:00,21.28,336.2,364.7,0.17,218.52,,,,,,
7739,04/25/2026 10:30:00,21.48,337.4,364.3,0.17,219.32,,,,,,
7740,04/25/2026 10:40:00,21.70,338.5,363.7,0.17,220.03,,,,,,
7741,04/25/2026 10:50:00,21.99,339.8,362.7,0.17,220.86,,,,,,
7742,04/25/2026 11:00:00,22.14,340.0,361.7,0.17,220.98,,,,,,
7743,04/25/2026 11:10:00,22.27,339.1,359.8,0.17,220.44,,,,,,
7744,04/25/2026 11:20:00,22.49,339.5,358.4,0.17,220.67,,,,,,
7745,04/25/2026 11:30:00,22.76,340.6,357.4,0.17,221.39,,,,,,
7746,04/25/2026 11:40:00,23.06,340.0,354.4,0.17,220.97,,,,,,
7747,04/25/2026 11:50:00,23.40,340.1,351.9,0.17,221.06,,,,,,
7748,04/25/2026 12:00:00,23.82,341.5,350.1,0.17,221.94,,,,,,
7749,04/25/2026 12:10:00,24.21,342.6,348.4,0.17,222.69,,,,,,
7750,04/25/2026 12:20:00,24.56,340.6,343.8,0.17,221.37,,,,,,
7751,04/25/2026 12:30:00,24.91,340.3,340.9,0.16,221.16,,,,,,
7752,04/25/2026 12:40:00,25.34,339.8,337.4,0.16,220.84,,,,,,
7753,04/25/2026 12:50:00,25.66,339.6,335.0,0.16,220.77,,,,,,
7754,04/25/2026 13:00:00,26.05,338.9,331.6,0.16,220.31,,,,,,
7755,04/25/2026 13:10:00,26.40,337.8,328.2,0.16,219.58,,,,,,
7756,04/25/2026 13:20:00,26.79,335.3,323.2,0.16,217.94,,,,,,
7757,04/25/2026 13:30:00,27.17,334.3,319.8,0.15,217.32,,,,,,
7758,04/25/2026 13:40:00,27.54,329.6,313.0,0.15,214.27,,,,,,
7759,04/25/2026 13:50:00,27.99,330.5,311.0,0.15,214.85,,,,,,
7760,04/25/2026 14:00:00,28.38,334.0,311.9,0.15,217.08,,,,,,
7761,04/25/2026 14:10:00,28.76,336.1,311.4,0.15,218.44,,,,,,
7762,04/25/2026 14:20:00,29.10,335.1,308.5,0.15,217.80,,,,,,
7763,04/25/2026 14:30:00,29.49,333.8,305.0,0.15,216.96,,,,,,
7764,04/25/2026 14:40:00,29.90,331.5,300.5,0.15,215.44,,,,,,
7765,04/25/2026 14:50:00,30.26,331.5,298.5,0.14,215.47,,,,,,
7766,04/25/2026 15:00:00,30.66,332.3,297.0,0.14,216.02,,,,,,
7767,04/25/2026 15:10:00,31.01,332.1,294.9,0.14,215.86,,,,,,
7768,04/25/2026 15:20:00,31.27,331.4,292.9,0.14,215.44,,,,,,
7769,04/25/2026 15:30:00,31.56,331.8,291.6,0.14,215.64,,,,,,
7770,04/25/2026 15:40:00,31.84,332.2,290.4,0.14,215.91,,,,,,
7771,04/25/2026 15:50:00,32.06,330.0,287.4,0.14,214.51,,,,,,
7772,04/25/2026 16:00:00,32.29,327.6,284.1,0.14,212.94,,,,,,
7773,04/25/2026 16:10:00,32.48,325.0,280.9,0.14,211.23,,,,,,
7774,04/25/2026 16:20:00,32.63,324.0,279.2,0.14,210.59,,,,,,
7775,04/25/2026 16:30:00,32.76,322.9,277.6,0.14,209.90,,,,,,
7776,04/25/2026 16:40:00,32.86,324.7,278.7,0.14,211.04,,,,,,
7777,04/25/2026 16:50:00,32.95,322.4,276.3,0.13,209.59,,,,,,
7778,04/25/2026 17:00:00,32.98,322.0,275.7,0.13,209.28,,,,,,
7779,04/25/2026 17:10:00,32.94,319.8,274.1,0.13,207.89,,,,,,
7780,04/25/2026 17:20:00,32.81,318.2,273.4,0.13,206.84,,,,,,
7781,04/25/2026 17:30:00,32.65,315.7,272.0,0.13,205.19,,,,,,
7782,04/25/2026 17:40:00,32.49,316.4,273.4,0.13,205.67,,,,,,
7783,04/25/2026 17:50:00,32.28,315.3,273.5,0.13,204.93,,,,,,
7784,04/25/2026 18:00:00,32.02,310.6,270.7,0.13,201.87,,,,,,
7785,04/25/2026 18:10:00,31.75,309.6,271.2,0.13,201.24,,,,,,
7786,04/25/2026 18:20:00,31.49,311.0,273.7,0.13,202.16,,,,,,
7787,04/25/2026 18:30:00,31.22,309.3,273.6,0.13,201.04,,,,,,
7788,04/25/2026 18:40:00,30.96,307.3,273.1,0.13,199.71,,,,,,
7789,04/25/2026 18:50:00,30.66,306.1,273.6,0.13,198.96,,,,,,
7790,04/25/2026 19:00:00,30.43,308.6,277.0,0.13,200.58,,,,,,
7791,04/25/2026 19:10:00,30.18,304.8,274.9,0.13,198.15,,,,,,
7792,04/25/2026 19:20:00,29.93,303.0,274.5,0.13,196.92,,,,,,
7793,04/25/2026 19:30:00,29.64,301.1,274.3,0.13,195.68,,,,,,
7794,04/25/2026 19:40:00,29.34,300.6,275.5,0.13,195.38,,,,,,
7795,04/25/2026 19:50:00,29.09,290.1,267.2,0.13,188.58,,,,,,
7796,04/25/2026 20:00:00,28.85,287.8,266.3,0.13,187.04,,,,,,
7797,04/25/2026 20:10:00,28.57,286.4,266.4,0.13,186.17,,,,,,
7798,04/25/2026 20:20:00,28.30,284.3,265.9,0.13,184.79,,,,,,
7799,04/25/2026 20:30:00,28.04,284.3,267.3,0.13,184.82,,,,,,
7800,04/25/2026 20:40:00,27.80,282.7,267.0,0.13,183.76,,,,,,
7801,04/25/2026 20:50:00,27.53,282.6,268.3,0.13,183.68,,,,,,
7802,04/25/2026 21:00:00,27.29,282.1,269.1,0.13,183.37,,,,,,
7803,04/25/2026 21:10:00,27.08,282.8,270.9,0.13,183.79,,,,,,
7804,04/25/2026 21:20:00,26.87,283.0,272.3,0.13,183.96,,,,,,
7805,04/25/2026 21:30:00,26.65,283.8,274.2,0.13,184.44,,,,,,
7806,04/25/2026 21:40:00,26.46,284.5,276.1,0.13,184.94,,,,,,
7807,04/25/2026 21:50:00,26.28,286.9,279.4,0.14,186.47,,,,,,
7808,04/25/2026 22:00:00,26.12,288.0,281.3,0.14,187.17,,,,,,
7809,04/25/2026 22:10:00,25.97,289.7,283.9,0.14,188.28,,,,,,
7810,04/25/2026 22:20:00,25.83,291.2,286.2,0.14,189.26,,,,,,
7811,04/25/2026 22:30:00,25.67,293.1,289.0,0.14,190.49,,,,,,
7812,04/25/2026 22:40:00,25.57,294.6,291.1,0.14,191.46,,,,,,
7813,04/25/2026 22:50:00,25.44,295.5,292.7,0.14,192.04,,,,,,
7814,04/25/2026 23:00:00,25.32,296.4,294.4,0.14,192.64,,,,,,
7815,04/25/2026 23:10:00,25.18,297.1,296.0,0.14,193.14,,,,,,
7816,04/25/2026 23:20:00,24.99,298.1,298.1,0.14,193.75,,,,,,
7817,04/25/2026 23:30:00,24.83,299.7,300.7,0.15,194.80,,,,,,
7818,04/25/2026 23:40:00,24.69,301.3,303.3,0.15,195.84,,,,,,
7819,04/25/2026 23:50:00,24.58,297.2,299.8,0.14,193.17,,,,,,
7820,04/26/2026 00:00:00,24.53,285.8,288.6,0.14,185.74,,,,,,
7821,04/26/2026 00:10:00,24.49,279.6,282.6,0.14,181.73,,,,,,
7822,04/26/2026 00:20:00,24.41,275.7,279.2,0.13,179.23,,,,,,
7823,04/26/2026 00:30:00,24.31,267.3,271.3,0.13,173.77,,,,,,
7824,04/26/2026 00:40:00,24.19,268.4,273.1,0.13,174.47,,,,,,
7825,04/26/2026 00:50:00,24.10,269.3,274.5,0.13,175.06,,,,,,
7826,04/26/2026 01:00:00,24.05,269.8,275.3,0.13,175.40,,,,,,
7827,04/26/2026 01:10:00,23.99,271.1,277.0,0.13,176.19,,,,,,
7828,04/26/2026 01:20:00,23.89,273.0,279.4,0.13,177.42,,,,,,
7829,04/26/2026 01:30:00,23.80,275.7,282.8,0.14,179.20,,,,,,
7830,04/26/2026 01:40:00,23.70,275.7,283.4,0.14,179.20,,,,,,
7831,04/26/2026 01:50:00,23.60,275.7,284.0,0.14,179.18,,,,,,
7832,04/26/2026 02:00:00,23.51,276.4,285.3,0.14,179.64,,,,,,
7833,04/26/2026 02:10:00,23.41,274.0,283.4,0.14,178.10,,,,,,
7834,04/26/2026 02:20:00,23.34,273.0,282.9,0.14,177.48,,,,,,
7835,04/26/2026 02:30:00,23.27,273.7,284.0,0.14,177.89,,,,,,
7836,04/26/2026 02:40:00,23.19,273.9,284.7,0.14,178.06,,,,,,
7837,04/26/2026 02:50:00,23.11,275.0,286.3,0.14,178.72,,,,,,
7838,04/26/2026 03:00:00,23.03,275.3,287.1,0.14,178.94,,,,,,
7839,04/26/2026 03:10:00,22.95,275.2,287.6,0.14,178.87,,,,,,
7840,04/26/2026 03:20:00,22.89,276.6,289.5,0.14,179.82,,,,,,
7841,04/26/2026 03:30:00,22.83,277.2,290.4,0.14,180.18,,,,,,
7842,04/26/2026 03:40:00,22.77,278.3,291.9,0.14,180.88,,,,,,
7843,04/26/2026 03:50:00,22.72,278.9,292.9,0.14,181.29,,,,,,
7844,04/26/2026 04:00:00,22.68,280.2,294.5,0.14,182.11,,,,,,
7845,04/26/2026 04:10:00,22.63,281.2,295.9,0.14,182.78,,,,,,
7846,04/26/2026 04:20:00,22.59,282.8,297.9,0.14,183.84,,,,,,
7847,04/26/2026 04:30:00,22.53,284.9,300.4,0.14,185.16,,,,,,
7848,04/26/2026 04:40:00,22.48,286.9,302.9,0.15,186.48,,,,,,
7849,04/26/2026 04:50:00,22.43,289.2,305.7,0.15,187.98,,,,,,
7850,04/26/2026 05:00:00,22.38,291.5,308.4,0.15,189.45,,,,,,
7851,04/26/2026 05:10:00,22.33,294.1,311.6,0.15,191.20,,,,,,
7852,04/26/2026 05:20:00,22.29,295.7,313.6,0.15,192.20,,,,,,
7853,04/26/2026 05:30:00,22.23,298.1,316.4,0.15,193.74,,,,,,
7854,04/26/2026 05:40:00,22.18,300.5,319.4,0.15,195.35,,,,,,
7855,04/26/2026 05:50:00,22.13,302.7,322.1,0.15,196.78,,,,,,
7856,04/26/2026 06:00:00,22.08,304.4,324.2,0.16,197.84,,,,,,
7857,04/26/2026 06:10:00,22.03,306.1,326.4,0.16,198.97,,,,,,
7858,04/26/2026 06:20:00,22.00,307.7,328.5,0.16,200.03,,,,,,
7859,04/26/2026 06:30:00,21.97,309.1,330.1,0.16,200.90,,,,,,
7860,04/26/2026 06:40:00,21.94,310.6,331.9,0.16,201.87,,,,,,
7861,04/26/2026 06:50:00,21.91,311.9,333.5,0.16,202.74,,,,,,
7862,04/26/2026 07:00:00,21.89,313.3,335.1,0.16,203.64,,,,,,
7863,04/26/2026 07:10:00,21.88,314.5,336.6,0.16,204.43,,,,,,
7864,04/26/2026 07:20:00,21.87,315.3,337.5,0.16,204.94,,,,,,
7865,04/26/2026 07:30:00,21.85,316.3,338.7,0.16,205.58,,,,,,
7866,04/26/2026 07:40:00,21.85,317.6,340.1,0.16,206.41,,,,,,
7867,04/26/2026 07:50:00,21.84,318.5,341.1,0.16,207.03,,,,,,
7868,04/26/2026 08:00:00,21.84,319.7,342.5,0.16,207.81,,,,,,
7869,04/26/2026 08:10:00,21.84,321.1,343.9,0.17,208.70,,,,,,
7870,04/26/2026 08:20:00,21.85,322.4,345.3,0.17,209.59,,,,,,
7871,04/26/2026 08:30:00,21.87,323.9,346.6,0.17,210.52,,,,,,
7872,04/26/2026 08:40:00,21.90,325.3,348.0,0.17,211.47,,,,,,
7873,04/26/2026 08:50:00,21.94,327.4,349.9,0.17,212.83,,,,,,
7874,04/26/2026 09:00:00,21.98,329.0,351.3,0.17,213.86,,,,,,
7875,04/26/2026 09:10:00,22.04,331.6,353.6,0.17,215.55,,,,,,
7876,04/26/2026 09:20:00,22.12,333.9,355.4,0.17,217.02,,,,,,
7877,04/26/2026 09:30:00,22.18,335.7,356.8,0.17,218.20,,,,,,
7878,04/26/2026 09:40:00,22.22,337.4,358.3,0.17,219.31,,,,,,
7879,04/26/2026 09:50:00,22.26,339.3,360.1,0.17,220.57,,,,,,
7880,04/26/2026 10:00:00,22.30,340.9,361.3,0.17,221.56,,,,,,
7881,04/26/2026 10:10:00,22.35,342.6,362.8,0.17,222.68,,,,,,
7882,04/26/2026 10:20:00,22.42,344.9,364.6,0.18,224.16,,,,,,
7883,04/26/2026 10:30:00,22.50,346.7,365.9,0.18,225.38,,,,,,
7884,04/26/2026 10:40:00,22.60,349.8,368.4,0.18,227.37,,,,,,
7885,04/26/2026 10:50:00,22.68,352.8,370.8,0.18,229.29,,,,,,
7886,04/26/2026 11:00:00,22.82,356.6,373.8,0.18,231.82,,,,,,
7887,04/26/2026 11:10:00,23.01,360.9,376.6,0.18,234.61,,,,,,
7888,04/26/2026 11:20:00,23.18,364.0,378.5,0.18,236.57,,,,,,
7889,04/26/2026 11:30:00,23.46,368.6,380.9,0.18,239.58,,,,,,
7890,04/26/2026 11:40:00,23.80,372.3,382.0,0.18,242.02,,,,,,
7891,04/26/2026 11:50:00,24.07,376.4,383.9,0.19,244.69,,,,,,
7892,04/26/2026 12:00:00,24.32,379.5,385.0,0.19,246.64,,,,,,
7893,04/26/2026 12:10:00,24.60,382.7,385.9,0.19,248.77,,,,,,
7894,04/26/2026 12:20:00,24.91,386.5,387.2,0.19,251.23,,,,,,
7895,04/26/2026 12:30:00,25.08,387.6,387.0,0.19,251.95,,,,,,
7896,04/26/2026 12:40:00,25.22,388.5,386.7,0.19,252.52,,,,,,
7897,04/26/2026 12:50:00,25.36,389.9,387.0,0.19,253.45,,,,,,
7898,04/26/2026 13:00:00,25.59,391.7,386.9,0.19,254.62,,,,,,
7899,04/26/2026 13:10:00,25.82,392.5,385.8,0.19,255.14,,,,,,
7900,04/26/2026 13:20:00,26.02,391.3,383.1,0.19,254.33,,,,,,
7901,04/26/2026 13:30:00,26.33,394.6,383.9,0.19,256.51,,,,,,
7902,04/26/2026 13:40:00,26.65,395.1,381.8,0.18,256.82,,,,,,
7903,04/26/2026 13:50:00,27.06,395.5,379.1,0.18,257.06,,,,,,
7904,04/26/2026 14:00:00,27.37,395.3,376.6,0.18,256.98,,,,,,
7905,04/26/2026 14:10:00,27.75,394.5,373.0,0.18,256.44,,,,,,
7906,04/26/2026 14:20:00,28.06,393.3,369.5,0.18,255.63,,,,,,
7907,04/26/2026 14:30:00,28.34,391.3,365.6,0.18,254.36,,,,,,
7908,04/26/2026 14:40:00,28.67,391.3,363.2,0.18,254.31,,,,,,
7909,04/26/2026 14:50:00,28.97,388.6,358.7,0.17,252.60,,,,,,
7910,04/26/2026 15:00:00,29.28,386.9,355.0,0.17,251.51,,,,,,
7911,04/26/2026 15:10:00,29.46,387.6,354.4,0.17,251.92,,,,,,
7912,04/26/2026 15:20:00,29.69,385.4,350.8,0.17,250.48,,,,,,
7913,04/26/2026 15:30:00,29.80,380.5,345.6,0.17,247.33,,,,,,
7914,04/26/2026 15:40:00,29.96,381.3,345.3,0.17,247.85,,,,,,
7915,04/26/2026 15:50:00,30.10,381.6,344.7,0.17,248.04,,,,,,
7916,04/26/2026 16:00:00,30.24,382.6,344.7,0.17,248.66,,,,,,
7917,04/26/2026 16:10:00,30.38,379.4,340.9,0.17,246.59,,,,,,
7918,04/26/2026 16:20:00,30.58,378.9,339.2,0.16,246.26,,,,,,
7919,04/26/2026 16:30:00,30.71,377.4,337.0,0.16,245.33,,,,,,
7920,04/26/2026 16:40:00,30.87,375.1,334.0,0.16,243.85,,,,,,
7921,04/26/2026 16:50:00,30.99,367.3,326.2,0.16,238.72,,,,,,
7922,04/26/2026 17:00:00,31.07,361.8,320.9,0.16,235.17,,,,,,
7923,04/26/2026 17:10:00,31.13,358.3,317.5,0.15,232.91,,,,,,
7924,04/26/2026 17:20:00,31.16,353.3,312.9,0.15,229.66,,,,,,
7925,04/26/2026 17:30:00,31.18,350.0,309.8,0.15,227.51,,,,,,
7926,04/26/2026 17:40:00,31.19,350.2,309.9,0.15,227.64,,,,,,
7927,04/26/2026 17:50:00,31.15,352.8,312.5,0.15,229.35,,,,,,
7928,04/26/2026 18:00:00,31.06,344.8,305.9,0.15,224.11,,,,,,
7929,04/26/2026 18:10:00,30.95,342.2,304.2,0.15,222.44,,,,,,
7930,04/26/2026 18:20:00,30.86,342.8,305.2,0.15,222.79,,,,,,
7931,04/26/2026 18:30:00,30.75,342.4,305.5,0.15,222.57,,,,,,
7932,04/26/2026 18:40:00,30.62,341.2,305.1,0.15,221.77,,,,,,
7933,04/26/2026 18:50:00,30.45,340.6,305.6,0.15,221.39,,,,,,
7934,04/26/2026 19:00:00,30.26,339.5,305.7,0.15,220.70,,,,,,
7935,04/26/2026 19:10:00,30.07,339.3,306.7,0.15,220.55,,,,,,
7936,04/26/2026 19:20:00,29.86,335.5,304.5,0.15,218.09,,,,,,
7937,04/26/2026 19:30:00,29.64,333.3,303.7,0.15,216.62,,,,,,
7938,04/26/2026 19:40:00,29.41,331.2,303.2,0.15,215.31,,,,,,
7939,04/26/2026 19:50:00,29.19,328.1,301.6,0.15,213.27,,,,,,
7940,04/26/2026 20:00:00,28.95,326.4,301.4,0.15,212.17,,,,,,
7941,04/26/2026 20:10:00,28.70,323.7,300.4,0.15,210.41,,,,,,
7942,04/26/2026 20:20:00,28.48,323.1,301.1,0.15,210.04,,,,,,
7943,04/26/2026 20:30:00,28.26,324.0,303.3,0.15,210.61,,,,,,
7944,04/26/2026 20:40:00,28.06,320.4,301.1,0.15,208.24,,,,,,
7945,04/26/2026 20:50:00,27.85,319.0,301.0,0.15,207.33,,,,,,
7946,04/26/2026 21:00:00,27.66,318.2,301.3,0.15,206.80,,,,,,
7947,04/26/2026 21:10:00,27.44,315.5,300.1,0.15,205.06,,,,,,
7948,04/26/2026 21:20:00,27.23,313.5,299.5,0.14,203.79,,,,,,
7949,04/26/2026 21:30:00,27.05,313.4,300.5,0.15,203.72,,,,,,
7950,04/26/2026 21:40:00,26.85,312.5,300.9,0.15,203.16,,,,,,
7951,04/26/2026 21:50:00,26.64,312.6,302.2,0.15,203.22,,,,,,
7952,04/26/2026 22:00:00,26.45,312.9,303.7,0.15,203.41,,,,,,
7953,04/26/2026 22:10:00,26.27,312.7,304.6,0.15,203.27,,,,,,
7954,04/26/2026 22:20:00,26.10,312.7,305.7,0.15,203.27,,,,,,
7955,04/26/2026 22:30:00,25.95,312.8,306.7,0.15,203.34,,,,,,
7956,04/26/2026 22:40:00,25.79,312.7,307.6,0.15,203.27,,,,,,
7957,04/26/2026 22:50:00,25.64,312.4,308.3,0.15,203.08,,,,,,
7958,04/26/2026 23:00:00,25.48,314.3,311.1,0.15,204.28,,,,,,
7959,04/26/2026 23:10:00,25.35,314.2,311.9,0.15,204.23,,,,,,
7960,04/26/2026 23:20:00,25.22,314.8,313.3,0.15,204.61,,,,,,
7961,04/26/2026 23:30:00,25.11,315.4,314.6,0.15,204.99,,,,,,
7962,04/26/2026 23:40:00,24.97,315.7,315.9,0.15,205.22,,,,,,
7963,04/26/2026 23:50:00,24.88,317.2,318.0,0.15,206.16,,,,,,
7964,04/27/2026 00:00:00,24.75,317.3,319.0,0.15,206.23,,,,,,
7965,04/27/2026 00:10:00,24.66,318.9,321.2,0.15,207.27,,,,,,
7966,04/27/2026 00:20:00,24.56,318.8,321.8,0.16,207.20,,,,,,
7967,04/27/2026 00:30:00,24.45,320.3,324.1,0.16,208.22,,,,,,
7968,04/27/2026 00:40:00,24.35,321.2,325.6,0.16,208.76,,,,,,
7969,04/27/2026 00:50:00,24.28,322.2,327.1,0.16,209.40,,,,,,
7970,04/27/2026 01:00:00,24.17,323.4,329.1,0.16,210.20,,,,,,
7971,04/27/2026 01:10:00,24.09,323.9,330.2,0.16,210.53,,,,,,
7972,04/27/2026 01:20:00,24.03,324.8,331.5,0.16,211.09,,,,,,
7973,04/27/2026 01:30:00,23.96,325.7,333.0,0.16,211.71,,,,,,
7974,04/27/2026 01:40:00,23.89,326.5,334.3,0.16,212.20,,,,,,
7975,04/27/2026 01:50:00,23.83,327.2,335.4,0.16,212.65,,,,,,
7976,04/27/2026 02:00:00,23.78,328.7,337.4,0.16,213.67,,,,,,
7977,04/27/2026 02:10:00,23.71,330.2,339.4,0.16,214.62,,,,,,
7978,04/27/2026 02:20:00,23.65,330.9,340.6,0.16,215.09,,,,,,
7979,04/27/2026 02:30:00,23.59,332.0,342.1,0.16,215.77,,,,,,
7980,04/27/2026 02:40:00,23.53,332.9,343.5,0.17,216.41,,,,,,
7981,04/27/2026 02:50:00,23.48,334.4,345.4,0.17,217.33,,,,,,
7982,04/27/2026 03:00:00,23.43,335.8,347.3,0.17,218.29,,,,,,
7983,04/27/2026 03:10:00,23.37,337.0,349.0,0.17,219.08,,,,,,
7984,04/27/2026 03:20:00,23.34,339.4,351.7,0.17,220.62,,,,,,
7985,04/27/2026 03:30:00,23.30,341.0,353.6,0.17,221.64,,,,,,
7986,04/27/2026 03:40:00,23.26,342.3,355.3,0.17,222.52,,,,,,
7987,04/27/2026 03:50:00,23.22,344.0,357.4,0.17,223.63,,,,,,
7988,04/27/2026 04:00:00,23.21,345.3,358.8,0.17,224.46,,,,,,
7989,04/27/2026 04:10:00,23.18,348.2,362.0,0.17,226.34,,,,,,
7990,04/27/2026 04:20:00,23.18,350.2,364.1,0.18,227.63,,,,,,
7991,04/27/2026 04:30:00,23.15,352.1,366.3,0.18,228.86,,,,,,
7992,04/27/2026 04:40:00,23.12,354.4,368.9,0.18,230.36,,,,,,
7993,04/27/2026 04:50:00,23.10,356.2,371.0,0.18,231.51,,,,,,
7994,04/27/2026 05:00:00,23.07,358.5,373.7,0.18,233.03,,,,,,
7995,04/27/2026 05:10:00,23.03,360.5,376.0,0.18,234.33,,,,,,
7996,04/27/2026 05:20:00,23.01,362.3,378.1,0.18,235.51,,,,,,
7997,04/27/2026 05:30:00,22.99,364.3,380.3,0.18,236.79,,,,,,
7998,04/27/2026 05:40:00,22.97,366.3,382.6,0.18,238.06,,,,,,
7999,04/27/2026 05:50:00,22.96,368.0,384.5,0.18,239.19,,,,,,
8000,04/27/2026 06:00:00,22.94,370.3,387.0,0.19,240.67,,,,,,
8001,04/27/2026 06:10:00,22.93,372.3,389.3,0.19,242.01,,,,,,
8002,04/27/2026 06:20:00,22.91,374.5,391.7,0.19,243.42,,,,,,
8003,04/27/2026 06:30:00,22.90,375.7,393.0,0.19,244.18,,,,,,
8004,04/27/2026 06:40:00,22.88,377.8,395.4,0.19,245.57,,,,,,
8005,04/27/2026 06:50:00,22.87,379.4,397.2,0.19,246.61,,,,,,
8006,04/27/2026 07:00:00,22.85,380.9,398.9,0.19,247.58,,,,,,
8007,04/27/2026 07:10:00,22.83,382.1,400.3,0.19,248.35,,,,,,
8008,04/27/2026 07:20:00,22.82,383.5,401.9,0.19,249.30,,,,,,
8009,04/27/2026 07:30:00,22.83,385.4,403.9,0.19,250.54,,,,,,
8010,04/27/2026 07:40:00,22.83,387.0,405.4,0.20,251.52,,,,,,
8011,04/27/2026 07:50:00,22.84,388.1,406.5,0.20,252.25,,,,,,
8012,04/27/2026 08:00:00,22.86,389.5,407.8,0.20,253.17,,,,,,
8013,04/27/2026 08:10:00,22.88,390.5,408.7,0.20,253.85,,,,,,
8014,04/27/2026 08:20:00,22.91,392.4,410.4,0.20,255.04,,,,,,
8015,04/27/2026 08:30:00,22.96,393.6,411.2,0.20,255.82,,,,,,
8016,04/27/2026 08:40:00,23.01,395.1,412.3,0.20,256.82,,,,,,
8017,04/27/2026 08:50:00,23.07,396.3,413.0,0.20,257.59,,,,,,
8018,04/27/2026 09:00:00,23.15,398.9,415.0,0.20,259.29,,,,,,
8019,04/27/2026 09:10:00,23.24,399.3,414.7,0.20,259.57,,,,,,
8020,04/27/2026 09:20:00,23.33,398.7,413.2,0.20,259.15,,,,,,
8021,04/27/2026 09:30:00,23.43,403.8,417.5,0.20,262.44,,,,,,
8022,04/27/2026 09:40:00,23.57,404.8,417.3,0.20,263.13,,,,,,
8023,04/27/2026 09:50:00,23.69,405.1,416.5,0.20,263.29,,,,,,
8024,04/27/2026 10:00:00,23.81,397.8,408.0,0.20,258.59,,,,,,
8025,04/27/2026 10:10:00,23.94,400.0,409.1,0.20,260.00,,,,,,
8026,04/27/2026 10:20:00,24.10,410.6,418.5,0.20,266.87,,,,,,
8027,04/27/2026 10:30:00,24.24,412.1,418.8,0.20,267.88,,,,,,
8028,04/27/2026 10:40:00,24.41,412.8,418.1,0.20,268.34,,,,,,
8029,04/27/2026 10:50:00,24.63,413.6,416.8,0.20,268.82,,,,,,
8030,04/27/2026 11:00:00,24.81,413.5,415.2,0.20,268.80,,,,,,
8031,04/27/2026 11:10:00,25.03,414.1,413.8,0.20,269.17,,,,,,
8032,04/27/2026 11:20:00,25.27,414.2,411.8,0.20,269.23,,,,,,
8033,04/27/2026 11:30:00,25.54,408.8,404.3,0.20,265.74,,,,,,
8034,04/27/2026 11:40:00,25.86,411.5,404.2,0.20,267.48,,,,,,
8035,04/27/2026 11:50:00,26.16,412.6,402.7,0.19,268.16,,,,,,
8036,04/27/2026 12:00:00,26.48,405.8,393.6,0.19,263.78,,,,,,
8037,04/27/2026 12:10:00,26.82,406.9,391.9,0.19,264.51,,,,,,
8038,04/27/2026 12:20:00,27.28,407.9,389.3,0.19,265.16,,,,,,
8039,04/27/2026 12:30:00,27.66,407.4,385.8,0.19,264.78,,,,,,
8040,04/27/2026 12:40:00,28.14,407.9,382.7,0.19,265.15,,,,,,
8041,04/27/2026 12:50:00,28.56,405.7,377.4,0.18,263.70,,,,,,
8042,04/27/2026 13:00:00,28.98,401.2,370.3,0.18,260.79,,,,,,
8043,04/27/2026 13:10:00,29.37,399.1,365.5,0.18,259.40,,,,,,
8044,04/27/2026 13:20:00,29.78,395.2,359.1,0.17,256.88,,,,,,
8045,04/27/2026 13:30:00,30.08,393.2,355.3,0.17,255.59,,,,,,
8046,04/27/2026 13:40:00,30.48,391.9,351.4,0.17,254.72,,,,,,
8047,04/27/2026 13:50:00,30.88,389.1,346.3,0.17,252.91,,,,,,
8048,04/27/2026 14:00:00,31.19,388.3,343.6,0.17,252.40,,,,,,
8049,04/27/2026 14:10:00,31.40,390.9,344.6,0.17,254.06,,,,,,
8050,04/27/2026 14:20:00,31.79,388.6,340.1,0.16,252.58,,,,,,
8051,04/27/2026 14:30:00,32.12,385.7,335.5,0.16,250.72,,,,,,
8052,04/27/2026 14:40:00,32.49,388.4,335.6,0.16,252.46,,,,,,
8053,04/27/2026 14:50:00,32.57,387.2,334.1,0.16,251.68,,,,,,
8054,04/27/2026 15:00:00,32.92,388.3,332.9,0.16,252.37,,,,,,
8055,04/27/2026 15:10:00,33.21,387.3,330.4,0.16,251.74,,,,,,
8056,04/27/2026 15:20:00,33.42,388.7,330.3,0.16,252.67,,,,,,
8057,04/27/2026 15:30:00,33.71,388.9,328.7,0.16,252.79,,,,,,
8058,04/27/2026 15:40:00,33.95,386.1,325.0,0.16,250.96,,,,,,
8059,04/27/2026 15:50:00,34.11,384.5,322.8,0.16,249.95,,,,,,
8060,04/27/2026 16:00:00,34.27,383.7,321.2,0.16,249.40,,,,,,
8061,04/27/2026 16:10:00,34.39,383.4,320.3,0.16,249.23,,,,,,
8062,04/27/2026 16:20:00,34.48,383.5,319.8,0.16,249.26,,,,,,
8063,04/27/2026 16:30:00,34.59,375.8,312.8,0.15,244.29,,,,,,
8064,04/27/2026 16:40:00,34.69,376.0,312.4,0.15,244.39,,,,,,
8065,04/27/2026 16:50:00,34.77,373.5,309.9,0.15,242.77,,,,,,
8066,04/27/2026 17:00:00,34.83,374.7,310.6,0.15,243.55,,,,,,
8067,04/27/2026 17:10:00,34.85,362.5,300.4,0.15,235.61,,,,,,
8068,04/27/2026 17:20:00,34.88,360.9,298.9,0.15,234.59,,,,,,
8069,04/27/2026 17:30:00,34.90,354.7,293.7,0.14,230.57,,,,,,
8070,04/27/2026 17:40:00,34.86,354.7,293.9,0.14,230.57,,,,,,
8071,04/27/2026 17:50:00,34.82,354.6,294.0,0.14,230.52,,,,,,
8072,04/27/2026 18:00:00,34.75,353.2,293.2,0.14,229.58,,,,,,
8073,04/27/2026 18:10:00,34.66,353.7,294.0,0.14,229.87,,,,,,
8074,04/27/2026 18:20:00,34.55,353.7,294.6,0.14,229.89,,,,,,
8075,04/27/2026 18:30:00,34.41,356.7,297.8,0.14,231.85,,,,,,
8076,04/27/2026 18:40:00,34.27,354.9,297.1,0.14,230.68,,,,,,
8077,04/27/2026 18:50:00,34.13,358.8,301.1,0.15,233.25,,,,,,
8078,04/27/2026 19:00:00,33.92,361.6,304.6,0.15,235.07,,,,,,
8079,04/27/2026 19:10:00,33.67,358.6,303.3,0.15,233.07,,,,,,
8080,04/27/2026 19:20:00,33.42,361.4,307.1,0.15,234.93,,,,,,
8081,04/27/2026 19:30:00,33.15,358.6,306.2,0.15,233.10,,,,,,
8082,04/27/2026 19:40:00,32.84,359.7,308.8,0.15,233.79,,,,,,
8083,04/27/2026 19:50:00,32.55,357.1,308.3,0.15,232.14,,,,,,
8084,04/27/2026 20:00:00,32.24,356.7,309.7,0.15,231.89,,,,,,
8085,04/27/2026 20:10:00,31.94,356.4,311.1,0.15,231.67,,,,,,
8086,04/27/2026 20:20:00,31.64,355.0,311.6,0.15,230.78,,,,,,
8087,04/27/2026 20:30:00,31.35,353.0,311.5,0.15,229.44,,,,,,
8088,04/27/2026 20:40:00,31.07,350.7,311.0,0.15,227.93,,,,,,
8089,04/27/2026 20:50:00,30.80,348.7,310.8,0.15,226.63,,,,,,
8090,04/27/2026 21:00:00,30.55,345.7,309.5,0.15,224.67,,,,,,
8091,04/27/2026 21:10:00,30.31,343.3,308.8,0.15,223.12,,,,,,
8092,04/27/2026 21:20:00,30.05,341.4,308.7,0.15,221.94,,,,,,
8093,04/27/2026 21:30:00,29.81,339.3,308.2,0.15,220.56,,,,,,
8094,04/27/2026 21:40:00,29.57,337.9,308.4,0.15,219.66,,,,,,
8095,04/27/2026 21:50:00,29.33,335.9,307.9,0.15,218.33,,,,,,
8096,04/27/2026 22:00:00,29.10,333.2,306.8,0.15,216.60,,,,,,
8097,04/27/2026 22:10:00,28.87,332.4,307.5,0.15,216.09,,,,,,
8098,04/27/2026 22:20:00,28.66,331.2,307.5,0.15,215.25,,,,,,
8099,04/27/2026 22:30:00,28.44,329.8,307.6,0.15,214.36,,,,,,
8100,04/27/2026 22:40:00,28.31,328.7,307.3,0.15,213.63,,,,,,
8101,04/27/2026 22:50:00,28.14,328.8,308.4,0.15,213.70,,,,,,
8102,04/27/2026 23:00:00,27.94,328.3,309.2,0.15,213.38,,,,,,
8103,04/27/2026 23:10:00,27.73,328.0,310.2,0.15,213.20,,,,,,
8104,04/27/2026 23:20:00,27.55,327.9,311.2,0.15,213.13,,,,,,
8105,04/27/2026 23:30:00,27.39,327.5,311.9,0.15,212.89,,,,,,
8106,04/27/2026 23:40:00,27.22,327.4,312.8,0.15,212.79,,,,,,
8107,04/27/2026 23:50:00,27.06,327.0,313.4,0.15,212.55,,,,,,
8108,04/28/2026 00:00:00,26.92,327.4,314.7,0.15,212.80,,,,,,
8109,04/28/2026 00:10:00,26.77,327.7,316.0,0.15,213.03,,,,,,
8110,04/28/2026 00:20:00,26.62,328.6,317.8,0.15,213.62,,,,,,
8111,04/28/2026 00:30:00,26.49,329.4,319.4,0.15,214.13,,,,,,
8112,04/28/2026 00:40:00,26.37,330.7,321.4,0.16,214.94,,,,,,
8113,04/28/2026 00:50:00,26.26,331.3,322.7,0.16,215.32,,,,,,
8114,04/28/2026 01:00:00,26.14,332.2,324.4,0.16,215.92,,,,,,
8115,04/28/2026 01:10:00,26.06,333.3,326.0,0.16,216.62,,,,,,
8116,04/28/2026 01:20:00,25.97,333.9,327.3,0.16,217.06,,,,,,
8117,04/28/2026 01:30:00,25.89,335.3,329.1,0.16,217.94,,,,,,
8118,04/28/2026 01:40:00,25.81,336.6,331.0,0.16,218.78,,,,,,
8119,04/28/2026 01:50:00,25.73,337.3,332.3,0.16,219.28,,,,,,
8120,04/28/2026 02:00:00,25.65,337.9,333.3,0.16,219.62,,,,,,
8121,04/28/2026 02:10:00,25.57,339.0,335.0,0.16,220.32,,,,,,
8122,04/28/2026 02:20:00,25.50,339.8,336.3,0.16,220.86,,,,,,
8123,04/28/2026 02:30:00,25.44,340.0,336.8,0.16,220.97,,,,,,
8124,04/28/2026 02:40:00,25.39,340.8,338.1,0.16,221.53,,,,,,
8125,04/28/2026 02:50:00,25.32,341.8,339.6,0.16,222.19,,,,,,
8126,04/28/2026 03:00:00,25.27,343.2,341.2,0.16,223.05,,,,,,
8127,04/28/2026 03:10:00,25.23,344.0,342.4,0.17,223.62,,,,,,
8128,04/28/2026 03:20:00,25.18,344.8,343.5,0.17,224.12,,,,,,
8129,04/28/2026 03:30:00,25.12,345.7,344.9,0.17,224.74,,,,,,
8130,04/28/2026 03:40:00,25.08,346.4,345.8,0.17,225.16,,,,,,
8131,04/28/2026 03:50:00,25.03,347.0,346.7,0.17,225.52,,,,,,
8132,04/28/2026 04:00:00,24.99,348.9,349.0,0.17,226.77,,,,,,
8133,04/28/2026 04:10:00,24.95,350.3,350.7,0.17,227.71,,,,,,
8134,04/28/2026 04:20:00,24.91,351.8,352.5,0.17,228.70,,,,,,
8135,04/28/2026 04:30:00,24.87,352.8,353.8,0.17,229.34,,,,,,
8136,04/28/2026 04:40:00,24.84,353.4,354.6,0.17,229.73,,,,,,
8137,04/28/2026 04:50:00,24.81,354.7,356.1,0.17,230.54,,,,,,
8138,04/28/2026 05:00:00,24.78,355.9,357.5,0.17,231.33,,,,,,
8139,04/28/2026 05:10:00,24.75,356.9,358.8,0.17,231.98,,,,,,
8140,04/28/2026 05:20:00,24.72,357.8,359.9,0.17,232.60,,,,,,
8141,04/28/2026 05:30:00,24.70,359.4,361.7,0.17,233.61,,,,,,
8142,04/28/2026 05:40:00,24.68,361.1,363.5,0.18,234.70,,,,,,
8143,04/28/2026 05:50:00,24.66,361.3,364.0,0.18,234.88,,,,,,
8144,04/28/2026 06:00:00,24.64,362.9,365.7,0.18,235.91,,,,,,
8145,04/28/2026 06:10:00,24.62,365.5,368.4,0.18,237.55,,,,,,
8146,04/28/2026 06:20:00,24.61,368.2,371.3,0.18,239.33,,,,,,
8147,04/28/2026 06:30:00,24.59,370.2,373.5,0.18,240.65,,,,,,
8148,04/28/2026 06:40:00,24.58,371.7,375.1,0.18,241.63,,,,,,
8149,04/28/2026 06:50:00,24.56,373.8,377.3,0.18,243.00,,,,,,
8150,04/28/2026 07:00:00,24.55,376.5,380.1,0.18,244.73,,,,,,
8151,04/28/2026 07:10:00,24.54,376.6,380.2,0.18,244.77,,,,,,
8152,04/28/2026 07:20:00,24.54,378.6,382.3,0.18,246.07,,,,,,
8153,04/28/2026 07:30:00,24.53,379.8,383.6,0.18,246.88,,,,,,
8154,04/28/2026 07:40:00,24.52,381.7,385.6,0.19,248.09,,,,,,
8155,04/28/2026 07:50:00,24.52,383.4,387.4,0.19,249.24,,,,,,
8156,04/28/2026 08:00:00,24.51,384.0,388.0,0.19,249.63,,,,,,
8157,04/28/2026 08:10:00,24.51,384.6,388.6,0.19,249.98,,,,,,
8158,04/28/2026 08:20:00,24.51,387.7,391.8,0.19,251.99,,,,,,
8159,04/28/2026 08:30:00,24.50,390.8,395.0,0.19,254.04,,,,,,
8160,04/28/2026 08:40:00,24.49,392.8,397.0,0.19,255.29,,,,,,
8161,04/28/2026 08:50:00,24.49,394.7,399.0,0.19,256.56,,,,,,
8162,04/28/2026 09:00:00,24.50,395.0,399.3,0.19,256.78,,,,,,
8163,04/28/2026 09:10:00,24.51,397.2,401.3,0.19,258.17,,,,,,
8164,04/28/2026 09:20:00,24.54,398.7,402.6,0.19,259.15,,,,,,
8165,04/28/2026 09:30:00,24.58,400.8,404.4,0.20,260.51,,,,,,
8166,04/28/2026 09:40:00,24.60,403.6,407.0,0.20,262.36,,,,,,
8167,04/28/2026 09:50:00,24.63,404.1,407.3,0.20,262.67,,,,,,
8168,04/28/2026 10:00:00,24.64,405.4,408.4,0.20,263.51,,,,,,
8169,04/28/2026 10:10:00,24.66,407.3,410.2,0.20,264.75,,,,,,
8170,04/28/2026 10:20:00,24.69,410.1,412.8,0.20,266.57,,,,,,
8171,04/28/2026 10:30:00,24.75,409.3,411.5,0.20,266.04,,,,,,
8172,04/28/2026 10:40:00,24.80,412.0,413.7,0.20,267.79,,,,,,
8173,04/28/2026 10:50:00,24.85,413.6,414.9,0.20,268.82,,,,,,
8174,04/28/2026 11:00:00,24.91,415.3,416.1,0.20,269.94,,,,,,
8175,04/28/2026 11:10:00,25.00,416.0,416.0,0.20,270.38,,,,,,
8176,04/28/2026 11:20:00,25.15,417.4,416.1,0.20,271.34,,,,,,
8177,04/28/2026 11:30:00,25.31,419.6,416.9,0.20,272.72,,,,,,
8178,04/28/2026 11:40:00,25.43,421.2,417.3,0.20,273.75,,,,,,
8179,04/28/2026 11:50:00,25.56,422.1,417.2,0.20,274.36,,,,,,
8180,04/28/2026 12:00:00,25.74,423.3,416.8,0.20,275.15,,,,,,
8181,04/28/2026 12:10:00,25.95,425.1,416.7,0.20,276.29,,,,,,
8182,04/28/2026 12:20:00,26.15,426.3,416.2,0.20,277.07,,,,,,
8183,04/28/2026 12:30:00,26.32,427.7,416.2,0.20,278.01,,,,,,
8184,04/28/2026 12:40:00,26.54,429.3,415.8,0.20,279.06,,,,,,
8185,04/28/2026 12:50:00,26.83,431.4,415.4,0.20,280.41,,,,,,
8186,04/28/2026 13:00:00,27.04,432.4,414.6,0.20,281.05,,,,,,
8187,04/28/2026 13:10:00,27.26,432.9,413.3,0.20,281.41,,,,,,
8188,04/28/2026 13:20:00,27.52,434.0,412.2,0.20,282.13,,,,,,
8189,04/28/2026 13:30:00,27.77,436.4,412.4,0.20,283.64,,,,,,
8190,04/28/2026 13:40:00,27.98,436.5,410.8,0.20,283.73,,,,,,
8191,04/28/2026 13:50:00,28.23,438.3,410.4,0.20,284.89,,,,,,
8192,04/28/2026 14:00:00,28.45,439.2,409.6,0.20,285.49,,,,,,
8193,04/28/2026 14:10:00,28.63,438.9,407.8,0.20,285.32,,,,,,
8194,04/28/2026 14:20:00,28.82,442.2,409.3,0.20,287.42,,,,,,
8195,04/28/2026 14:30:00,28.97,438.8,405.0,0.20,285.25,,,,,,
8196,04/28/2026 14:40:00,29.10,438.0,403.3,0.20,284.67,,,,,,
8197,04/28/2026 14:50:00,29.18,438.4,403.0,0.20,284.94,,,,,,
8198,04/28/2026 15:00:00,29.21,436.0,400.5,0.19,283.38,,,,,,
8199,04/28/2026 15:10:00,29.27,430.8,395.3,0.19,280.01,,,,,,
8200,04/28/2026 15:20:00,29.32,428.4,392.8,0.19,278.45,,,,,,
8201,04/28/2026 15:30:00,29.34,423.7,388.3,0.19,275.38,,,,,,
8202,04/28/2026 15:40:00,29.34,422.4,387.1,0.19,274.54,,,,,,
8203,04/28/2026 15:50:00,29.35,417.7,382.7,0.19,271.48,,,,,,
8204,04/28/2026 16:00:00,29.36,413.6,378.9,0.18,268.84,,,,,,
8205,04/28/2026 16:10:00,29.36,410.4,376.0,0.18,266.77,,,,,,
8206,04/28/2026 16:20:00,29.34,410.8,376.5,0.18,267.02,,,,,,
8207,04/28/2026 16:30:00,29.33,403.7,370.1,0.18,262.42,,,,,,
8208,04/28/2026 16:40:00,29.32,403.8,370.2,0.18,262.45,,,,,,
8209,04/28/2026 16:50:00,29.31,394.6,361.8,0.18,256.49,,,,,,
8210,04/28/2026 17:00:00,29.29,394.3,361.7,0.18,256.29,,,,,,
8211,04/28/2026 17:10:00,29.26,388.8,356.9,0.17,252.74,,,,,,
8212,04/28/2026 17:20:00,29.20,389.0,357.4,0.17,252.83,,,,,,
8213,04/28/2026 17:30:00,29.14,384.2,353.4,0.17,249.70,,,,,,
8214,04/28/2026 17:40:00,29.06,375.5,346.0,0.17,244.09,,,,,,
8215,04/28/2026 17:50:00,28.98,369.0,340.5,0.16,239.86,,,,,,
8216,04/28/2026 18:00:00,28.84,365.5,338.3,0.16,237.58,,,,,,
8217,04/28/2026 18:10:00,28.58,355.6,330.7,0.16,231.12,,,,,,
8218,04/28/2026 18:20:00,27.73,340.6,322.2,0.16,221.41,,,,,,
8219,04/28/2026 18:30:00,26.96,285.7,274.4,0.13,185.73,,,,,,
8220,04/28/2026 18:40:00,26.69,253.9,245.2,0.12,165.02,,,,,,
8221,04/28/2026 18:50:00,26.53,231.7,224.5,0.11,150.60,,,,,,
8222,04/28/2026 19:00:00,26.42,220.7,214.3,0.10,143.44,,,,,,
8223,04/28/2026 19:10:00,26.37,225.7,219.4,0.11,146.69,,,,,,
8224,04/28/2026 19:20:00,26.28,222.0,216.1,0.11,144.27,,,,,,
8225,04/28/2026 19:30:00,26.20,216.0,210.7,0.10,140.39,,,,,,
8226,04/28/2026 19:40:00,26.14,214.4,209.4,0.10,139.36,,,,,,
8227,04/28/2026 19:50:00,26.07,211.9,207.3,0.10,137.76,,,,,,
8228,04/28/2026 20:00:00,25.98,217.3,212.9,0.10,141.25,,,,,,
8229,04/28/2026 20:10:00,25.88,223.3,219.3,0.11,145.17,,,,,,
8230,04/28/2026 20:20:00,25.78,230.2,226.5,0.11,149.64,,,,,,
8231,04/28/2026 20:30:00,25.69,235.4,232.0,0.11,153.00,,,,,,
8232,04/28/2026 20:40:00,25.58,239.5,236.6,0.11,155.67,,,,,,
8233,04/28/2026 20:50:00,25.50,243.1,240.6,0.12,158.01,,,,,,
8234,04/28/2026 21:00:00,25.42,246.4,244.2,0.12,160.15,,,,,,
8235,04/28/2026 21:10:00,25.34,247.8,246.1,0.12,161.09,,,,,,
8236,04/28/2026 21:20:00,25.26,249.4,248.1,0.12,162.10,,,,,,
8237,04/28/2026 21:30:00,25.18,251.5,250.5,0.12,163.45,,,,,,
8238,04/28/2026 21:40:00,25.09,253.0,252.5,0.12,164.43,,,,,,
8239,04/28/2026 21:50:00,25.01,254.8,254.8,0.12,165.63,,,,,,
8240,04/28/2026 22:00:00,24.93,255.6,256.0,0.12,166.17,,,,,,
8241,04/28/2026 22:10:00,24.83,258.3,259.3,0.13,167.90,,,,,,
8242,04/28/2026 22:20:00,24.74,260.2,261.7,0.13,169.16,,,,,,
8243,04/28/2026 22:30:00,24.66,262.4,264.3,0.13,170.57,,,,,,
8244,04/28/2026 22:40:00,24.59,264.5,266.8,0.13,171.90,,,,,,
8245,04/28/2026 22:50:00,24.52,267.3,270.0,0.13,173.75,,,,,,
8246,04/28/2026 23:00:00,24.44,269.7,272.9,0.13,175.32,,,,,,
8247,04/28/2026 23:10:00,24.38,272.5,276.1,0.13,177.12,,,,,,
8248,04/28/2026 23:20:00,24.30,276.2,280.3,0.14,179.53,,,,,,
8249,04/28/2026 23:30:00,24.22,280.5,285.2,0.14,182.33,,,,,,
8250,04/28/2026 23:40:00,24.13,284.2,289.5,0.14,184.73,,,,,,
8251,04/28/2026 23:50:00,24.04,288.9,294.8,0.14,187.75,,,,,,
8252,04/29/2026 00:00:00,23.95,292.5,299.1,0.14,190.15,,,,,,
8253,04/29/2026 00:10:00,23.88,297.8,304.9,0.15,193.56,,,,,,
8254,04/29/2026 00:20:00,23.80,301.1,308.9,0.15,195.72,,,,,,
8255,04/29/2026 00:30:00,23.72,303.7,312.1,0.15,197.43,,,,,,
8256,04/29/2026 00:40:00,23.62,307.6,316.7,0.15,199.91,,,,,,
8257,04/29/2026 00:50:00,23.54,310.1,319.9,0.15,201.56,,,,,,
8258,04/29/2026 01:00:00,23.45,311.8,322.3,0.16,202.67,,,,,,
8259,04/29/2026 01:10:00,23.36,315.0,326.2,0.16,204.73,,,,,,
8260,04/29/2026 01:20:00,23.27,317.1,329.1,0.16,206.13,,,,,,
8261,04/29/2026 01:30:00,23.17,318.4,331.1,0.16,206.94,,,,,,
8262,04/29/2026 01:40:00,23.09,319.3,332.6,0.16,207.52,,,,,,
8263,04/29/2026 01:50:00,22.99,320.3,334.4,0.16,208.19,,,,,,
8264,04/29/2026 02:00:00,22.88,321.1,336.1,0.16,208.73,,,,,,
8265,04/29/2026 02:10:00,22.78,321.2,336.9,0.16,208.80,,,,,,
8266,04/29/2026 02:20:00,22.67,321.2,337.7,0.16,208.77,,,,,,
8267,04/29/2026 02:30:00,22.56,321.5,338.9,0.16,209.01,,,,,,
8268,04/29/2026 02:40:00,22.45,321.7,339.9,0.16,209.09,,,,,,
8269,04/29/2026 02:50:00,22.35,322.4,341.4,0.16,209.57,,,,,,
8270,04/29/2026 03:00:00,22.26,321.9,341.6,0.16,209.22,,,,,,
8271,04/29/2026 03:10:00,22.17,320.6,340.8,0.16,208.39,,,,,,
8272,04/29/2026 03:20:00,22.09,321.0,341.9,0.16,208.64,,,,,,
8273,04/29/2026 03:30:00,22.00,320.6,342.1,0.16,208.39,,,,,,
8274,04/29/2026 03:40:00,21.91,320.4,342.6,0.16,208.27,,,,,,
8275,04/29/2026 03:50:00,21.84,319.6,342.3,0.16,207.72,,,,,,
8276,04/29/2026 04:00:00,21.75,319.3,342.7,0.16,207.57,,,,,,
8277,04/29/2026 04:10:00,21.65,319.0,343.1,0.16,207.35,,,,,,
8278,04/29/2026 04:20:00,21.56,319.2,344.1,0.17,207.49,,,,,,
8279,04/29/2026 04:30:00,21.50,318.8,344.2,0.17,207.24,,,,,,
8280,04/29/2026 04:40:00,21.39,318.9,345.0,0.17,207.29,,,,,,
8281,04/29/2026 04:50:00,21.31,318.2,344.9,0.17,206.82,,,,,,
8282,04/29/2026 05:00:00,21.22,318.7,346.2,0.17,207.17,,,,,,
8283,04/29/2026 05:10:00,21.14,318.6,346.7,0.17,207.06,,,,,,
8284,04/29/2026 05:20:00,21.05,318.9,347.7,0.17,207.29,,,,,,
8285,04/29/2026 05:30:00,20.95,318.7,348.3,0.17,207.17,,,,,,
8286,04/29/2026 05:40:00,20.88,318.4,348.6,0.17,206.98,,,,,,
8287,04/29/2026 05:50:00,20.80,318.8,349.6,0.17,207.21,,,,,,
8288,04/29/2026 06:00:00,20.71,319.8,351.4,0.17,207.84,,,,,,
8289,04/29/2026 06:10:00,20.62,320.0,352.4,0.17,208.00,,,,,,
8290,04/29/2026 06:20:00,20.53,318.5,351.5,0.17,207.04,,,,,,
8291,04/29/2026 06:30:00,20.44,320.8,354.8,0.17,208.54,,,,,,
8292,04/29/2026 06:40:00,20.36,320.9,355.6,0.17,208.61,,,,,,
8293,04/29/2026 06:50:00,20.28,321.5,356.9,0.17,208.99,,,,,,
8294,04/29/2026 07:00:00,20.21,322.2,358.2,0.17,209.41,,,,,,
8295,04/29/2026 07:10:00,20.14,322.5,359.1,0.17,209.62,,,,,,
8296,04/29/2026 07:20:00,20.07,324.6,362.0,0.17,210.97,,,,,,
8297,04/29/2026 07:30:00,19.99,324.2,362.3,0.17,210.73,,,,,,
8298,04/29/2026 07:40:00,19.92,325.8,364.6,0.17,211.75,,,,,,
8299,04/29/2026 07:50:00,19.86,326.8,366.3,0.18,212.41,,,,,,
8300,04/29/2026 08:00:00,19.78,327.6,368.0,0.18,212.96,,,,,,
8301,04/29/2026 08:10:00,19.73,322.5,362.6,0.17,209.59,,,,,,
8302,04/29/2026 08:20:00,19.66,323.6,364.4,0.17,210.32,,,,,,
8303,04/29/2026 08:30:00,19.60,330.1,372.3,0.18,214.55,,,,,,
8304,04/29/2026 08:40:00,19.55,329.1,371.6,0.18,213.89,,,,,,
8305,04/29/2026 08:50:00,19.48,337.0,381.1,0.18,219.03,,,,,,
8306,04/29/2026 09:00:00,19.44,335.0,379.2,0.18,217.72,,,,,,
8307,04/29/2026 09:10:00,19.39,334.6,379.3,0.18,217.51,,,,,,
8308,04/29/2026 09:20:00,19.35,336.6,381.9,0.18,218.77,,,,,,
8309,04/29/2026 09:30:00,19.32,336.6,382.2,0.18,218.79,,,,,,
8310,04/29/2026 09:40:00,19.28,339.0,385.2,0.18,220.33,,,,,,
8311,04/29/2026 09:50:00,19.25,339.5,386.1,0.18,220.68,,,,,,
8312,04/29/2026 10:00:00,19.22,341.2,388.3,0.19,221.81,,,,,,
8313,04/29/2026 10:10:00,19.19,342.5,390.1,0.19,222.64,,,,,,
8314,04/29/2026 10:20:00,19.16,344.6,392.7,0.19,223.98,,,,,,
8315,04/29/2026 10:30:00,19.13,346.2,394.8,0.19,225.00,,,,,,
8316,04/29/2026 10:40:00,19.15,347.5,396.2,0.19,225.87,,,,,,
8317,04/29/2026 10:50:00,19.13,348.3,397.2,0.19,226.37,,,,,,
8318,04/29/2026 11:00:00,19.12,349.3,398.4,0.19,227.02,,,,,,
8319,04/29/2026 11:10:00,19.14,352.5,402.0,0.19,229.15,,,,,,
8320,04/29/2026 11:20:00,19.14,354.8,404.6,0.19,230.61,,,,,,
8321,04/29/2026 11:30:00,19.14,355.4,405.2,0.19,230.98,,,,,,
8322,04/29/2026 11:40:00,19.11,357.3,407.7,0.19,232.23,,,,,,
8323,04/29/2026 11:50:00,19.16,357.0,407.0,0.19,232.07,,,,,,
8324,04/29/2026 12:00:00,19.29,361.3,410.5,0.20,234.87,,,,,,
8325,04/29/2026 12:10:00,19.41,363.5,411.9,0.20,236.28,,,,,,
8326,04/29/2026 12:20:00,19.44,366.5,415.0,0.20,238.25,,,,,,
8327,04/29/2026 12:30:00,19.48,368.2,416.5,0.20,239.30,,,,,,
8328,04/29/2026 12:40:00,19.49,369.9,418.4,0.20,240.46,,,,,,
8329,04/29/2026 12:50:00,19.46,371.9,420.8,0.20,241.72,,,,,,
8330,04/29/2026 13:00:00,19.45,372.2,421.2,0.20,241.90,,,,,,
8331,04/29/2026 13:10:00,19.46,372.7,421.8,0.20,242.29,,,,,,
8332,04/29/2026 13:20:00,19.49,372.9,421.8,0.20,242.41,,,,,,
8333,04/29/2026 13:30:00,19.55,374.2,422.6,0.20,243.24,,,,,,
8334,04/29/2026 13:40:00,19.61,376.1,424.0,0.20,244.44,,,,,,
8335,04/29/2026 13:50:00,19.70,375.1,422.1,0.20,243.79,,,,,,
8336,04/29/2026 14:00:00,19.80,376.3,422.3,0.20,244.57,,,,,,
8337,04/29/2026 14:10:00,19.85,374.7,420.2,0.20,243.58,,,,,,
8338,04/29/2026 14:20:00,19.88,372.9,417.9,0.20,242.42,,,,,,
8339,04/29/2026 14:30:00,19.96,371.3,415.2,0.20,241.32,,,,,,
8340,04/29/2026 14:40:00,19.99,370.9,414.4,0.20,241.06,,,,,,
8341,04/29/2026 14:50:00,20.06,367.7,410.3,0.20,239.03,,,,,,
8342,04/29/2026 15:00:00,20.15,366.9,408.5,0.20,238.46,,,,,,
8343,04/29/2026 15:10:00,20.20,366.7,407.9,0.20,238.38,,,,,,
8344,04/29/2026 15:20:00,20.26,365.7,406.1,0.19,237.70,,,,,,
8345,04/29/2026 15:30:00,20.32,363.1,402.7,0.19,236.02,,,,,,
8346,04/29/2026 15:40:00,20.35,361.0,400.1,0.19,234.67,,,,,,
8347,04/29/2026 15:50:00,20.37,361.0,399.8,0.19,234.64,,,,,,
8348,04/29/2026 16:00:00,20.41,359.4,397.8,0.19,233.63,,,,,,
8349,04/29/2026 16:10:00,20.43,359.2,397.4,0.19,233.49,,,,,,
8350,04/29/2026 16:20:00,20.47,359.2,396.9,0.19,233.45,,,,,,
8351,04/29/2026 16:30:00,20.51,359.6,397.1,0.19,233.76,,,,,,
8352,04/29/2026 16:40:00,20.51,355.4,392.4,0.19,231.01,,,,,,
8353,04/29/2026 16:50:00,20.51,353.3,390.1,0.19,229.63,,,,,,
8354,04/29/2026 17:00:00,20.53,352.7,389.2,0.19,229.26,,,,,,
8355,04/29/2026 17:10:00,20.53,350.6,386.9,0.19,227.92,,,,,,
8356,04/29/2026 17:20:00,20.53,350.2,386.5,0.19,227.62,,,,,,
8357,04/29/2026 17:30:00,20.52,348.8,385.0,0.18,226.74,,,,,,
8358,04/29/2026 17:40:00,20.52,350.7,387.1,0.19,227.97,,,,,,
8359,04/29/2026 17:50:00,20.52,347.5,383.6,0.18,225.86,,,,,,
8360,04/29/2026 18:00:00,20.50,345.0,381.0,0.18,224.26,,,,,,
8361,04/29/2026 18:10:00,20.47,344.5,380.7,0.18,223.94,,,,,,
8362,04/29/2026 18:20:00,20.45,341.7,377.8,0.18,222.11,,,,,,
8363,04/29/2026 18:30:00,20.41,342.1,378.6,0.18,222.35,,,,,,
8364,04/29/2026 18:40:00,20.38,343.0,379.8,0.18,222.92,,,,,,
8365,04/29/2026 18:50:00,20.34,341.4,378.4,0.18,221.93,,,,,,
8366,04/29/2026 19:00:00,20.30,339.4,376.6,0.18,220.63,,,,,,
8367,04/29/2026 19:10:00,20.26,336.3,373.5,0.18,218.61,,,,,,
8368,04/29/2026 19:20:00,20.22,337.0,374.6,0.18,219.06,,,,,,
8369,04/29/2026 19:30:00,20.18,337.6,375.7,0.18,219.45,,,,,,
8370,04/29/2026 19:40:00,20.13,335.4,373.6,0.18,217.99,,,,,,
8371,04/29/2026 19:50:00,20.07,331.5,369.7,0.18,215.48,,,,,,
8372,04/29/2026 20:00:00,20.03,329.4,367.8,0.18,214.12,,,,,,
8373,04/29/2026 20:10:00,19.97,330.5,369.6,0.18,214.84,,,,,,
8374,04/29/2026 20:20:00,19.91,328.9,368.2,0.18,213.76,,,,,,
8375,04/29/2026 20:30:00,19.85,327.5,367.2,0.18,212.88,,,,,,
8376,04/29/2026 20:40:00,19.78,326.9,367.1,0.18,212.46,,,,,,
8377,04/29/2026 20:50:00,19.72,327.9,368.8,0.18,213.14,,,,,,
8378,04/29/2026 21:00:00,19.67,326.1,367.1,0.18,211.95,,,,,,
8379,04/29/2026 21:10:00,19.62,325.7,367.2,0.18,211.70,,,,,,
8380,04/29/2026 21:20:00,19.56,326.1,368.1,0.18,211.95,,,,,,
8381,04/29/2026 21:30:00,19.51,324.7,367.1,0.18,211.07,,,,,,
8382,04/29/2026 21:40:00,19.45,324.8,367.7,0.18,211.13,,,,,,
8383,04/29/2026 21:50:00,19.40,322.8,365.8,0.17,209.83,,,,,,
8384,04/29/2026 22:00:00,19.36,328.4,372.5,0.18,213.47,,,,,,
8385,04/29/2026 22:10:00,19.32,328.3,372.8,0.18,213.38,,,,,,
8386,04/29/2026 22:20:00,19.27,325.4,369.9,0.18,211.53,,,,,,
8387,04/29/2026 22:30:00,19.23,325.7,370.6,0.18,211.69,,,,,,
8388,04/29/2026 22:40:00,19.20,326.3,371.5,0.18,212.08,,,,,,
8389,04/29/2026 22:50:00,19.16,328.4,374.3,0.18,213.44,,,,,,
8390,04/29/2026 23:00:00,19.12,328.8,375.1,0.18,213.71,,,,,,
8391,04/29/2026 23:10:00,19.08,328.4,375.0,0.18,213.48,,,,,,
8392,04/29/2026 23:20:00,19.04,329.6,376.8,0.18,214.26,,,,,,
8393,04/29/2026 23:30:00,19.01,328.5,375.7,0.18,213.51,,,,,,
8394,04/29/2026 23:40:00,18.98,327.7,375.2,0.18,213.02,,,,,,
8395,04/29/2026 23:50:00,18.95,329.4,377.3,0.18,214.12,,,,,,
8396,04/30/2026 00:00:00,18.92,329.8,378.1,0.18,214.40,,,,,,
8397,04/30/2026 00:10:00,18.90,330.3,378.9,0.18,214.71,,,,,,
8398,04/30/2026 00:20:00,18.87,331.3,380.2,0.18,215.35,,,,,,
8399,04/30/2026 00:30:00,18.84,332.4,381.7,0.18,216.05,,,,,,
8400,04/30/2026 00:40:00,18.80,332.9,382.8,0.18,216.41,,,,,,
8401,04/30/2026 00:50:00,18.78,334.8,385.2,0.18,217.64,,,,,,
8402,04/30/2026 01:00:00,18.75,335.8,386.6,0.18,218.27,,,,,,
8403,04/30/2026 01:10:00,18.72,336.3,387.5,0.18,218.62,,,,,,
8404,04/30/2026 01:20:00,18.70,336.3,387.6,0.19,218.61,,,,,,
8405,04/30/2026 01:30:00,18.67,336.8,388.5,0.19,218.91,,,,,,
8406,04/30/2026 01:40:00,18.64,337.1,389.1,0.19,219.10,,,,,,
8407,04/30/2026 01:50:00,18.61,338.0,390.4,0.19,219.71,,,,,,
8408,04/30/2026 02:00:00,18.58,338.9,391.7,0.19,220.26,,,,,,
8409,04/30/2026 02:10:00,18.54,339.1,392.3,0.19,220.40,,,,,,
8410,04/30/2026 02:20:00,18.52,339.7,393.2,0.19,220.78,,,,,,
8411,04/30/2026 02:30:00,18.49,340.4,394.3,0.19,221.26,,,,,,
8412,04/30/2026 02:40:00,18.47,342.4,396.8,0.19,222.54,,,,,,
8413,04/30/2026 02:50:00,18.44,342.8,397.6,0.19,222.82,,,,,,
8414,04/30/2026 03:00:00,18.41,342.9,398.0,0.19,222.91,,,,,,
8415,04/30/2026 03:10:00,18.38,339.3,394.1,0.19,220.55,,,,,,
8416,04/30/2026 03:20:00,18.36,343.8,399.6,0.19,223.49,,,,,,
8417,04/30/2026 03:30:00,18.32,344.4,400.7,0.19,223.89,,,,,,
8418,04/30/2026 03:40:00,18.28,345.0,401.7,0.19,224.27,,,,,,
8419,04/30/2026 03:50:00,18.23,345.2,402.4,0.19,224.39,,,,,,
8420,04/30/2026 04:00:00,18.21,346.5,404.2,0.19,225.25,,,,,,
8421,04/30/2026 04:10:00,18.17,347.4,405.5,0.19,225.78,,,,,,
8422,04/30/2026 04:20:00,18.13,348.2,406.9,0.19,226.36,,,,,,
8423,04/30/2026 04:30:00,18.10,349.3,408.5,0.19,227.08,,,,,,
8424,04/30/2026 04:40:00,18.06,350.4,410.2,0.20,227.79,,,,,,
8425,04/30/2026 04:50:00,18.02,351.0,411.3,0.20,228.15,,,,,,
8426,04/30/2026 05:00:00,17.97,352.1,413.2,0.20,228.88,,,,,,
8427,04/30/2026 05:10:00,17.93,352.9,414.4,0.20,229.37,,,,,,
8428,04/30/2026 05:20:00,17.88,353.5,415.7,0.20,229.78,,,,,,
8429,04/30/2026 05:30:00,17.82,354.8,417.8,0.20,230.62,,,,,,
8430,04/30/2026 05:40:00,17.75,355.5,419.3,0.20,231.09,,,,,,
8431,04/30/2026 05:50:00,17.68,355.8,420.5,0.20,231.29,,,,,,
8432,04/30/2026 06:00:00,17.64,356.6,421.7,0.20,231.78,,,,,,
8433,04/30/2026 06:10:00,17.59,356.8,422.6,0.20,231.92,,,,,,
8434,04/30/2026 06:20:00,17.53,356.9,423.3,0.20,232.01,,,,,,
8435,04/30/2026 06:30:00,17.49,357.6,424.7,0.20,232.46,,,,,,
8436,04/30/2026 06:40:00,17.43,358.3,426.0,0.20,232.90,,,,,,
8437,04/30/2026 06:50:00,17.39,358.6,426.8,0.20,233.08,,,,,,
8438,04/30/2026 07:00:00,17.35,360.2,429.2,0.20,234.15,,,,,,
8439,04/30/2026 07:10:00,17.31,360.5,429.9,0.20,234.31,,,,,,
8440,04/30/2026 07:20:00,17.25,361.3,431.5,0.21,234.86,,,,,,
8441,04/30/2026 07:30:00,17.23,361.6,432.1,0.21,235.05,,,,,,
8442,04/30/2026 07:40:00,17.19,362.4,433.5,0.21,235.55,,,,,,
8443,04/30/2026 07:50:00,17.16,362.5,433.9,0.21,235.62,,,,,,
8444,04/30/2026 08:00:00,17.15,363.3,435.0,0.21,236.14,,,,,,
8445,04/30/2026 08:10:00,17.13,364.6,436.9,0.21,237.02,,,,,,
8446,04/30/2026 08:20:00,17.13,364.9,437.1,0.21,237.17,,,,,,
8447,04/30/2026 08:30:00,17.14,365.6,437.9,0.21,237.66,,,,,,
8448,04/30/2026 08:40:00,17.15,366.5,438.9,0.21,238.24,,,,,,
8449,04/30/2026 08:50:00,17.15,366.2,438.5,0.21,238.06,,,,,,
8450,04/30/2026 09:00:00,17.18,366.5,438.6,0.21,238.26,,,,,,
8451,04/30/2026 09:10:00,17.20,367.0,438.9,0.21,238.54,,,,,,
8452,04/30/2026 09:20:00,17.21,368.4,440.4,0.21,239.46,,,,,,
8453,04/30/2026 09:30:00,17.25,368.4,440.1,0.21,239.49,,,,,,
8454,04/30/2026 09:40:00,17.29,369.0,440.3,0.21,239.87,,,,,,
8455,04/30/2026 09:50:00,17.35,370.6,441.4,0.21,240.86,,,,,,
8456,04/30/2026 10:00:00,17.40,371.6,442.2,0.21,241.54,,,,,,
8457,04/30/2026 10:10:00,17.43,372.5,442.9,0.21,242.14,,,,,,
8458,04/30/2026 10:20:00,17.45,373.7,444.1,0.21,242.91,,,,,,
8459,04/30/2026 10:30:00,17.46,373.4,443.6,0.21,242.71,,,,,,
8460,04/30/2026 10:40:00,17.49,374.6,444.8,0.21,243.50,,,,,,
8461,04/30/2026 10:50:00,17.49,375.2,445.5,0.21,243.91,,,,,,
8462,04/30/2026 11:00:00,17.52,378.3,448.8,0.21,245.90,,,,,,
8463,04/30/2026 11:10:00,17.56,376.5,446.2,0.21,244.71,,,,,,
8464,04/30/2026 11:20:00,17.61,377.2,446.5,0.21,245.19,,,,,,
8465,04/30/2026 11:30:00,17.67,379.0,448.0,0.21,246.35,,,,,,
8466,04/30/2026 11:40:00,17.74,380.5,448.9,0.21,247.29,,,,,,
8467,04/30/2026 11:50:00,17.80,379.5,447.1,0.21,246.67,,,,,,
8468,04/30/2026 12:00:00,17.85,380.3,447.5,0.21,247.22,,,,,,
8469,04/30/2026 12:10:00,17.90,379.4,445.9,0.21,246.59,,,,,,
8470,04/30/2026 12:20:00,17.93,377.6,443.5,0.21,245.46,,,,,,
8471,04/30/2026 12:30:00,17.97,376.9,442.2,0.21,244.96,,,,,,
8472,04/30/2026 12:40:00,18.01,376.0,440.6,0.21,244.39,,,,,,
8473,04/30/2026 12:50:00,18.06,375.2,439.2,0.21,243.88,,,,,,
8474,04/30/2026 13:00:00,18.17,373.4,435.9,0.21,242.69,,,,,,
8475,04/30/2026 13:10:00,18.32,371.4,432.0,0.21,241.41,,,,,,
8476,04/30/2026 13:20:00,18.43,370.5,429.8,0.21,240.83,,,,,,
8477,04/30/2026 13:30:00,18.49,368.1,426.4,0.20,239.28,,,,,,
8478,04/30/2026 13:40:00,18.57,368.0,425.5,0.20,239.23,,,,,,
8479,04/30/2026 13:50:00,18.66,364.7,420.8,0.20,237.07,,,,,,
8480,04/30/2026 14:00:00,18.72,365.6,421.1,0.20,237.65,,,,,,
8481,04/30/2026 14:10:00,18.81,360.4,414.3,0.20,234.27,,,,,,
8482,04/30/2026 14:20:00,18.89,358.5,411.3,0.20,233.04,,,,,,
8483,04/30/2026 14:30:00,18.92,360.1,412.8,0.20,234.08,,,,,,
8484,04/30/2026 14:40:00,18.97,358.8,410.9,0.20,233.22,,,,,,
8485,04/30/2026 14:50:00,19.02,359.6,411.3,0.20,233.77,,,,,,
8486,04/30/2026 15:00:00,19.07,359.9,411.1,0.20,233.92,,,,,,
8487,04/30/2026 15:10:00,19.08,358.2,409.0,0.20,232.82,,,,,,
8488,04/30/2026 15:20:00,19.10,357.7,408.3,0.20,232.52,,,,,,
8489,04/30/2026 15:30:00,19.11,357.1,407.5,0.19,232.10,,,,,,
8490,04/30/2026 15:40:00,19.12,356.0,406.2,0.19,231.43,,,,,,
8491,04/30/2026 15:50:00,19.12,354.3,404.2,0.19,230.29,,,,,,
8492,04/30/2026 16:00:00,19.14,352.8,402.4,0.19,229.35,,,,,,
8493,04/30/2026 16:10:00,19.16,355.3,405.0,0.19,230.97,,,,,,
8494,04/30/2026 16:20:00,19.17,353.7,403.1,0.19,229.90,,,,,,
8495,04/30/2026 16:30:00,19.19,353.0,402.1,0.19,229.45,,,,,,
8496,04/30/2026 16:40:00,19.22,354.9,404.0,0.19,230.71,,,,,,
8497,04/30/2026 16:50:00,19.26,354.2,402.7,0.19,230.20,,,,,,
8498,04/30/2026 17:00:00,19.30,356.7,405.2,0.19,231.83,,,,,,
8499,04/30/2026 17:10:00,19.34,351.1,398.4,0.19,228.21,,,,,,
8500,04/30/2026 17:20:00,19.36,339.8,385.4,0.18,220.87,,,,,,
8501,04/30/2026 17:30:00,19.39,327.9,371.7,0.18,213.15,,,,,,
8502,04/30/2026 17:40:00,19.41,328.4,372.0,0.18,213.43,,,,,,
8503,04/30/2026 17:50:00,19.44,333.1,377.1,0.18,216.49,,,,,,
8504,04/30/2026 18:00:00,19.44,339.2,384.1,0.18,220.46,,,,,,
8505,04/30/2026 18:10:00,19.43,341.1,386.3,0.18,221.70,,,,,,
8506,04/30/2026 18:20:00,19.43,341.1,386.3,0.18,221.71,,,,,,
8507,04/30/2026 18:30:00,19.44,339.9,384.8,0.18,220.94,,,,,,
8508,04/30/2026 18:40:00,19.43,339.8,384.8,0.18,220.90,,,,,,
8509,04/30/2026 18:50:00,19.40,339.7,385.0,0.18,220.82,,,,,,
8510,04/30/2026 19:00:00,19.38,342.8,388.7,0.19,222.85,,,,,,
8511,04/30/2026 19:10:00,19.36,345.4,391.7,0.19,224.48,,,,,,
8512,04/30/2026 19:20:00,19.34,338.8,384.6,0.18,220.25,,,,,,
8513,04/30/2026 19:30:00,19.31,342.3,388.8,0.19,222.50,,,,,,
8514,04/30/2026 19:40:00,19.27,340.0,386.5,0.18,221.00,,,,,,
8515,04/30/2026 19:50:00,19.23,340.2,387.1,0.18,221.12,,,,,,
8516,04/30/2026 20:00:00,19.19,338.5,385.5,0.18,220.00,,,,,,
8517,04/30/2026 20:10:00,19.16,337.1,384.1,0.18,219.10,,,,,,
8518,04/30/2026 20:20:00,19.13,332.2,378.9,0.18,215.95,,,,,,
8519,04/30/2026 20:30:00,19.11,334.4,381.6,0.18,217.34,,,,,,
8520,04/30/2026 20:40:00,19.08,331.1,378.2,0.18,215.23,,,,,,
8521,04/30/2026 20:50:00,19.05,329.9,377.0,0.18,214.43,,,,,,
8522,04/30/2026 21:00:00,19.03,328.1,375.1,0.18,213.25,,,,,,
8523,04/30/2026 21:10:00,18.99,327.4,374.6,0.18,212.78,,,,,,
8524,04/30/2026 21:20:00,18.96,325.5,372.8,0.18,211.60,,,,,,
8525,04/30/2026 21:30:00,18.92,323.7,371.1,0.18,210.43,,,,,,
8526,04/30/2026 21:40:00,18.88,321.9,369.4,0.18,209.25,,,,,,
8527,04/30/2026 21:50:00,18.86,321.0,368.6,0.18,208.66,,,,,,
8528,04/30/2026 22:00:00,18.81,320.5,368.3,0.18,208.30,,,,,,
8529,04/30/2026 22:10:00,18.78,318.4,366.3,0.17,206.96,,,,,,
8530,04/30/2026 22:20:00,18.73,316.9,364.9,0.17,205.97,,,,,,
8531,04/30/2026 22:30:00,18.68,315.0,363.2,0.17,204.75,,,,,,
8532,04/30/2026 22:40:00,18.64,316.6,365.5,0.17,205.81,,,,,,
8533,04/30/2026 22:50:00,18.59,315.2,364.1,0.17,204.85,,,,,,
8534,04/30/2026 23:00:00,18.54,314.5,363.9,0.17,204.44,,,,,,
8535,04/30/2026 23:10:00,18.50,316.0,366.0,0.17,205.43,,,,,,
8536,04/30/2026 23:20:00,18.44,317.4,368.1,0.18,206.29,,,,,,
8537,04/30/2026 23:30:00,18.39,317.0,368.1,0.18,206.04,,,,,,
8538,04/30/2026 23:40:00,18.33,317.1,368.8,0.18,206.13,,,,,,
8539,04/30/2026 23:50:00,18.28,319.7,372.2,0.18,207.78,,,,,,
8540,05/01/2026 00:00:00,18.23,317.9,370.6,0.18,206.67,,,,,,
8541,05/01/2026 00:10:00,18.18,319.1,372.4,0.18,207.40,,,,,,
8542,05/01/2026 00:20:00,18.13,321.1,375.2,0.18,208.68,,,,,,
8543,05/01/2026 00:30:00,18.08,321.3,376.0,0.18,208.86,,,,,,
8544,05/01/2026 00:40:00,18.03,323.1,378.5,0.18,210.00,,,,,,
8545,05/01/2026 00:50:00,17.97,324.6,380.8,0.18,210.97,,,,,,
8546,05/01/2026 01:00:00,17.93,323.0,379.3,0.18,209.92,,,,,,
8547,05/01/2026 01:10:00,17.88,322.2,378.8,0.18,209.41,,,,,,
8548,05/01/2026 01:20:00,17.84,324.4,381.8,0.18,210.83,,,,,,
8549,05/01/2026 01:30:00,17.79,326.1,384.2,0.18,211.94,,,,,,
8550,05/01/2026 01:40:00,17.76,326.5,385.0,0.18,212.22,,,,,,
8551,05/01/2026 01:50:00,17.73,325.0,383.6,0.18,211.27,,,,,,
8552,05/01/2026 02:00:00,17.68,327.0,386.4,0.18,212.57,,,,,,
8553,05/01/2026 02:10:00,17.64,327.8,387.6,0.18,213.04,,,,,,
8554,05/01/2026 02:20:00,17.60,329.2,389.8,0.19,214.00,,,,,,
8555,05/01/2026 02:30:00,17.56,330.4,391.6,0.19,214.75,,,,,,
8556,05/01/2026 02:40:00,17.52,331.0,392.6,0.19,215.14,,,,,,
8557,05/01/2026 02:50:00,17.49,334.4,397.0,0.19,217.33,,,,,,
8558,05/01/2026 03:00:00,17.46,336.3,399.5,0.19,218.57,,,,,,
8559,05/01/2026 03:10:00,17.42,336.3,400.0,0.19,218.61,,,,,,
8560,05/01/2026 03:20:00,17.38,335.5,399.5,0.19,218.11,,,,,,
8561,05/01/2026 03:30:00,17.35,336.1,400.5,0.19,218.49,,,,,,
8562,05/01/2026 03:40:00,17.31,337.3,402.2,0.19,219.21,,,,,,
8563,05/01/2026 03:50:00,17.27,338.0,403.5,0.19,219.70,,,,,,
8564,05/01/2026 04:00:00,17.24,336.3,401.8,0.19,218.62,,,,,,
8565,05/01/2026 04:10:00,17.21,338.9,405.2,0.19,220.29,,,,,,
8566,05/01/2026 04:20:00,17.18,339.6,406.3,0.19,220.75,,,,,,
8567,05/01/2026 04:30:00,17.15,340.7,407.9,0.19,221.43,,,,,,
8568,05/01/2026 04:40:00,17.12,341.1,408.7,0.19,221.70,,,,,,
8569,05/01/2026 04:50:00,17.09,343.0,411.3,0.20,222.94,,,,,,
8570,05/01/2026 05:00:00,17.06,344.4,413.4,0.20,223.88,,,,,,
8571,05/01/2026 05:10:00,17.03,344.0,413.2,0.20,223.62,,,,,,
8572,05/01/2026 05:20:00,17.01,344.0,413.3,0.20,223.57,,,,,,
8573,05/01/2026 05:30:00,16.99,343.9,413.5,0.20,223.54,,,,,,
8574,05/01/2026 05:40:00,16.96,345.0,415.1,0.20,224.28,,,,,,
8575,05/01/2026 05:50:00,16.93,345.1,415.5,0.20,224.31,,,,,,
8576,05/01/2026 06:00:00,16.91,345.8,416.5,0.20,224.77,,,,,,
8577,05/01/2026 06:10:00,16.89,347.1,418.3,0.20,225.62,,,,,,
8578,05/01/2026 06:20:00,16.87,347.4,418.9,0.20,225.78,,,,,,
8579,05/01/2026 06:30:00,16.85,348.3,420.2,0.20,226.37,,,,,,
8580,05/01/2026 06:40:00,16.82,347.8,419.9,0.20,226.08,,,,,,
8581,05/01/2026 06:50:00,16.80,347.3,419.6,0.20,225.76,,,,,,
8582,05/01/2026 07:00:00,16.78,347.2,419.7,0.20,225.70,,,,,,
8583,05/01/2026 07:10:00,16.75,349.0,422.1,0.20,226.86,,,,,,
8584,05/01/2026 07:20:00,16.73,350.2,423.8,0.20,227.64,,,,,,
8585,05/01/2026 07:30:00,16.72,349.9,423.5,0.20,227.41,,,,,,
8586,05/01/2026 07:40:00,16.70,351.3,425.5,0.20,228.36,,,,,,
8587,05/01/2026 07:50:00,16.68,351.5,425.9,0.20,228.45,,,,,,
8588,05/01/2026 08:00:00,16.67,351.0,425.4,0.20,228.15,,,,,,
8589,05/01/2026 08:10:00,16.66,352.0,426.8,0.20,228.82,,,,,,
8590,05/01/2026 08:20:00,16.66,353.4,428.5,0.20,229.72,,,,,,
8591,05/01/2026 08:30:00,16.66,354.8,430.2,0.20,230.64,,,,,,
8592,05/01/2026 08:40:00,16.65,356.1,431.8,0.21,231.44,,,,,,
8593,05/01/2026 08:50:00,16.64,357.2,433.3,0.21,232.20,,,,,,
8594,05/01/2026 09:00:00,16.64,357.0,433.0,0.21,232.06,,,,,,
8595,05/01/2026 09:10:00,16.65,359.6,436.1,0.21,233.75,,,,,,
8596,05/01/2026 09:20:00,16.65,368.5,446.9,0.21,239.54,,,,,,
8597,05/01/2026 09:30:00,16.65,360.8,437.6,0.21,234.52,,,,,,
8598,05/01/2026 09:40:00,16.65,361.5,438.3,0.21,234.95,,,,,,
8599,05/01/2026 09:50:00,16.66,363.3,440.4,0.21,236.14,,,,,,
8600,05/01/2026 10:00:00,16.66,364.8,442.2,0.21,237.12,,,,,,
8601,05/01/2026 10:10:00,16.67,365.8,443.4,0.21,237.77,,,,,,
8602,05/01/2026 10:20:00,16.68,366.6,444.3,0.21,238.30,,,,,,
8603,05/01/2026 10:30:00,16.68,367.7,445.6,0.21,239.03,,,,,,
8604,05/01/2026 10:40:00,16.69,368.0,445.7,0.21,239.18,,,,,,
8605,05/01/2026 10:50:00,16.74,368.4,445.6,0.21,239.44,,,,,,
8606,05/01/2026 11:00:00,16.84,368.4,444.6,0.21,239.45,,,,,,
8607,05/01/2026 11:10:00,16.96,367.9,442.6,0.21,239.14,,,,,,
8608,05/01/2026 11:20:00,17.07,371.3,445.5,0.21,241.34,,,,,,
8609,05/01/2026 11:30:00,17.18,374.1,447.7,0.21,243.17,,,,,,
8610,05/01/2026 11:40:00,17.30,373.4,445.3,0.21,242.68,,,,,,
8611,05/01/2026 11:50:00,17.44,373.9,444.5,0.21,243.06,,,,,,
8612,05/01/2026 12:00:00,17.56,374.8,444.2,0.21,243.60,,,,,,
8613,05/01/2026 12:10:00,17.71,376.8,444.9,0.21,244.94,,,,,,
8614,05/01/2026 12:20:00,17.98,374.8,439.6,0.21,243.61,,,,,,
8615,05/01/2026 12:30:00,18.21,376.9,439.6,0.21,244.99,,,,,,
8616,05/01/2026 12:40:00,18.42,376.7,437.2,0.21,244.89,,,,,,
8617,05/01/2026 12:50:00,18.58,377.3,436.2,0.21,245.27,,,,,,
8618,05/01/2026 13:00:00,18.69,384.0,442.8,0.21,249.63,,,,,,
8619,05/01/2026 13:10:00,18.84,391.0,449.1,0.21,254.13,,,,,,
8620,05/01/2026 13:20:00,18.98,384.3,439.9,0.21,249.79,,,,,,
8621,05/01/2026 13:30:00,19.10,389.7,444.9,0.21,253.33,,,,,,
8622,05/01/2026 13:40:00,19.17,391.1,445.7,0.21,254.20,,,,,,
8623,05/01/2026 13:50:00,19.22,391.5,445.7,0.21,254.51,,,,,,
8624,05/01/2026 14:00:00,19.27,392.8,446.6,0.21,255.33,,,,,,
8625,05/01/2026 14:10:00,19.31,391.2,444.3,0.21,254.27,,,,,,
8626,05/01/2026 14:20:00,19.38,389.2,441.3,0.21,253.00,,,,,,
8627,05/01/2026 14:30:00,19.49,390.3,441.4,0.21,253.68,,,,,,
8628,05/01/2026 14:40:00,19.55,388.9,439.1,0.21,252.77,,,,,,
8629,05/01/2026 14:50:00,19.60,390.9,440.8,0.21,254.09,,,,,,
8630,05/01/2026 15:00:00,19.65,387.9,437.0,0.21,252.16,,,,,,
8631,05/01/2026 15:10:00,19.69,387.8,436.5,0.21,252.10,,,,,,
8632,05/01/2026 15:20:00,19.73,386.5,434.6,0.21,251.23,,,,,,
8633,05/01/2026 15:30:00,19.77,387.0,434.8,0.21,251.57,,,,,,
8634,05/01/2026 15:40:00,19.83,386.8,434.0,0.21,251.44,,,,,,
8635,05/01/2026 15:50:00,19.89,386.0,432.3,0.21,250.88,,,,,,
8636,05/01/2026 16:00:00,19.98,384.9,430.3,0.21,250.18,,,,,,
8637,05/01/2026 16:10:00,20.07,383.4,427.6,0.20,249.22,,,,,,
8638,05/01/2026 16:20:00,20.16,380.3,423.4,0.20,247.22,,,,,,
8639,05/01/2026 16:30:00,20.23,378.5,420.6,0.20,245.99,,,,,,
8640,05/01/2026 16:40:00,20.30,377.0,418.3,0.20,245.06,,,,,,
8641,05/01/2026 16:50:00,20.38,376.1,416.4,0.20,244.45,,,,,,
8642,05/01/2026 17:00:00,20.45,373.8,413.2,0.20,242.94,,,,,,
8643,05/01/2026 17:10:00,20.50,373.3,412.2,0.20,242.64,,,,,,
8644,05/01/2026 17:20:00,20.55,371.6,410.0,0.20,241.57,,,,,,
8645,05/01/2026 17:30:00,20.58,370.8,408.8,0.20,241.03,,,,,,
8646,05/01/2026 17:40:00,20.61,371.0,408.7,0.20,241.15,,,,,,
8647,05/01/2026 17:50:00,20.64,369.7,407.0,0.20,240.34,,,,,,
8648,05/01/2026 18:00:00,20.66,365.7,402.4,0.19,237.69,,,,,,
8649,05/01/2026 18:10:00,20.68,364.2,400.6,0.19,236.76,,,,,,
8650,05/01/2026 18:20:00,20.69,359.4,395.2,0.19,233.61,,,,,,
8651,05/01/2026 18:30:00,20.69,359.3,395.1,0.19,233.56,,,,,,
8652,05/01/2026 18:40:00,20.68,357.1,392.8,0.19,232.11,,,,,,
8653,05/01/2026 18:50:00,20.65,356.2,392.0,0.19,231.53,,,,,,
8654,05/01/2026 19:00:00,20.61,355.0,391.1,0.19,230.77,,,,,,
8655,05/01/2026 19:10:00,20.57,353.6,389.8,0.19,229.81,,,,,,
8656,05/01/2026 19:20:00,20.52,351.7,388.3,0.19,228.63,,,,,,
8657,05/01/2026 19:30:00,20.47,350.2,387.1,0.19,227.66,,,,,,
8658,05/01/2026 19:40:00,20.42,348.8,385.9,0.18,226.74,,,,,,
8659,05/01/2026 19:50:00,20.37,347.9,385.4,0.18,226.16,,,,,,
8660,05/01/2026 20:00:00,20.30,342.5,380.0,0.18,222.64,,,,,,
8661,05/01/2026 20:10:00,20.24,345.1,383.4,0.18,224.34,,,,,,
8662,05/01/2026 20:20:00,20.18,344.5,383.3,0.18,223.93,,,,,,
8663,05/01/2026 20:30:00,20.12,344.2,383.6,0.18,223.76,,,,,,
8664,05/01/2026 20:40:00,20.06,342.6,382.3,0.18,222.72,,,,,,
8665,05/01/2026 20:50:00,19.99,342.1,382.3,0.18,222.39,,,,,,
8666,05/01/2026 21:00:00,19.93,341.4,382.1,0.18,221.90,,,,,,
8667,05/01/2026 21:10:00,19.87,338.5,379.4,0.18,220.04,,,,,,
8668,05/01/2026 21:20:00,19.81,338.7,380.1,0.18,220.13,,,,,,
8669,05/01/2026 21:30:00,19.74,338.5,380.6,0.18,220.03,,,,,,
8670,05/01/2026 21:40:00,19.67,336.4,378.7,0.18,218.64,,,,,,
8671,05/01/2026 21:50:00,19.60,334.2,376.9,0.18,217.23,,,,,,
8672,05/01/2026 22:00:00,19.54,331.4,374.4,0.18,215.42,,,,,,
8673,05/01/2026 22:10:00,19.46,330.8,374.3,0.18,214.99,,,,,,
8674,05/01/2026 22:20:00,19.38,330.9,375.2,0.18,215.10,,,,,,
8675,05/01/2026 22:30:00,19.31,330.0,374.8,0.18,214.53,,,,,,
8676,05/01/2026 22:40:00,19.24,329.2,374.5,0.18,213.95,,,,,,
8677,05/01/2026 22:50:00,19.17,330.1,376.2,0.18,214.56,,,,,,
8678,05/01/2026 23:00:00,19.08,326.1,372.3,0.18,211.94,,,,,,
8679,05/01/2026 23:10:00,19.01,326.8,373.9,0.18,212.43,,,,,,
8680,05/01/2026 23:20:00,18.93,325.7,373.3,0.18,211.69,,,,,,
8681,05/01/2026 23:30:00,18.85,326.5,375.0,0.18,212.23,,,,,,
8682,05/01/2026 23:40:00,18.75,325.5,374.7,0.18,211.56,,,,,,
8683,05/01/2026 23:50:00,18.65,325.2,375.2,0.18,211.35,,,,,,
8684,05/02/2026 00:00:00,18.55,323.9,374.6,0.18,210.52,,,,,,
8685,05/02/2026 00:10:00,18.45,323.1,374.6,0.18,209.98,,,,,,
8686,05/02/2026 00:20:00,18.36,324.0,376.5,0.18,210.60,,,,,,
8687,05/02/2026 00:30:00,18.27,322.8,375.9,0.18,209.80,,,,,,
8688,05/02/2026 00:40:00,18.17,323.3,377.3,0.18,210.12,,,,,,
8689,05/02/2026 00:50:00,18.08,322.2,376.9,0.18,209.40,,,,,,
8690,05/02/2026 01:00:00,17.99,322.1,377.7,0.18,209.38,,,,,,
8691,05/02/2026 01:10:00,17.90,321.3,377.6,0.18,208.84,,,,,,
8692,05/02/2026 01:20:00,17.81,320.6,377.6,0.18,208.38,,,,,,
8693,05/02/2026 01:30:00,17.70,319.6,377.4,0.18,207.73,,,,,,
8694,05/02/2026 01:40:00,17.60,321.7,380.9,0.18,209.13,,,,,,
8695,05/02/2026 01:50:00,17.50,322.0,382.3,0.18,209.32,,,,,,
8696,05/02/2026 02:00:00,17.40,321.7,382.7,0.18,209.11,,,,,,
8697,05/02/2026 02:10:00,17.30,322.5,384.7,0.18,209.60,,,,,,
8698,05/02/2026 02:20:00,17.20,322.9,386.2,0.18,209.89,,,,,,
8699,05/02/2026 02:30:00,17.11,323.1,387.3,0.18,210.02,,,,,,
8700,05/02/2026 02:40:00,17.01,324.0,389.4,0.19,210.63,,,,,,
8701,05/02/2026 02:50:00,16.92,325.5,392.0,0.19,211.58,,,,,,
8702,05/02/2026 03:00:00,16.83,324.7,392.0,0.19,211.05,,,,,,
8703,05/02/2026 03:10:00,16.74,325.0,393.3,0.19,211.27,,,,,,
8704,05/02/2026 03:20:00,16.65,324.3,393.3,0.19,210.80,,,,,,
8705,05/02/2026 03:30:00,16.56,326.2,396.5,0.19,212.03,,,,,,
8706,05/02/2026 03:40:00,16.46,329.0,400.9,0.19,213.87,,,,,,
8707,05/02/2026 03:50:00,16.39,329.0,401.7,0.19,213.86,,,,,,
8708,05/02/2026 04:00:00,16.29,327.2,400.4,0.19,212.66,,,,,,
8709,05/02/2026 04:10:00,16.21,327.5,401.6,0.19,212.85,,,,,,
8710,05/02/2026 04:20:00,16.12,328.9,404.2,0.19,213.76,,,,,,
8711,05/02/2026 04:30:00,16.04,328.6,404.8,0.19,213.61,,,,,,
8712,05/02/2026 04:40:00,15.95,328.0,404.9,0.19,213.22,,,,,,
8713,05/02/2026 04:50:00,15.87,329.8,407.9,0.19,214.34,,,,,,
8714,05/02/2026 05:00:00,15.79,328.4,407.2,0.19,213.48,,,,,,
8715,05/02/2026 05:10:00,15.72,328.5,408.0,0.19,213.50,,,,,,
8716,05/02/2026 05:20:00,15.63,328.6,409.1,0.19,213.58,,,,,,
8717,05/02/2026 05:30:00,15.55,329.9,411.6,0.19,214.42,,,,,,
8718,05/02/2026 05:40:00,15.47,329.9,412.5,0.20,214.45,,,,,,
8719,05/02/2026 05:50:00,15.39,329.1,412.3,0.20,213.90,,,,,,
8720,05/02/2026 06:00:00,15.31,327.9,411.7,0.19,213.14,,,,,,
8721,05/02/2026 06:10:00,15.23,327.3,411.8,0.19,212.75,,,,,,
8722,05/02/2026 06:20:00,15.16,327.9,413.3,0.20,213.13,,,,,,
8723,05/02/2026 06:30:00,15.10,328.5,414.8,0.20,213.52,,,,,,
8724,05/02/2026 06:40:00,15.02,328.9,416.2,0.20,213.81,,,,,,
8725,05/02/2026 06:50:00,14.93,329.3,417.5,0.20,214.02,,,,,,
8726,05/02/2026 07:00:00,14.86,328.7,417.6,0.20,213.67,,,,,,
8727,05/02/2026 07:10:00,14.80,328.7,418.3,0.20,213.66,,,,,,
8728,05/02/2026 07:20:00,14.73,327.7,417.8,0.20,213.03,,,,,,
8729,05/02/2026 07:30:00,14.68,327.2,417.8,0.20,212.70,,,,,,
8730,05/02/2026 07:40:00,14.64,326.8,417.7,0.20,212.40,,,,,,
8731,05/02/2026 07:50:00,14.61,327.3,418.7,0.20,212.77,,,,,,
8732,05/02/2026 08:00:00,14.59,327.0,418.5,0.20,212.57,,,,,,
8733,05/02/2026 08:10:00,14.60,327.2,418.6,0.20,212.65,,,,,,
8734,05/02/2026 08:20:00,14.62,326.5,417.6,0.20,212.25,,,,,,
8735,05/02/2026 08:30:00,14.65,326.7,417.5,0.20,212.37,,,,,,
8736,05/02/2026 08:40:00,14.71,328.3,418.8,0.20,213.37,,,,,,
8737,05/02/2026 08:50:00,14.77,329.5,419.7,0.20,214.20,,,,,,
8738,05/02/2026 09:00:00,14.86,330.5,419.9,0.20,214.82,,,,,,
8739,05/02/2026 09:10:00,14.96,331.8,420.5,0.20,215.68,,,,,,
8740,05/02/2026 09:20:00,15.06,332.7,420.5,0.20,216.27,,,,,,
8741,05/02/2026 09:30:00,15.17,333.4,420.1,0.20,216.71,,,,,,
8742,05/02/2026 09:40:00,15.29,334.1,419.7,0.20,217.20,,,,,,
8743,05/02/2026 09:50:00,15.43,336.2,420.7,0.20,218.52,,,,,,
8744,05/02/2026 10:00:00,15.59,337.9,421.1,0.20,219.66,,,,,,
8745,05/02/2026 10:10:00,15.75,340.7,422.9,0.20,221.48,,,,,,
8746,05/02/2026 10:20:00,15.92,342.4,423.1,0.20,222.59,,,,,,
8747,05/02/2026 10:30:00,16.13,343.7,422.4,0.20,223.43,,,,,,
8748,05/02/2026 10:40:00,16.31,345.6,422.8,0.20,224.63,,,,,,
8749,05/02/2026 10:50:00,16.52,348.4,423.9,0.20,226.45,,,,,,
8750,05/02/2026 11:00:00,16.74,350.8,424.4,0.20,228.00,,,,,,
8751,05/02/2026 11:10:00,16.96,353.4,425.1,0.20,229.70,,,,,,
8752,05/02/2026 11:20:00,17.23,355.9,425.3,0.20,231.35,,,,,,
8753,05/02/2026 11:30:00,17.49,357.9,425.0,0.20,232.65,,,,,,
8754,05/02/2026 11:40:00,17.72,361.2,426.4,0.20,234.79,,,,,,
8755,05/02/2026 11:50:00,17.94,363.9,427.3,0.20,236.56,,,,,,
8756,05/02/2026 12:00:00,18.17,366.7,428.0,0.20,238.32,,,,,,
8757,05/02/2026 12:10:00,18.42,368.5,427.6,0.20,239.54,,,,,,
8758,05/02/2026 12:20:00,18.67,371.9,428.8,0.20,241.72,,,,,,
8759,05/02/2026 12:30:00,18.97,375.6,430.1,0.21,244.12,,,,,,
8760,05/02/2026 12:40:00,19.29,378.7,430.3,0.21,246.18,,,,,,
8761,05/02/2026 12:50:00,19.69,385.9,434.3,0.21,250.82,,,,,,
8762,05/02/2026 13:00:00,20.08,391.2,436.3,0.21,254.29,,,,,,
8763,05/02/2026 13:10:00,20.42,395.6,437.6,0.21,257.13,,,,,,
8764,05/02/2026 13:20:00,20.78,399.4,438.3,0.21,259.61,,,,,,
8765,05/02/2026 13:30:00,21.18,402.4,437.4,0.21,261.55,,,,,,
8766,05/02/2026 13:40:00,21.53,406.5,438.4,0.21,264.21,,,,,,
8767,05/02/2026 13:50:00,21.85,408.9,437.8,0.21,265.80,,,,,,
8768,05/02/2026 14:00:00,22.16,411.1,437.2,0.21,267.20,,,,,,
8769,05/02/2026 14:10:00,22.57,414.5,436.8,0.21,269.40,,,,,,
8770,05/02/2026 14:20:00,22.92,415.9,434.8,0.21,270.30,,,,,,
8771,05/02/2026 14:30:00,23.30,418.3,433.9,0.21,271.93,,,,,,
8772,05/02/2026 14:40:00,23.56,419.4,432.5,0.21,272.62,,,,,,
8773,05/02/2026 14:50:00,23.91,420.8,430.6,0.21,273.49,,,,,,
8774,05/02/2026 15:00:00,24.09,422.0,430.2,0.21,274.31,,,,,,
8775,05/02/2026 15:10:00,24.28,425.0,431.5,0.21,276.25,,,,,,
8776,05/02/2026 15:20:00,24.69,424.9,427.7,0.21,276.18,,,,,,
8777,05/02/2026 15:30:00,24.98,422.6,422.8,0.20,274.69,,,,,,
8778,05/02/2026 15:40:00,25.02,423.4,423.2,0.20,275.22,,,,,,
8779,05/02/2026 15:50:00,25.29,425.4,422.8,0.20,276.50,,,,,,
8780,05/02/2026 16:00:00,25.57,426.0,421.0,0.20,276.88,,,,,,
8781,05/02/2026 16:10:00,25.79,425.6,418.7,0.20,276.66,,,,,,
8782,05/02/2026 16:20:00,26.11,424.0,414.3,0.20,275.58,,,,,,
8783,05/02/2026 16:30:00,26.37,424.4,412.5,0.20,275.84,,,,,,
8784,05/02/2026 16:40:00,26.50,423.8,410.9,0.20,275.47,,,,,,
8785,05/02/2026 16:50:00,26.53,424.9,411.7,0.20,276.19,,,,,,
8786,05/02/2026 17:00:00,26.67,422.4,408.1,0.20,274.59,,,,,,
8787,05/02/2026 17:10:00,26.89,421.1,405.0,0.20,273.70,,,,,,
8788,05/02/2026 17:20:00,27.05,416.0,398.9,0.19,270.40,,,,,,
8789,05/02/2026 17:30:00,27.08,414.4,397.1,0.19,269.35,,,,,,
8790,05/02/2026 17:40:00,27.08,413.0,395.8,0.19,268.47,,,,,,
8791,05/02/2026 17:50:00,27.07,414.4,397.1,0.19,269.35,,,,,,
8792,05/02/2026 18:00:00,27.17,410.8,392.9,0.19,267.03,,,,,,
8793,05/02/2026 18:10:00,27.29,409.5,390.6,0.19,266.15,,,,,,
8794,05/02/2026 18:20:00,27.36,405.9,386.7,0.19,263.83,,,,,,
8795,05/02/2026 18:30:00,27.40,405.9,386.4,0.19,263.82,,,,,,
8796,05/02/2026 18:40:00,27.40,402.3,383.1,0.19,261.52,,,,,,
8797,05/02/2026 18:50:00,27.38,400.0,381.0,0.18,260.03,,,,,,
8798,05/02/2026 19:00:00,27.34,400.1,381.4,0.18,260.06,,,,,,
8799,05/02/2026 19:10:00,27.28,399.6,381.3,0.18,259.73,,,,,,
8800,05/02/2026 19:20:00,27.21,396.0,378.4,0.18,257.40,,,,,,
8801,05/02/2026 19:30:00,27.15,396.0,378.9,0.18,257.41,,,,,,
8802,05/02/2026 19:40:00,27.06,395.6,379.2,0.18,257.11,,,,,,
8803,05/02/2026 19:50:00,26.96,393.2,377.7,0.18,255.60,,,,,,
8804,05/02/2026 20:00:00,26.84,392.8,378.2,0.18,255.33,,,,,,
8805,05/02/2026 20:10:00,26.71,388.9,375.4,0.18,252.77,,,,,,
8806,05/02/2026 20:20:00,26.60,388.8,376.1,0.18,252.69,,,,,,
8807,05/02/2026 20:30:00,26.46,386.3,374.8,0.18,251.08,,,,,,
8808,05/02/2026 20:40:00,26.28,383.3,373.2,0.18,249.14,,,,,,
8809,05/02/2026 20:50:00,26.13,381.4,372.6,0.18,247.93,,,,,,
8810,05/02/2026 21:00:00,25.96,379.0,371.5,0.18,246.35,,,,,,
8811,05/02/2026 21:10:00,25.78,375.7,369.6,0.18,244.18,,,,,,
8812,05/02/2026 21:20:00,25.59,374.5,369.9,0.18,243.45,,,,,,
8813,05/02/2026 21:30:00,25.43,375.1,371.8,0.18,243.84,,,,,,
8814,05/02/2026 21:40:00,25.24,375.4,373.5,0.18,244.03,,,,,,
8815,05/02/2026 21:50:00,25.04,371.2,371.0,0.18,241.31,,,,,,
8816,05/02/2026 22:00:00,24.84,369.8,371.0,0.18,240.35,,,,,,
8817,05/02/2026 22:10:00,24.65,367.9,370.7,0.18,239.15,,,,,,
8818,05/02/2026 22:20:00,24.45,370.1,374.4,0.18,240.56,,,,,,
8819,05/02/2026 22:30:00,24.26,365.9,371.7,0.18,237.85,,,,,,
8820,05/02/2026 22:40:00,24.06,365.7,373.1,0.18,237.69,,,,,,
8821,05/02/2026 22:50:00,23.85,364.7,373.8,0.18,237.08,,,,,,
8822,05/02/2026 23:00:00,23.63,363.4,374.1,0.18,236.20,,,,,,
8823,05/02/2026 23:10:00,23.43,361.6,373.9,0.18,235.04,,,,,,
8824,05/02/2026 23:20:00,23.24,359.5,373.3,0.18,233.69,,,,,,
8825,05/02/2026 23:30:00,23.04,359.2,374.7,0.18,233.51,,,,,,
8826,05/02/2026 23:40:00,22.85,359.0,376.0,0.18,233.36,,,,,,
8827,05/02/2026 23:50:00,22.66,356.1,374.5,0.18,231.48,,,,,,
8828,05/03/2026 00:00:00,22.48,354.0,373.8,0.18,230.11,,,,,,
8829,05/03/2026 00:10:00,22.30,354.1,375.3,0.18,230.14,,,,,,
8830,05/03/2026 00:20:00,22.13,351.0,373.5,0.18,228.14,,,,,,
8831,05/03/2026 00:30:00,21.96,350.7,374.6,0.18,227.92,,,,,,
8832,05/03/2026 00:40:00,21.77,349.1,374.4,0.18,226.88,,,,,,
8833,05/03/2026 00:50:00,21.62,346.7,373.2,0.18,225.37,,,,,,
8834,05/03/2026 01:00:00,21.47,346.7,374.4,0.18,225.33,,,,,,
8835,05/03/2026 01:10:00,21.31,347.2,376.4,0.18,225.70,,,,,,
8836,05/03/2026 01:20:00,21.16,347.0,377.5,0.18,225.56,,,,,,
8837,05/03/2026 01:30:00,21.01,346.7,378.4,0.18,225.36,,,,,,
8838,05/03/2026 01:40:00,20.88,346.2,378.9,0.18,225.00,,,,,,
8839,05/03/2026 01:50:00,20.75,347.8,381.9,0.18,226.07,,,,,,
8840,05/03/2026 02:00:00,20.60,346.4,381.7,0.18,225.17,,,,,,
8841,05/03/2026 02:10:00,20.45,345.2,381.7,0.18,224.40,,,,,,
8842,05/03/2026 02:20:00,20.30,345.0,382.7,0.18,224.22,,,,,,
8843,05/03/2026 02:30:00,20.16,345.2,384.2,0.18,224.35,,,,,,
8844,05/03/2026 02:40:00,20.01,344.2,384.5,0.18,223.71,,,,,,
8845,05/03/2026 02:50:00,19.85,344.3,386.0,0.18,223.80,,,,,,
8846,05/03/2026 03:00:00,19.72,344.7,387.7,0.19,224.08,,,,,,
8847,05/03/2026 03:10:00,19.58,345.8,390.1,0.19,224.74,,,,,,
8848,05/03/2026 03:20:00,19.44,346.8,392.6,0.19,225.42,,,,,,
8849,05/03/2026 03:30:00,19.30,346.8,393.9,0.19,225.40,,,,,,
8850,05/03/2026 03:40:00,19.16,346.5,395.0,0.19,225.24,,,,,,
8851,05/03/2026 03:50:00,19.02,346.0,395.7,0.19,224.92,,,,,,
8852,05/03/2026 04:00:00,18.89,346.5,397.4,0.19,225.22,,,,,,
8853,05/03/2026 04:10:00,18.77,346.4,398.5,0.19,225.14,,,,,,
8854,05/03/2026 04:20:00,18.64,346.3,399.6,0.19,225.08,,,,,,
8855,05/03/2026 04:30:00,18.52,347.0,401.7,0.19,225.53,,,,,,
8856,05/03/2026 04:40:00,18.40,346.9,402.7,0.19,225.48,,,,,,
8857,05/03/2026 04:50:00,18.28,347.7,404.8,0.19,226.01,,,,,,
8858,05/03/2026 05:00:00,18.16,347.6,405.9,0.19,225.97,,,,,,
8859,05/03/2026 05:10:00,18.05,348.9,408.5,0.19,226.77,,,,,,
8860,05/03/2026 05:20:00,17.95,349.0,409.7,0.20,226.88,,,,,,
8861,05/03/2026 05:30:00,17.84,348.9,410.6,0.20,226.80,,,,,,
8862,05/03/2026 05:40:00,17.73,349.7,412.8,0.20,227.32,,,,,,
8863,05/03/2026 05:50:00,17.62,350.6,414.9,0.20,227.88,,,,,,
8864,05/03/2026 06:00:00,17.51,350.3,415.7,0.20,227.71,,,,,,
8865,05/03/2026 06:10:00,17.42,350.6,417.0,0.20,227.87,,,,,,
8866,05/03/2026 06:20:00,17.32,350.5,417.9,0.20,227.81,,,,,,
8867,05/03/2026 06:30:00,17.23,350.7,419.1,0.20,227.96,,,,,,
8868,05/03/2026 06:40:00,17.13,350.8,420.3,0.20,228.03,,,,,,
8869,05/03/2026 06:50:00,17.04,350.6,421.0,0.20,227.87,,,,,,
8870,05/03/2026 07:00:00,16.95,351.3,422.8,0.20,228.33,,,,,,
8871,05/03/2026 07:10:00,16.87,351.6,424.0,0.20,228.52,,,,,,
8872,05/03/2026 07:20:00,16.80,352.2,425.5,0.20,228.95,,,,,,
8873,05/03/2026 07:30:00,16.74,352.6,426.6,0.20,229.19,,,,,,
8874,05/03/2026 07:40:00,16.69,352.6,427.1,0.20,229.16,,,,,,
8875,05/03/2026 07:50:00,16.68,353.2,428.0,0.20,229.57,,,,,,
8876,05/03/2026 08:00:00,16.67,353.6,428.5,0.20,229.84,,,,,,
8877,05/03/2026 08:10:00,16.68,354.2,429.3,0.20,230.26,,,,,,
8878,05/03/2026 08:20:00,16.72,355.2,429.9,0.20,230.85,,,,,,
8879,05/03/2026 08:30:00,16.74,355.7,430.3,0.20,231.20,,,,,,
8880,05/03/2026 08:40:00,16.82,356.8,430.8,0.20,231.91,,,,,,
8881,05/03/2026 08:50:00,16.88,357.9,431.6,0.21,232.65,,,,,,
8882,05/03/2026 09:00:00,16.96,359.2,432.2,0.21,233.48,,,,,,
8883,05/03/2026 09:10:00,17.05,359.8,431.9,0.21,233.89,,,,,,
8884,05/03/2026 09:20:00,17.14,360.5,431.8,0.21,234.35,,,,,,
8885,05/03/2026 09:30:00,17.24,362.6,433.2,0.21,235.67,,,,,,
8886,05/03/2026 09:40:00,17.35,363.3,432.8,0.21,236.12,,,,,,
8887,05/03/2026 09:50:00,17.47,365.1,433.7,0.21,237.29,,,,,,
8888,05/03/2026 10:00:00,17.62,366.2,433.4,0.21,238.05,,,,,,
8889,05/03/2026 10:10:00,17.76,368.0,434.0,0.21,239.18,,,,,,
8890,05/03/2026 10:20:00,17.92,369.7,434.3,0.21,240.29,,,,,,
8891,05/03/2026 10:30:00,18.09,371.4,434.4,0.21,241.39,,,,,,
8892,05/03/2026 10:40:00,18.30,372.6,433.5,0.21,242.17,,,,,,
8893,05/03/2026 10:50:00,18.53,374.4,433.2,0.21,243.35,,,,,,
8894,05/03/2026 11:00:00,18.78,378.3,435.2,0.21,245.88,,,,,,
8895,05/03/2026 11:10:00,19.00,379.9,434.6,0.21,246.90,,,,,,
8896,05/03/2026 11:20:00,19.27,382.2,434.5,0.21,248.42,,,,,,
8897,05/03/2026 11:30:00,19.51,385.4,435.7,0.21,250.54,,,,,,
8898,05/03/2026 11:40:00,19.74,385.8,433.6,0.21,250.76,,,,,,
8899,05/03/2026 11:50:00,20.03,388.8,434.2,0.21,252.73,,,,,,
8900,05/03/2026 12:00:00,20.27,389.8,432.8,0.21,253.37,,,,,,
8901,05/03/2026 12:10:00,20.44,392.3,433.9,0.21,255.02,,,,,,
8902,05/03/2026 12:20:00,20.69,393.9,433.1,0.21,256.03,,,,,,
8903,05/03/2026 12:30:00,20.95,397.8,434.8,0.21,258.59,,,,,,
8904,05/03/2026 12:40:00,21.22,402.9,437.7,0.21,261.87,,,,,,
8905,05/03/2026 12:50:00,21.46,405.5,438.1,0.21,263.60,,,,,,
8906,05/03/2026 13:00:00,21.77,407.9,437.6,0.21,265.16,,,,,,
8907,05/03/2026 13:10:00,22.06,412.3,439.5,0.21,268.00,,,,,,
8908,05/03/2026 13:20:00,22.36,415.0,439.4,0.21,269.75,,,,,,
8909,05/03/2026 13:30:00,22.58,415.0,437.3,0.21,269.78,,,,,,
8910,05/03/2026 13:40:00,22.87,418.5,438.1,0.21,272.02,,,,,,
8911,05/03/2026 13:50:00,23.15,420.5,437.4,0.21,273.30,,,,,,
8912,05/03/2026 14:00:00,23.41,432.8,447.8,0.22,281.34,,,,,,
8913,05/03/2026 14:10:00,23.63,435.9,448.7,0.22,283.31,,,,,,
8914,05/03/2026 14:20:00,23.97,438.7,448.4,0.22,285.13,,,,,,
8915,05/03/2026 14:30:00,24.21,440.8,448.3,0.22,286.54,,,,,,
8916,05/03/2026 14:40:00,24.47,442.4,447.4,0.22,287.59,,,,,,
8917,05/03/2026 14:50:00,24.69,443.4,446.4,0.22,288.24,,,,,,
8918,05/03/2026 15:00:00,25.01,447.7,447.6,0.22,290.99,,,,,,
8919,05/03/2026 15:10:00,25.30,449.0,446.2,0.22,291.83,,,,,,
8920,05/03/2026 15:20:00,25.51,451.0,446.2,0.22,293.13,,,,,,
8921,05/03/2026 15:30:00,25.69,425.2,419.1,0.20,276.37,,,,,,
8922,05/03/2026 15:40:00,25.95,427.0,418.7,0.20,277.58,,,,,,
8923,05/03/2026 15:50:00,26.18,425.8,415.5,0.20,276.77,,,,,,
8924,05/03/2026 16:00:00,26.33,424.7,413.1,0.20,276.04,,,,,,
8925,05/03/2026 16:10:00,26.45,423.6,411.0,0.20,275.33,,,,,,
8926,05/03/2026 16:20:00,26.56,419.8,406.4,0.20,272.86,,,,,,
8927,05/03/2026 16:30:00,26.83,417.6,402.1,0.19,271.41,,,,,,
8928,05/03/2026 16:40:00,27.03,413.4,396.6,0.19,268.73,,,,,,
8929,05/03/2026 16:50:00,27.13,411.0,393.4,0.19,267.15,,,,,,
8930,05/03/2026 17:00:00,27.16,407.3,389.6,0.19,264.72,,,,,,
8931,05/03/2026 17:10:00,27.29,407.3,388.6,0.19,264.71,,,,,,
8932,05/03/2026 17:20:00,27.40,403.8,384.5,0.19,262.49,,,,,,
8933,05/03/2026 17:30:00,27.48,402.1,382.1,0.18,261.36,,,,,,
8934,05/03/2026 17:40:00,27.56,383.0,363.4,0.18,248.93,,,,,,
8935,05/03/2026 17:50:00,27.60,381.5,361.7,0.17,247.98,,,,,,
8936,05/03/2026 18:00:00,27.61,379.1,359.3,0.17,246.40,,,,,,
8937,05/03/2026 18:10:00,27.63,367.3,348.1,0.17,238.73,,,,,,
8938,05/03/2026 18:20:00,27.64,363.7,344.6,0.17,236.43,,,,,,
8939,05/03/2026 18:30:00,27.64,360.8,341.9,0.17,234.52,,,,,,
8940,05/03/2026 18:40:00,27.60,356.6,338.2,0.16,231.80,,,,,,
8941,05/03/2026 18:50:00,27.53,353.0,335.2,0.16,229.42,,,,,,
8942,05/03/2026 19:00:00,27.47,353.3,335.8,0.16,229.63,,,,,,
8943,05/03/2026 19:10:00,27.43,348.7,331.8,0.16,226.68,,,,,,
8944,05/03/2026 19:20:00,27.37,345.2,328.8,0.16,224.37,,,,,,
8945,05/03/2026 19:30:00,27.30,340.0,324.4,0.16,221.03,,,,,,
8946,05/03/2026 19:40:00,27.26,338.3,322.9,0.16,219.87,,,,,,
8947,05/03/2026 19:50:00,27.20,336.8,322.0,0.16,218.95,,,,,,
8948,05/03/2026 20:00:00,27.12,334.5,320.2,0.15,217.43,,,,,,
8949,05/03/2026 20:10:00,27.02,335.1,321.5,0.16,217.83,,,,,,
8950,05/03/2026 20:20:00,26.90,332.6,319.8,0.15,216.19,,,,,,
8951,05/03/2026 20:30:00,26.77,331.1,319.2,0.15,215.18,,,,,,
8952,05/03/2026 20:40:00,26.62,328.9,318.1,0.15,213.80,,,,,,
8953,05/03/2026 20:50:00,26.49,328.1,318.1,0.15,213.26,,,,,,
8954,05/03/2026 21:00:00,26.37,327.1,318.0,0.15,212.65,,,,,,
8955,05/03/2026 21:10:00,26.25,327.8,319.4,0.15,213.04,,,,,,
8956,05/03/2026 21:20:00,26.13,328.5,320.9,0.16,213.55,,,,,,
8957,05/03/2026 21:30:00,26.00,328.9,322.2,0.16,213.80,,,,,,
8958,05/03/2026 21:40:00,25.86,329.7,323.8,0.16,214.30,,,,,,
8959,05/03/2026 21:50:00,25.73,329.9,325.0,0.16,214.44,,,,,,
8960,05/03/2026 22:00:00,25.61,329.1,325.0,0.16,213.92,,,,,,
8961,05/03/2026 22:10:00,25.48,328.0,324.7,0.16,213.19,,,,,,
8962,05/03/2026 22:20:00,25.36,328.3,325.8,0.16,213.38,,,,,,
8963,05/03/2026 22:30:00,25.24,327.8,326.1,0.16,213.05,,,,,,
8964,05/03/2026 22:40:00,25.12,327.9,327.0,0.16,213.12,,,,,,
8965,05/03/2026 22:50:00,25.00,327.9,327.9,0.16,213.11,,,,,,
8966,05/03/2026 23:00:00,24.87,328.6,329.4,0.16,213.57,,,,,,
8967,05/03/2026 23:10:00,24.75,330.5,332.3,0.16,214.84,,,,,,
8968,05/03/2026 23:20:00,24.61,331.3,334.0,0.16,215.36,,,,,,
8969,05/03/2026 23:30:00,24.49,332.8,336.4,0.16,216.34,,,,,,
8970,05/03/2026 23:40:00,24.35,333.8,338.4,0.16,217.00,,,,,,
8971,05/03/2026 23:50:00,24.23,335.1,340.6,0.16,217.83,,,,,,
8972,05/04/2026 00:00:00,24.10,335.5,342.0,0.16,218.07,,,,,,
8973,05/04/2026 00:10:00,23.96,335.0,342.5,0.16,217.75,,,,,,
8974,05/04/2026 00:20:00,23.82,334.7,343.3,0.17,217.58,,,,,,
8975,05/04/2026 00:30:00,23.68,335.2,344.8,0.17,217.91,,,,,,
8976,05/04/2026 00:40:00,23.53,336.2,346.9,0.17,218.53,,,,,,
8977,05/04/2026 00:50:00,23.39,335.7,347.4,0.17,218.17,,,,,,
8978,05/04/2026 01:00:00,23.26,336.2,349.0,0.17,218.55,,,,,,
8979,05/04/2026 01:10:00,23.12,336.4,350.2,0.17,218.64,,,,,,
8980,05/04/2026 01:20:00,22.97,337.0,352.0,0.17,219.04,,,,,,
8981,05/04/2026 01:30:00,22.85,337.4,353.4,0.17,219.31,,,,,,
8982,05/04/2026 01:40:00,22.69,337.2,354.3,0.17,219.17,,,,,,
8983,05/04/2026 01:50:00,22.58,336.9,355.0,0.17,219.00,,,,,,
8984,05/04/2026 02:00:00,22.44,336.3,355.4,0.17,218.57,,,,,,
8985,05/04/2026 02:10:00,22.29,336.0,356.3,0.17,218.43,,,,,,
8986,05/04/2026 02:20:00,22.16,335.9,357.2,0.17,218.32,,,,,,
8987,05/04/2026 02:30:00,22.03,336.4,358.7,0.17,218.66,,,,,,
8988,05/04/2026 02:40:00,21.91,336.4,359.7,0.17,218.66,,,,,,
8989,05/04/2026 02:50:00,21.77,336.2,360.7,0.17,218.53,,,,,,
8990,05/04/2026 03:00:00,21.65,336.5,361.9,0.17,218.70,,,,,,
8991,05/04/2026 03:10:00,21.54,335.9,362.2,0.17,218.36,,,,,,
8992,05/04/2026 03:20:00,21.42,335.6,362.9,0.17,218.12,,,,,,
8993,05/04/2026 03:30:00,21.28,335.3,363.8,0.17,217.97,,,,,,
8994,05/04/2026 03:40:00,21.15,335.6,365.1,0.18,218.14,,,,,,
8995,05/04/2026 03:50:00,21.03,335.5,366.0,0.18,218.08,,,,,,
8996,05/04/2026 04:00:00,20.91,335.3,366.8,0.18,217.94,,,,,,
8997,05/04/2026 04:10:00,20.80,334.8,367.2,0.18,217.63,,,,,,
8998,05/04/2026 04:20:00,20.70,334.8,368.1,0.18,217.65,,,,,,
8999,05/04/2026 04:30:00,20.60,334.7,368.9,0.18,217.58,,,,,,
9000,05/04/2026 04:40:00,20.49,335.5,370.6,0.18,218.08,,,,,,
9001,05/04/2026 04:50:00,20.39,335.7,371.7,0.18,218.23,,,,,,
9002,05/04/2026 05:00:00,20.29,336.4,373.3,0.18,218.68,,,,,,
9003,05/04/2026 05:10:00,20.17,336.3,374.3,0.18,218.63,,,,,,
9004,05/04/2026 05:20:00,20.08,337.0,375.8,0.18,219.04,,,,,,
9005,05/04/2026 05:30:00,19.99,338.3,378.1,0.18,219.90,,,,,,
9006,05/04/2026 05:40:00,19.89,339.0,379.8,0.18,220.37,,,,,,
9007,05/04/2026 05:50:00,19.77,339.5,381.4,0.18,220.67,,,,,,
9008,05/04/2026 06:00:00,19.67,340.6,383.5,0.18,221.38,,,,,,
9009,05/04/2026 06:10:00,19.56,341.8,385.9,0.18,222.19,,,,,,
9010,05/04/2026 06:20:00,19.46,343.7,389.0,0.19,223.39,,,,,,
9011,05/04/2026 06:30:00,19.36,344.7,391.1,0.19,224.08,,,,,,
9012,05/04/2026 06:40:00,19.26,345.4,392.7,0.19,224.48,,,,,,
9013,05/04/2026 06:50:00,19.18,346.8,395.0,0.19,225.40,,,,,,
9014,05/04/2026 07:00:00,19.10,347.5,396.6,0.19,225.88,,,,,,
9015,05/04/2026 07:10:00,19.04,349.1,399.0,0.19,226.91,,,,,,
9016,05/04/2026 07:20:00,18.97,350.0,400.8,0.19,227.53,,,,,,
9017,05/04/2026 07:30:00,18.90,351.4,403.0,0.19,228.39,,,,,,
9018,05/04/2026 07:40:00,18.84,352.3,404.7,0.19,229.01,,,,,,
9019,05/04/2026 07:50:00,18.80,353.8,406.8,0.19,229.98,,,,,,
9020,05/04/2026 08:00:00,18.75,355.3,409.0,0.20,230.96,,,,,,
9021,05/04/2026 08:10:00,18.73,357.2,411.3,0.20,232.17,,,,,,
9022,05/04/2026 08:20:00,18.71,358.5,413.1,0.20,233.05,,,,,,
9023,05/04/2026 08:30:00,18.74,360.6,415.1,0.20,234.37,,,,,,
9024,05/04/2026 08:40:00,18.77,362.7,417.3,0.20,235.77,,,,,,
9025,05/04/2026 08:50:00,18.83,364.1,418.3,0.20,236.67,,,,,,
9026,05/04/2026 09:00:00,18.89,367.2,421.2,0.20,238.68,,,,,,
9027,05/04/2026 09:10:00,18.93,368.8,422.7,0.20,239.72,,,,,,
9028,05/04/2026 09:20:00,18.98,370.2,423.8,0.20,240.63,,,,,,
9029,05/04/2026 09:30:00,19.03,371.6,424.8,0.20,241.53,,,,,,
9030,05/04/2026 09:40:00,19.11,373.5,426.2,0.20,242.76,,,,,,
9031,05/04/2026 09:50:00,19.20,375.4,427.5,0.20,244.02,,,,,,
9032,05/04/2026 10:00:00,19.29,377.2,428.5,0.21,245.16,,,,,,
9033,05/04/2026 10:10:00,19.39,379.1,429.7,0.21,246.38,,,,,,
9034,05/04/2026 10:20:00,19.50,381.2,430.9,0.21,247.77,,,,,,
9035,05/04/2026 10:30:00,19.62,383.6,432.5,0.21,249.36,,,,,,
9036,05/04/2026 10:40:00,19.75,386.0,433.8,0.21,250.88,,,,,,
9037,05/04/2026 10:50:00,19.89,388.8,435.5,0.21,252.69,,,,,,
9038,05/04/2026 11:00:00,20.04,391.6,437.1,0.21,254.51,,,,,,
9039,05/04/2026 11:10:00,20.18,393.9,438.3,0.21,256.01,,,,,,
9040,05/04/2026 11:20:00,20.36,396.9,439.8,0.21,257.99,,,,,,
9041,05/04/2026 11:30:00,20.54,398.8,440.0,0.21,259.24,,,,,,
9042,05/04/2026 11:40:00,20.70,402.2,442.0,0.21,261.40,,,,,,
9043,05/04/2026 11:50:00,20.86,404.4,442.9,0.21,262.84,,,,,,
9044,05/04/2026 12:00:00,21.04,406.8,443.7,0.21,264.41,,,,,,
9045,05/04/2026 12:10:00,21.25,408.3,443.2,0.21,265.41,,,,,,
9046,05/04/2026 12:20:00,21.42,410.4,443.7,0.21,266.75,,,,,,
9047,05/04/2026 12:30:00,21.60,412.9,444.6,0.21,268.36,,,,,,
9048,05/04/2026 12:40:00,21.85,418.5,448.1,0.22,272.03,,,,,,
9049,05/04/2026 12:50:00,22.12,420.4,447.4,0.22,273.25,,,,,,
9050,05/04/2026 13:00:00,22.37,423.3,448.1,0.22,275.16,,,,,,
9051,05/04/2026 13:10:00,22.52,426.7,450.2,0.22,277.36,,,,,,
9052,05/04/2026 13:20:00,22.75,430.6,451.9,0.22,279.87,,,,,,
9053,05/04/2026 13:30:00,22.95,433.7,453.2,0.22,281.88,,,,,,
9054,05/04/2026 13:40:00,23.19,435.6,452.8,0.22,283.13,,,,,,
9055,05/04/2026 13:50:00,23.42,438.3,453.3,0.22,284.89,,,,,,
9056,05/04/2026 14:00:00,23.67,441.8,454.5,0.22,287.15,,,,,,
9057,05/04/2026 14:10:00,23.95,446.9,457.0,0.22,290.46,,,,,,
9058,05/04/2026 14:20:00,24.20,450.8,458.6,0.22,293.04,,,,,,
9059,05/04/2026 14:30:00,24.41,452.9,458.6,0.22,294.37,,,,,,
9060,05/04/2026 14:40:00,24.61,455.1,458.9,0.22,295.83,,,,,,
9061,05/04/2026 14:50:00,24.79,457.9,460.0,0.22,297.66,,,,,,
9062,05/04/2026 15:00:00,24.99,459.0,459.1,0.22,298.32,,,,,,
9063,05/04/2026 15:10:00,25.17,463.2,461.5,0.22,301.07,,,,,,
9064,05/04/2026 15:20:00,25.40,467.3,463.4,0.22,303.75,,,,,,
9065,05/04/2026 15:30:00,25.62,469.2,463.2,0.22,304.99,,,,,,
9066,05/04/2026 15:40:00,25.79,469.4,461.7,0.22,305.11,,,,,,
9067,05/04/2026 15:50:00,25.95,471.8,462.6,0.22,306.67,,,,,,
9068,05/04/2026 16:00:00,26.10,472.5,461.8,0.22,307.13,,,,,,
9069,05/04/2026 16:10:00,26.27,469.3,457.2,0.22,305.07,,,,,,
9070,05/04/2026 16:20:00,26.43,464.8,451.3,0.22,302.13,,,,,,
9071,05/04/2026 16:30:00,26.53,460.5,446.2,0.22,299.35,,,,,,
9072,05/04/2026 16:40:00,26.63,457.6,442.5,0.21,297.46,,,,,,
9073,05/04/2026 16:50:00,26.70,455.5,439.8,0.21,296.06,,,,,,
9074,05/04/2026 17:00:00,26.77,455.6,439.3,0.21,296.13,,,,,,
9075,05/04/2026 17:10:00,26.86,454.0,436.9,0.21,295.08,,,,,,
9076,05/04/2026 17:20:00,26.90,453.0,435.6,0.21,294.42,,,,,,
9077,05/04/2026 17:30:00,26.96,451.1,433.3,0.21,293.22,,,,,,
9078,05/04/2026 17:40:00,27.05,428.7,411.0,0.20,278.64,,,,,,
9079,05/04/2026 17:50:00,27.09,394.6,378.0,0.18,256.46,,,,,,
9080,05/04/2026 18:00:00,27.09,393.8,377.3,0.18,256.00,,,,,,
9081,05/04/2026 18:10:00,27.07,382.4,366.5,0.18,248.58,,,,,,
9082,05/04/2026 18:20:00,27.06,379.8,364.0,0.18,246.87,,,,,,
9083,05/04/2026 18:30:00,27.05,371.6,356.2,0.17,241.52,,,,,,
9084,05/04/2026 18:40:00,27.05,362.6,347.6,0.17,235.66,,,,,,
9085,05/04/2026 18:50:00,27.04,356.0,341.4,0.17,231.38,,,,,,
9086,05/04/2026 19:00:00,27.00,350.2,336.1,0.16,227.62,,,,,,
9087,05/04/2026 19:10:00,26.97,349.2,335.3,0.16,226.96,,,,,,
9088,05/04/2026 19:20:00,26.93,345.1,331.7,0.16,224.32,,,,,,
9089,05/04/2026 19:30:00,26.88,342.9,329.9,0.16,222.90,,,,,,
9090,05/04/2026 19:40:00,26.80,315.0,303.5,0.15,204.73,,,,,,
9091,05/04/2026 19:50:00,26.70,314.8,304.0,0.15,204.63,,,,,,
9092,05/04/2026 20:00:00,26.61,330.9,320.1,0.15,215.11,,,,,,
9093,05/04/2026 20:10:00,26.51,329.4,319.2,0.15,214.10,,,,,,
9094,05/04/2026 20:20:00,26.42,328.9,319.3,0.15,213.76,,,,,,
9095,05/04/2026 20:30:00,26.34,327.1,318.1,0.15,212.61,,,,,,
9096,05/04/2026 20:40:00,26.27,327.3,318.9,0.15,212.78,,,,,,
9097,05/04/2026 20:50:00,26.20,327.1,319.1,0.15,212.65,,,,,,
9098,05/04/2026 21:00:00,26.13,326.3,318.7,0.15,212.08,,,,,,
9099,05/04/2026 21:10:00,26.06,324.2,317.1,0.15,210.74,,,,,,
9100,05/04/2026 21:20:00,25.98,322.3,315.8,0.15,209.49,,,,,,
9101,05/04/2026 21:30:00,25.90,306.6,300.9,0.15,199.30,,,,,,
9102,05/04/2026 21:40:00,25.81,318.1,312.8,0.15,206.75,,,,,,
9103,05/04/2026 21:50:00,25.72,318.3,313.6,0.15,206.90,,,,,,
9104,05/04/2026 22:00:00,25.66,319.0,314.6,0.15,207.33,,,,,,
9105,05/04/2026 22:10:00,25.56,319.5,315.8,0.15,207.70,,,,,,
9106,05/04/2026 22:20:00,25.49,318.3,315.0,0.15,206.87,,,,,,
9107,05/04/2026 22:30:00,25.41,312.7,310.1,0.15,203.28,,,,,,
9108,05/04/2026 22:40:00,25.33,312.0,309.9,0.15,202.81,,,,,,
9109,05/04/2026 22:50:00,25.26,310.5,308.8,0.15,201.82,,,,,,
9110,05/04/2026 23:00:00,25.19,310.4,309.1,0.15,201.74,,,,,,
9111,05/04/2026 23:10:00,25.12,309.6,308.9,0.15,201.26,,,,,,
9112,05/04/2026 23:20:00,25.07,310.0,309.6,0.15,201.48,,,,,,
9113,05/04/2026 23:30:00,25.01,310.5,310.5,0.15,201.86,,,,,,
9114,05/04/2026 23:40:00,24.96,310.0,310.3,0.15,201.53,,,,,,
9115,05/04/2026 23:50:00,24.91,309.9,310.4,0.15,201.41,,,,,,
9116,05/05/2026 00:00:00,24.83,310.8,312.0,0.15,202.04,,,,,,
9117,05/05/2026 00:10:00,24.79,312.4,313.8,0.15,203.09,,,,,,
9118,05/05/2026 00:20:00,24.75,313.6,315.3,0.15,203.85,,,,,,
9119,05/05/2026 00:30:00,24.68,315.0,317.1,0.15,204.75,,,,,,
9120,05/05/2026 00:40:00,24.63,315.3,317.8,0.15,204.96,,,,,,
9121,05/05/2026 00:50:00,24.57,315.3,318.2,0.15,204.93,,,,,,
9122,05/05/2026 01:00:00,24.50,319.0,322.3,0.16,207.32,,,,,,
9123,05/05/2026 01:10:00,24.44,318.0,321.8,0.16,206.69,,,,,,
9124,05/05/2026 01:20:00,24.38,318.2,322.3,0.16,206.80,,,,,,
9125,05/05/2026 01:30:00,24.31,317.8,322.5,0.16,206.60,,,,,,
9126,05/05/2026 01:40:00,24.26,318.1,323.2,0.16,206.78,,,,,,
9127,05/05/2026 01:50:00,24.19,317.4,322.9,0.16,206.31,,,,,,
9128,05/05/2026 02:00:00,24.12,317.8,323.7,0.16,206.55,,,,,,
9129,05/05/2026 02:10:00,24.07,318.4,324.7,0.16,206.95,,,,,,
9130,05/05/2026 02:20:00,24.00,318.2,325.0,0.16,206.85,,,,,,
9131,05/05/2026 02:30:00,23.94,319.0,326.3,0.16,207.37,,,,,,
9132,05/05/2026 02:40:00,23.88,318.5,326.2,0.16,207.05,,,,,,
9133,05/05/2026 02:50:00,23.82,318.7,326.8,0.16,207.16,,,,,,
9134,05/05/2026 03:00:00,23.75,318.4,327.0,0.16,206.96,,,,,,
9135,05/05/2026 03:10:00,23.69,318.3,327.3,0.16,206.88,,,,,,
9136,05/05/2026 03:20:00,23.62,318.2,327.7,0.16,206.83,,,,,,
9137,05/05/2026 03:30:00,23.56,316.9,326.8,0.16,205.97,,,,,,
9138,05/05/2026 03:40:00,23.49,316.8,327.1,0.16,205.90,,,,,,
9139,05/05/2026 03:50:00,23.44,316.5,327.3,0.16,205.74,,,,,,
9140,05/05/2026 04:00:00,23.35,316.7,328.1,0.16,205.86,,,,,,
9141,05/05/2026 04:10:00,23.29,317.2,329.0,0.16,206.18,,,,,,
9142,05/05/2026 04:20:00,23.24,317.5,329.7,0.16,206.38,,,,,,
9143,05/05/2026 04:30:00,23.17,317.7,330.4,0.16,206.49,,,,,,
9144,05/05/2026 04:40:00,23.09,317.9,331.1,0.16,206.60,,,,,,
9145,05/05/2026 04:50:00,23.04,318.9,332.6,0.16,207.26,,,,,,
9146,05/05/2026 05:00:00,22.98,319.3,333.4,0.16,207.56,,,,,,
9147,05/05/2026 05:10:00,22.92,319.8,334.4,0.16,207.88,,,,,,
9148,05/05/2026 05:20:00,22.86,320.4,335.5,0.16,208.23,,,,,,
9149,05/05/2026 05:30:00,22.79,320.9,336.6,0.16,208.60,,,,,,
9150,05/05/2026 05:40:00,22.72,320.7,336.8,0.16,208.45,,,,,,
9151,05/05/2026 05:50:00,22.65,320.8,337.4,0.16,208.51,,,,,,
9152,05/05/2026 06:00:00,22.58,321.1,338.2,0.16,208.71,,,,,,
9153,05/05/2026 06:10:00,22.51,321.2,338.9,0.16,208.80,,,,,,
9154,05/05/2026 06:20:00,22.45,321.6,339.8,0.16,209.04,,,,,,
9155,05/05/2026 06:30:00,22.39,322.0,340.7,0.16,209.32,,,,,,
9156,05/05/2026 06:40:00,22.34,321.3,340.2,0.16,208.82,,,,,,
9157,05/05/2026 06:50:00,22.27,321.7,341.2,0.16,209.11,,,,,,
9158,05/05/2026 07:00:00,22.20,323.1,343.3,0.16,210.03,,,,,,
9159,05/05/2026 07:10:00,22.18,323.8,344.1,0.17,210.45,,,,,,
9160,05/05/2026 07:20:00,22.14,324.6,345.4,0.17,211.02,,,,,,
9161,05/05/2026 07:30:00,22.11,325.1,346.1,0.17,211.29,,,,,,
9162,05/05/2026 07:40:00,22.05,325.5,347.0,0.17,211.57,,,,,,
9163,05/05/2026 07:50:00,22.03,326.2,347.9,0.17,212.03,,,,,,
9164,05/05/2026 08:00:00,22.01,326.9,348.8,0.17,212.49,,,,,,
9165,05/05/2026 08:10:00,21.99,327.3,349.4,0.17,212.76,,,,,,
9166,05/05/2026 08:20:00,21.96,328.6,351.0,0.17,213.57,,,,,,
9167,05/05/2026 08:30:00,21.95,329.5,352.0,0.17,214.14,,,,,,
9168,05/05/2026 08:40:00,21.95,330.7,353.3,0.17,214.95,,,,,,
9169,05/05/2026 08:50:00,21.97,331.4,353.9,0.17,215.44,,,,,,
9170,05/05/2026 09:00:00,22.01,333.0,355.3,0.17,216.43,,,,,,
9171,05/05/2026 09:10:00,22.05,334.8,356.9,0.17,217.62,,,,,,
9172,05/05/2026 09:20:00,22.08,336.4,358.4,0.17,218.68,,,,,,
9173,05/05/2026 09:30:00,22.12,337.4,359.1,0.17,219.30,,,,,,
9174,05/05/2026 09:40:00,22.16,338.9,360.4,0.17,220.30,,,,,,
9175,05/05/2026 09:50:00,22.20,341.0,362.3,0.17,221.66,,,,,,
9176,05/05/2026 10:00:00,22.24,341.8,362.9,0.17,222.18,,,,,,
9177,05/05/2026 10:10:00,22.29,345.1,365.9,0.18,224.31,,,,,,
9178,05/05/2026 10:20:00,22.37,348.4,368.8,0.18,226.45,,,,,,
9179,05/05/2026 10:30:00,22.47,351.0,370.6,0.18,228.13,,,,,,
9180,05/05/2026 10:40:00,22.55,358.7,378.2,0.18,233.13,,,,,,
9181,05/05/2026 10:50:00,22.42,373.9,395.3,0.19,243.00,,,,,,
9182,05/05/2026 11:00:00,22.27,427.2,453.1,0.22,277.66,,,,,,
9183,05/05/2026 11:10:00,22.41,434.5,459.4,0.22,282.40,,,,,,
9184,05/05/2026 11:20:00,22.78,414.7,435.0,0.21,269.53,,,,,,
9185,05/05/2026 11:30:00,23.18,404.2,420.3,0.20,262.72,,,,,,
9186,05/05/2026 11:40:00,23.51,403.9,417.0,0.20,262.54,,,,,,
9187,05/05/2026 11:50:00,23.70,395.9,407.0,0.20,257.34,,,,,,
9188,05/05/2026 12:00:00,23.87,391.9,401.4,0.19,254.73,,,,,,
9189,05/05/2026 12:10:00,24.06,388.5,396.3,0.19,252.51,,,,,,
9190,05/05/2026 12:20:00,24.24,410.2,416.9,0.20,266.66,,,,,,
9191,05/05/2026 12:30:00,24.39,406.1,411.3,0.20,263.97,,,,,,
9192,05/05/2026 12:40:00,24.58,404.2,407.9,0.20,262.74,,,,,,
9193,05/05/2026 12:50:00,24.81,402.2,403.8,0.19,261.44,,,,,,
9194,05/05/2026 13:00:00,25.00,400.9,400.9,0.19,260.60,,,,,,
9195,05/05/2026 13:10:00,25.18,399.9,398.4,0.19,259.93,,,,,,
9196,05/05/2026 13:20:00,25.38,399.3,396.1,0.19,259.53,,,,,,
9197,05/05/2026 13:30:00,25.55,398.3,393.7,0.19,258.87,,,,,,
9198,05/05/2026 13:40:00,25.72,397.0,391.1,0.19,258.02,,,,,,
9199,05/05/2026 13:50:00,25.88,395.0,387.8,0.19,256.74,,,,,,
9200,05/05/2026 14:00:00,26.10,394.1,385.2,0.19,256.20,,,,,,
9201,05/05/2026 14:10:00,26.32,393.5,382.9,0.18,255.79,,,,,,
9202,05/05/2026 14:20:00,26.59,393.5,380.8,0.18,255.77,,,,,,
9203,05/05/2026 14:30:00,26.81,397.6,383.1,0.19,258.47,,,,,,
9204,05/05/2026 14:40:00,27.03,397.0,380.7,0.18,258.02,,,,,,
9205,05/05/2026 14:50:00,27.31,396.0,377.7,0.18,257.42,,,,,,
9206,05/05/2026 15:00:00,27.59,393.9,373.6,0.18,256.01,,,,,,
9207,05/05/2026 15:10:00,27.74,392.3,370.9,0.18,254.97,,,,,,
9208,05/05/2026 15:20:00,27.92,390.5,367.9,0.18,253.82,,,,,,
9209,05/05/2026 15:30:00,28.10,389.0,365.3,0.18,252.88,,,,,,
9210,05/05/2026 15:40:00,28.27,388.5,363.5,0.18,252.52,,,,,,
9211,05/05/2026 15:50:00,28.43,387.3,361.3,0.17,251.75,,,,,,
9212,05/05/2026 16:00:00,28.63,385.7,358.4,0.17,250.71,,,,,,
9213,05/05/2026 16:10:00,28.76,383.6,355.5,0.17,249.31,,,,,,
9214,05/05/2026 16:20:00,28.93,391.0,361.2,0.17,254.14,,,,,,
9215,05/05/2026 16:30:00,29.09,382.3,352.0,0.17,248.46,,,,,,
9216,05/05/2026 16:40:00,29.15,354.1,325.7,0.16,230.17,,,,,,
9217,05/05/2026 16:50:00,29.20,371.6,341.5,0.17,241.53,,,,,,
9218,05/05/2026 17:00:00,29.30,369.5,338.9,0.16,240.19,,,,,,
9219,05/05/2026 17:10:00,29.39,368.3,337.2,0.16,239.42,,,,,,
9220,05/05/2026 17:20:00,29.39,364.3,333.6,0.16,236.81,,,,,,
9221,05/05/2026 17:30:00,29.37,362.8,332.3,0.16,235.83,,,,,,
9222,05/05/2026 17:40:00,29.34,360.5,330.4,0.16,234.33,,,,,,
9223,05/05/2026 17:50:00,29.28,357.0,327.5,0.16,232.02,,,,,,
9224,05/05/2026 18:00:00,29.19,352.8,324.3,0.16,229.35,,,,,,
9225,05/05/2026 18:10:00,29.05,350.8,323.3,0.16,228.02,,,,,,
9226,05/05/2026 18:20:00,28.94,348.2,321.6,0.16,226.34,,,,,,
9227,05/05/2026 18:30:00,28.86,347.1,321.0,0.16,225.58,,,,,,
9228,05/05/2026 18:40:00,28.71,345.4,320.4,0.16,224.52,,,,,,
9229,05/05/2026 18:50:00,28.58,337.7,314.1,0.15,219.52,,,,,,
9230,05/05/2026 19:00:00,28.48,338.4,315.4,0.15,219.97,,,,,,
9231,05/05/2026 19:10:00,28.34,336.9,314.8,0.15,218.99,,,,,,
9232,05/05/2026 19:20:00,28.19,334.6,313.7,0.15,217.51,,,,,,
9233,05/05/2026 19:30:00,28.05,333.5,313.4,0.15,216.77,,,,,,
9234,05/05/2026 19:40:00,27.92,330.9,311.8,0.15,215.09,,,,,,
9235,05/05/2026 19:50:00,27.78,328.6,310.5,0.15,213.61,,,,,,
9236,05/05/2026 20:00:00,27.64,325.0,307.9,0.15,211.24,,,,,,
9237,05/05/2026 20:10:00,27.51,323.4,307.1,0.15,210.18,,,,,,
9238,05/05/2026 20:20:00,27.40,323.5,307.9,0.15,210.27,,,,,,
9239,05/05/2026 20:30:00,27.28,320.8,306.1,0.15,208.49,,,,,,
9240,05/05/2026 20:40:00,27.14,318.1,304.4,0.15,206.75,,,,,,
9241,05/05/2026 20:50:00,27.00,316.1,303.4,0.15,205.49,,,,,,
9242,05/05/2026 21:00:00,26.88,313.9,302.0,0.15,204.04,,,,,,
9243,05/05/2026 21:10:00,26.74,312.5,301.4,0.15,203.11,,,,,,
9244,05/05/2026 21:20:00,26.59,311.0,301.0,0.15,202.15,,,,,,
9245,05/05/2026 21:30:00,26.43,309.7,300.7,0.15,201.31,,,,,,
9246,05/05/2026 21:40:00,26.27,308.6,300.6,0.15,200.59,,,,,,
9247,05/05/2026 21:50:00,26.10,306.2,299.2,0.14,199.00,,,,,,
9248,05/05/2026 22:00:00,25.93,306.2,300.4,0.15,199.04,,,,,,
9249,05/05/2026 22:10:00,25.78,304.8,300.0,0.14,198.15,,,,,,
9250,05/05/2026 22:20:00,25.62,304.6,300.7,0.15,197.97,,,,,,
9251,05/05/2026 22:30:00,25.46,303.6,300.7,0.15,197.35,,,,,,
9252,05/05/2026 22:40:00,25.30,303.1,301.2,0.15,197.02,,,,,,
9253,05/05/2026 22:50:00,25.14,302.1,301.3,0.15,196.39,,,,,,
9254,05/05/2026 23:00:00,24.98,301.9,302.1,0.15,196.24,,,,,,
9255,05/05/2026 23:10:00,24.82,322.1,323.3,0.16,209.34,,,,,,
9256,05/05/2026 23:20:00,24.64,303.1,305.3,0.15,196.99,,,,,,
9257,05/05/2026 23:30:00,24.48,302.9,306.2,0.15,196.86,,,,,,
9258,05/05/2026 23:40:00,24.34,302.3,306.5,0.15,196.49,,,,,,
9259,05/05/2026 23:50:00,24.19,302.2,307.4,0.15,196.43,,,,,,
9260,05/06/2026 00:00:00,24.04,302.2,308.4,0.15,196.41,,,,,,
9261,05/06/2026 00:10:00,23.90,301.3,308.5,0.15,195.87,,,,,,
9262,05/06/2026 00:20:00,23.76,302.3,310.4,0.15,196.51,,,,,,
9263,05/06/2026 00:30:00,23.60,302.3,311.4,0.15,196.47,,,,,,
9264,05/06/2026 00:40:00,23.45,302.3,312.4,0.15,196.47,,,,,,
9265,05/06/2026 00:50:00,23.31,302.8,313.9,0.15,196.81,,,,,,
9266,05/06/2026 01:00:00,23.17,303.2,315.3,0.15,197.06,,,,,,
9267,05/06/2026 01:10:00,23.02,303.9,317.1,0.15,197.56,,,,,,
9268,05/06/2026 01:20:00,22.87,304.2,318.5,0.15,197.74,,,,,,
9269,05/06/2026 01:30:00,22.71,304.5,319.8,0.15,197.90,,,,,,
9270,05/06/2026 01:40:00,22.56,304.9,321.4,0.15,198.18,,,,,,
9271,05/06/2026 01:50:00,22.41,305.9,323.5,0.16,198.86,,,,,,
9272,05/06/2026 02:00:00,22.28,307.2,325.8,0.16,199.69,,,,,,
9273,05/06/2026 02:10:00,22.16,308.5,328.0,0.16,200.51,,,,,,
9274,05/06/2026 02:20:00,22.03,309.9,330.5,0.16,201.43,,,,,,
9275,05/06/2026 02:30:00,21.88,311.4,333.2,0.16,202.42,,,,,,
9276,05/06/2026 02:40:00,21.74,312.9,335.9,0.16,203.38,,,,,,
9277,05/06/2026 02:50:00,21.62,314.3,338.3,0.16,204.29,,,,,,
9278,05/06/2026 03:00:00,21.49,316.3,341.5,0.16,205.60,,,,,,
9279,05/06/2026 03:10:00,21.35,318.3,344.8,0.17,206.92,,,,,,
9280,05/06/2026 03:20:00,21.21,320.5,348.2,0.17,208.34,,,,,,
9281,05/06/2026 03:30:00,21.07,322.2,351.2,0.17,209.44,,,,,,
9282,05/06/2026 03:40:00,20.97,326.5,356.7,0.17,212.25,,,,,,
9283,05/06/2026 03:50:00,20.87,326.1,357.1,0.17,211.97,,,,,,
9284,05/06/2026 04:00:00,20.76,328.1,360.2,0.17,213.27,,,,,,
9285,05/06/2026 04:10:00,20.63,329.7,363.0,0.17,214.30,,,,,,
9286,05/06/2026 04:20:00,20.50,331.4,365.9,0.18,215.40,,,,,,
9287,05/06/2026 04:30:00,20.39,333.1,368.8,0.18,216.52,,,,,,
9288,05/06/2026 04:40:00,20.29,334.6,371.4,0.18,217.50,,,,,,
9289,05/06/2026 04:50:00,20.18,336.3,374.2,0.18,218.61,,,,,,
9290,05/06/2026 05:00:00,20.08,338.2,377.2,0.18,219.82,,,,,,
9291,05/06/2026 05:10:00,19.99,340.0,380.0,0.18,220.98,,,,,,
9292,05/06/2026 05:20:00,19.88,341.7,382.9,0.18,222.12,,,,,,
9293,05/06/2026 05:30:00,19.77,343.1,385.4,0.18,223.01,,,,,,
9294,05/06/2026 05:40:00,19.66,344.1,387.6,0.19,223.64,,,,,,
9295,05/06/2026 05:50:00,19.52,343.3,388.0,0.19,223.17,,,,,,
9296,05/06/2026 06:00:00,19.42,346.3,392.3,0.19,225.11,,,,,,
9297,05/06/2026 06:10:00,19.32,347.1,394.1,0.19,225.63,,,,,,
9298,05/06/2026 06:20:00,19.22,348.5,396.7,0.19,226.54,,,,,,
9299,05/06/2026 06:30:00,19.13,349.7,398.8,0.19,227.29,,,,,,
9300,05/06/2026 06:40:00,19.03,350.5,400.8,0.19,227.82,,,,,,
9301,05/06/2026 06:50:00,18.93,352.6,404.1,0.19,229.17,,,,,,
9302,05/06/2026 07:00:00,18.83,353.5,406.0,0.19,229.75,,,,,,
9303,05/06/2026 07:10:00,18.76,354.2,407.5,0.19,230.20,,,,,,
9304,05/06/2026 07:20:00,18.70,355.1,409.2,0.20,230.80,,,,,,
9305,05/06/2026 07:30:00,18.65,356.2,411.0,0.20,231.50,,,,,,
9306,05/06/2026 07:40:00,18.55,356.8,412.7,0.20,231.91,,,,,,
9307,05/06/2026 07:50:00,18.48,357.6,414.2,0.20,232.41,,,,,,
9308,05/06/2026 08:00:00,18.42,358.4,415.9,0.20,232.98,,,,,,
9309,05/06/2026 08:10:00,18.34,359.2,417.5,0.20,233.45,,,,,,
9310,05/06/2026 08:20:00,18.28,359.7,418.8,0.20,233.79,,,,,,
9311,05/06/2026 08:30:00,18.23,360.5,420.3,0.20,234.35,,,,,,
9312,05/06/2026 08:40:00,18.17,361.3,421.8,0.20,234.82,,,,,,
9313,05/06/2026 08:50:00,18.12,361.6,422.8,0.20,235.06,,,,,,
9314,05/06/2026 09:00:00,18.07,362.5,424.2,0.20,235.65,,,,,,
9315,05/06/2026 09:10:00,18.02,362.3,424.5,0.20,235.49,,,,,,
9316,05/06/2026 09:20:00,17.97,362.8,425.7,0.20,235.83,,,,,,
9317,05/06/2026 09:30:00,17.93,363.1,426.3,0.20,236.00,,,,,,
9318,05/06/2026 09:40:00,17.88,363.4,427.3,0.20,236.19,,,,,,
9319,05/06/2026 09:50:00,17.83,363.8,428.3,0.20,236.47,,,,,,
9320,05/06/2026 10:00:00,17.79,364.2,429.2,0.20,236.72,,,,,,
9321,05/06/2026 10:10:00,17.74,364.2,429.7,0.20,236.76,,,,,,
9322,05/06/2026 10:20:00,17.71,364.6,430.5,0.21,236.97,,,,,,
9323,05/06/2026 10:30:00,17.66,364.8,431.2,0.21,237.09,,,,,,
9324,05/06/2026 10:40:00,17.65,365.2,431.8,0.21,237.36,,,,,,
9325,05/06/2026 10:50:00,17.68,366.1,432.6,0.21,237.95,,,,,,
9326,05/06/2026 11:00:00,17.67,366.2,432.8,0.21,238.01,,,,,,
9327,05/06/2026 11:10:00,17.67,366.4,433.1,0.21,238.16,,,,,,
9328,05/06/2026 11:20:00,17.66,367.1,433.9,0.21,238.59,,,,,,
9329,05/06/2026 11:30:00,17.63,367.0,434.2,0.21,238.52,,,,,,
9330,05/06/2026 11:40:00,17.60,368.2,435.9,0.21,239.30,,,,,,
9331,05/06/2026 11:50:00,17.58,368.6,436.6,0.21,239.59,,,,,,
9332,05/06/2026 12:00:00,17.59,369.2,437.3,0.21,240.01,,,,,,
9333,05/06/2026 12:10:00,17.60,369.9,437.9,0.21,240.41,,,,,,
9334,05/06/2026 12:20:00,17.65,370.8,438.5,0.21,241.00,,,,,,
9335,05/06/2026 12:30:00,17.67,371.3,438.9,0.21,241.33,,,,,,
9336,05/06/2026 12:40:00,17.69,371.6,439.0,0.21,241.53,,,,,,
9337,05/06/2026 12:50:00,17.72,371.8,438.9,0.21,241.68,,,,,,
9338,05/06/2026 13:00:00,17.76,372.9,439.7,0.21,242.36,,,,,,
9339,05/06/2026 13:10:00,17.81,373.8,440.2,0.21,242.94,,,,,,
9340,05/06/2026 13:20:00,17.86,374.7,440.8,0.21,243.55,,,,,,
9341,05/06/2026 13:30:00,17.93,375.9,441.4,0.21,244.32,,,,,,
9342,05/06/2026 13:40:00,18.07,377.6,441.9,0.21,245.41,,,,,,
9343,05/06/2026 13:50:00,18.15,379.0,442.7,0.21,246.34,,,,,,
9344,05/06/2026 14:00:00,18.31,380.2,442.4,0.21,247.11,,,,,,
9345,05/06/2026 14:10:00,18.43,381.3,442.3,0.21,247.83,,,,,,
9346,05/06/2026 14:20:00,18.50,382.7,443.1,0.21,248.74,,,,,,
9347,05/06/2026 14:30:00,18.58,383.4,443.2,0.21,249.22,,,,,,
9348,05/06/2026 14:40:00,18.69,384.5,443.2,0.21,249.92,,,,,,
9349,05/06/2026 14:50:00,18.84,385.9,443.2,0.21,250.84,,,,,,
9350,05/06/2026 15:00:00,19.00,389.9,446.0,0.21,253.42,,,,,,
9351,05/06/2026 15:10:00,19.13,390.4,445.3,0.21,253.79,,,,,,
9352,05/06/2026 15:20:00,19.26,392.8,446.6,0.21,255.30,,,,,,
9353,05/06/2026 15:30:00,19.40,394.3,446.9,0.21,256.31,,,,,,
9354,05/06/2026 15:40:00,19.53,394.9,446.1,0.21,256.68,,,,,,
9355,05/06/2026 15:50:00,19.66,393.0,442.5,0.21,255.42,,,,,,
9356,05/06/2026 16:00:00,19.79,398.3,447.2,0.21,258.87,,,,,,
9357,05/06/2026 16:10:00,19.91,398.4,446.2,0.21,258.98,,,,,,
9358,05/06/2026 16:20:00,19.99,398.6,445.4,0.21,259.09,,,,,,
9359,05/06/2026 16:30:00,20.09,400.2,446.2,0.21,260.11,,,,,,
9360,05/06/2026 16:40:00,20.21,402.1,447.1,0.21,261.39,,,,,,
9361,05/06/2026 16:50:00,20.33,403.3,447.2,0.21,262.14,,,,,,
9362,05/06/2026 17:00:00,20.43,401.3,443.9,0.21,260.84,,,,,,
9363,05/06/2026 17:10:00,20.54,403.4,445.0,0.21,262.18,,,,,,
9364,05/06/2026 17:20:00,20.66,405.4,446.1,0.21,263.51,,,,,,
9365,05/06/2026 17:30:00,20.74,405.5,445.3,0.21,263.57,,,,,,
9366,05/06/2026 17:40:00,20.79,404.8,444.0,0.21,263.12,,,,,,
9367,05/06/2026 17:50:00,20.85,405.2,443.9,0.21,263.38,,,,,,
9368,05/06/2026 18:00:00,20.90,403.5,441.5,0.21,262.25,,,,,,
9369,05/06/2026 18:10:00,20.93,403.1,440.7,0.21,261.99,,,,,,
9370,05/06/2026 18:20:00,20.97,400.3,437.4,0.21,260.23,,,,,,
9371,05/06/2026 18:30:00,20.99,398.8,435.5,0.21,259.22,,,,,,
9372,05/06/2026 18:40:00,20.99,397.2,433.7,0.21,258.16,,,,,,
9373,05/06/2026 18:50:00,20.99,394.8,431.1,0.21,256.61,,,,,,
9374,05/06/2026 19:00:00,20.97,390.3,426.4,0.20,253.71,,,,,,
9375,05/06/2026 19:10:00,20.95,391.3,427.7,0.21,254.33,,,,,,
9376,05/06/2026 19:20:00,20.92,389.8,426.4,0.20,253.40,,,,,,
9377,05/06/2026 19:30:00,20.89,388.4,425.0,0.20,252.44,,,,,,
9378,05/06/2026 19:40:00,20.86,383.9,420.4,0.20,249.52,,,,,,
9379,05/06/2026 19:50:00,20.83,381.2,417.8,0.20,247.78,,,,,,
9380,05/06/2026 20:00:00,20.80,378.8,415.4,0.20,246.19,,,,,,
9381,05/06/2026 20:10:00,20.76,376.9,413.8,0.20,245.00,,,,,,
9382,05/06/2026 20:20:00,20.71,372.8,409.7,0.20,242.33,,,,,,
9383,05/06/2026 20:30:00,20.68,371.5,408.6,0.20,241.45,,,,,,
9384,05/06/2026 20:40:00,20.63,368.1,405.2,0.19,239.24,,,,,,
9385,05/06/2026 20:50:00,20.58,366.5,404.1,0.19,238.23,,,,,,
9386,05/06/2026 21:00:00,20.51,364.3,402.2,0.19,236.80,,,,,,
9387,05/06/2026 21:10:00,20.47,363.7,401.9,0.19,236.40,,,,,,
9388,05/06/2026 21:20:00,20.41,361.9,400.5,0.19,235.23,,,,,,
9389,05/06/2026 21:30:00,20.37,360.4,399.3,0.19,234.29,,,,,,
9390,05/06/2026 21:40:00,20.31,360.1,399.5,0.19,234.10,,,,,,
9391,05/06/2026 21:50:00,20.26,358.2,397.8,0.19,232.81,,,,,,
9392,05/06/2026 22:00:00,20.23,356.4,396.1,0.19,231.67,,,,,,
9393,05/06/2026 22:10:00,20.18,354.8,394.8,0.19,230.65,,,,,,
9394,05/06/2026 22:20:00,20.13,354.0,394.4,0.19,230.13,,,,,,
9395,05/06/2026 22:30:00,20.06,351.8,392.6,0.19,228.70,,,,,,
9396,05/06/2026 22:40:00,19.99,349.9,391.1,0.19,227.46,,,,,,
9397,05/06/2026 22:50:00,19.93,348.2,389.7,0.19,226.33,,,,,,
9398,05/06/2026 23:00:00,19.85,345.7,387.6,0.19,224.69,,,,,,
9399,05/06/2026 23:10:00,19.80,344.2,386.4,0.18,223.73,,,,,,
9400,05/06/2026 23:20:00,19.73,342.8,385.5,0.18,222.84,,,,,,
9401,05/06/2026 23:30:00,19.66,341.0,384.1,0.18,221.63,,,,,,
9402,05/06/2026 23:40:00,19.60,340.4,384.0,0.18,221.27,,,,,,
9403,05/06/2026 23:50:00,19.53,339.4,383.5,0.18,220.63,,,,,,
9404,05/07/2026 00:00:00,19.47,338.6,383.2,0.18,220.11,,,,,,
9405,05/07/2026 00:10:00,19.40,337.6,382.6,0.18,219.45,,,,,,
9406,05/07/2026 00:20:00,19.33,336.0,381.4,0.18,218.40,,,,,,
9407,05/07/2026 00:30:00,19.27,334.3,379.9,0.18,217.27,,,,,,
9408,05/07/2026 00:40:00,19.21,333.3,379.4,0.18,216.63,,,,,,
9409,05/07/2026 00:50:00,19.15,332.5,379.0,0.18,216.12,,,,,,
9410,05/07/2026 01:00:00,19.08,330.7,377.7,0.18,214.98,,,,,,
9411,05/07/2026 01:10:00,19.01,330.0,377.5,0.18,214.52,,,,,,
9412,05/07/2026 01:20:00,18.93,328.9,376.9,0.18,213.76,,,,,,
9413,05/07/2026 01:30:00,18.85,328.1,376.7,0.18,213.27,,,,,,
9414,05/07/2026 01:40:00,18.77,326.0,375.1,0.18,211.92,,,,,,
9415,05/07/2026 01:50:00,18.68,325.1,374.8,0.18,211.28,,,,,,
9416,05/07/2026 02:00:00,18.59,326.8,377.7,0.18,212.44,,,,,,
9417,05/07/2026 02:10:00,18.50,324.2,375.4,0.18,210.70,,,,,,
9418,05/07/2026 02:20:00,18.41,322.8,374.7,0.18,209.84,,,,,,
9419,05/07/2026 02:30:00,18.32,322.1,374.6,0.18,209.34,,,,,,
9420,05/07/2026 02:40:00,18.23,321.3,374.5,0.18,208.82,,,,,,
9421,05/07/2026 02:50:00,18.15,320.5,374.3,0.18,208.31,,,,,,
9422,05/07/2026 03:00:00,18.07,320.0,374.5,0.18,208.01,,,,,,
9423,05/07/2026 03:10:00,17.99,319.9,375.2,0.18,207.97,,,,,,
9424,05/07/2026 03:20:00,17.91,318.4,374.1,0.18,206.96,,,,,,
9425,05/07/2026 03:30:00,17.82,317.0,373.3,0.18,206.07,,,,,,
9426,05/07/2026 03:40:00,17.74,317.2,374.3,0.18,206.20,,,,,,
9427,05/07/2026 03:50:00,17.65,317.2,375.1,0.18,206.17,,,,,,
9428,05/07/2026 04:00:00,17.56,317.0,375.7,0.18,206.06,,,,,,
9429,05/07/2026 04:10:00,17.48,316.7,376.1,0.18,205.86,,,,,,
9430,05/07/2026 04:20:00,17.39,316.9,377.1,0.18,205.97,,,,,,
9431,05/07/2026 04:30:00,17.30,317.1,378.2,0.18,206.09,,,,,,
9432,05/07/2026 04:40:00,17.22,317.4,379.4,0.18,206.31,,,,,,
9433,05/07/2026 04:50:00,17.15,317.5,380.2,0.18,206.38,,,,,,
9434,05/07/2026 05:00:00,17.06,317.8,381.5,0.18,206.60,,,,,,
9435,05/07/2026 05:10:00,16.98,318.1,382.5,0.18,206.78,,,,,,
9436,05/07/2026 05:20:00,16.90,318.4,383.7,0.18,206.99,,,,,,
9437,05/07/2026 05:30:00,16.82,318.6,384.7,0.18,207.10,,,,,,
9438,05/07/2026 05:40:00,16.74,319.2,386.2,0.18,207.45,,,,,,
9439,05/07/2026 05:50:00,16.67,320.1,388.0,0.18,208.04,,,,,,
9440,05/07/2026 06:00:00,16.59,321.2,390.1,0.19,208.79,,,,,,
9441,05/07/2026 06:10:00,16.52,322.1,391.8,0.19,209.37,,,,,,
9442,05/07/2026 06:20:00,16.45,323.0,393.6,0.19,209.93,,,,,,
9443,05/07/2026 06:30:00,16.38,324.2,395.8,0.19,210.71,,,,,,
9444,05/07/2026 06:40:00,16.31,325.2,397.8,0.19,211.38,,,,,,
9445,05/07/2026 06:50:00,16.23,326.2,399.8,0.19,212.04,,,,,,
9446,05/07/2026 07:00:00,16.18,327.3,401.8,0.19,212.76,,,,,,
9447,05/07/2026 07:10:00,16.12,343.7,422.4,0.20,223.38,,,,,,
9448,05/07/2026 07:20:00,16.09,328.5,404.2,0.19,213.53,,,,,,
9449,05/07/2026 07:30:00,16.04,329.4,405.7,0.19,214.11,,,,,,
9450,05/07/2026 07:40:00,16.01,328.6,405.1,0.19,213.59,,,,,,
9451,05/07/2026 07:50:00,16.00,330.0,406.9,0.19,214.50,,,,,,
9452,05/07/2026 08:00:00,16.00,331.8,409.0,0.19,215.64,,,,,,
9453,05/07/2026 08:10:00,16.04,330.2,406.8,0.19,214.65,,,,,,
9454,05/07/2026 08:20:00,16.09,334.9,412.1,0.20,217.71,,,,,,
9455,05/07/2026 08:30:00,16.09,337.4,415.1,0.20,219.31,,,,,,
9456,05/07/2026 08:40:00,16.16,339.9,417.3,0.20,220.90,,,,,,
9457,05/07/2026 08:50:00,16.20,342.4,420.1,0.20,222.58,,,,,,
9458,05/07/2026 09:00:00,16.28,344.9,422.2,0.20,224.20,,,,,,
9459,05/07/2026 09:10:00,16.35,347.4,424.5,0.20,225.79,,,,,,
9460,05/07/2026 09:20:00,16.44,352.1,429.2,0.20,228.87,,,,,,
9461,05/07/2026 09:30:00,16.51,351.7,428.0,0.20,228.64,,,,,,
9462,05/07/2026 09:40:00,16.68,353.2,428.0,0.20,229.59,,,,,,
9463,05/07/2026 09:50:00,16.87,358.3,432.2,0.21,232.92,,,,,,
9464,05/07/2026 10:00:00,16.99,357.1,429.3,0.20,232.12,,,,,,
9465,05/07/2026 10:10:00,16.99,360.5,433.4,0.21,234.32,,,,,,
9466,05/07/2026 10:20:00,17.07,363.8,436.5,0.21,236.48,,,,,,
9467,05/07/2026 10:30:00,17.21,365.3,436.7,0.21,237.46,,,,,,
9468,05/07/2026 10:40:00,17.31,367.8,438.7,0.21,239.07,,,,,,
9469,05/07/2026 10:50:00,17.60,371.1,439.3,0.21,241.19,,,,,,
9470,05/07/2026 11:00:00,17.81,376.3,443.2,0.21,244.57,,,,,,
9471,05/07/2026 11:10:00,18.01,377.6,442.5,0.21,245.44,,,,,,
9472,05/07/2026 11:20:00,18.20,379.8,443.0,0.21,246.85,,,,,,
9473,05/07/2026 11:30:00,18.42,382.7,444.1,0.21,248.79,,,,,,
9474,05/07/2026 11:40:00,18.61,385.7,445.5,0.21,250.73,,,,,,
9475,05/07/2026 11:50:00,18.90,391.5,448.9,0.21,254.45,,,,,,
9476,05/07/2026 12:00:00,19.11,392.9,448.4,0.21,255.40,,,,,,
9477,05/07/2026 12:10:00,19.40,396.5,449.4,0.22,257.75,,,,,,
9478,05/07/2026 12:20:00,19.66,400.0,450.5,0.22,260.02,,,,,,
9479,05/07/2026 12:30:00,20.00,403.4,450.7,0.22,262.23,,,,,,
9480,05/07/2026 12:40:00,20.33,407.5,451.8,0.22,264.85,,,,,,
9481,05/07/2026 12:50:00,20.63,410.0,451.4,0.22,266.50,,,,,,
9482,05/07/2026 13:00:00,20.93,413.5,452.2,0.22,268.80,,,,,,
9483,05/07/2026 13:10:00,21.27,416.3,451.7,0.22,270.62,,,,,,
9484,05/07/2026 13:20:00,21.60,418.9,451.1,0.22,272.29,,,,,,
9485,05/07/2026 13:30:00,21.93,421.3,450.3,0.22,273.81,,,,,,
9486,05/07/2026 13:40:00,22.21,423.2,449.5,0.22,275.07,,,,,,
9487,05/07/2026 13:50:00,22.54,426.8,450.0,0.22,277.43,,,,,,
9488,05/07/2026 14:00:00,22.81,427.2,447.8,0.22,277.70,,,,,,
9489,05/07/2026 14:10:00,23.05,428.1,446.3,0.22,278.25,,,,,,
9490,05/07/2026 14:20:00,23.24,428.6,445.0,0.21,278.58,,,,,,
9491,05/07/2026 14:30:00,23.57,429.9,443.2,0.21,279.45,,,,,,
9492,05/07/2026 14:40:00,23.93,432.1,442.1,0.21,280.90,,,,,,
9493,05/07/2026 14:50:00,24.11,430.9,439.1,0.21,280.10,,,,,,
9494,05/07/2026 15:00:00,24.28,429.9,436.6,0.21,279.46,,,,,,
9495,05/07/2026 15:10:00,24.50,431.4,436.0,0.21,280.40,,,,,,
9496,05/07/2026 15:20:00,24.64,427.8,431.0,0.21,278.05,,,,,,
9497,05/07/2026 15:30:00,24.79,424.3,426.2,0.21,275.79,,,,,,
9498,05/07/2026 15:40:00,24.98,420.8,421.0,0.20,273.53,,,,,,
9499,05/07/2026 15:50:00,25.16,413.7,412.3,0.20,268.91,,,,,,
9500,05/07/2026 16:00:00,25.27,412.1,409.8,0.20,267.88,,,,,,
9501,05/07/2026 16:10:00,25.40,408.1,404.7,0.20,265.25,,,,,,
9502,05/07/2026 16:20:00,25.47,403.7,399.8,0.19,262.40,,,,,,
9503,05/07/2026 16:30:00,25.50,401.4,397.3,0.19,260.92,,,,,,
9504,05/07/2026 16:40:00,25.55,400.6,396.0,0.19,260.36,,,,,,
9505,05/07/2026 16:50:00,25.58,398.3,393.4,0.19,258.87,,,,,,
9506,05/07/2026 17:00:00,25.60,390.7,385.8,0.19,253.93,,,,,,
9507,05/07/2026 17:10:00,25.61,386.6,381.7,0.18,251.31,,,,,,
9508,05/07/2026 17:20:00,25.64,386.3,381.2,0.18,251.11,,,,,,
9509,05/07/2026 17:30:00,25.67,385.5,380.2,0.18,250.59,,,,,,
9510,05/07/2026 17:40:00,25.67,363.2,358.1,0.17,236.05,,,,,,
9511,05/07/2026 17:50:00,25.72,356.9,351.6,0.17,231.96,,,,,,
9512,05/07/2026 18:00:00,25.76,347.9,342.5,0.17,226.15,,,,,,
9513,05/07/2026 18:10:00,25.78,342.1,336.5,0.16,222.36,,,,,,
9514,05/07/2026 18:20:00,25.81,337.8,332.2,0.16,219.60,,,,,,
9515,05/07/2026 18:30:00,25.85,332.6,326.8,0.16,216.17,,,,,,
9516,05/07/2026 18:40:00,25.86,330.8,325.0,0.16,215.05,,,,,,
9517,05/07/2026 18:50:00,25.86,328.4,322.6,0.16,213.45,,,,,,
9518,05/07/2026 19:00:00,25.85,320.9,315.3,0.15,208.61,,,,,,
9519,05/07/2026 19:10:00,25.85,319.3,313.7,0.15,207.55,,,,,,
9520,05/07/2026 19:20:00,25.82,318.7,313.3,0.15,207.17,,,,,,
9521,05/07/2026 19:30:00,25.80,317.7,312.5,0.15,206.51,,,,,,
9522,05/07/2026 19:40:00,25.74,315.3,310.4,0.15,204.91,,,,,,
9523,05/07/2026 19:50:00,25.67,312.5,308.2,0.15,203.12,,,,,,
9524,05/07/2026 20:00:00,25.57,310.2,306.5,0.15,201.65,,,,,,
9525,05/07/2026 20:10:00,25.48,308.6,305.5,0.15,200.56,,,,,,
9526,05/07/2026 20:20:00,25.39,306.8,304.3,0.15,199.42,,,,,,
9527,05/07/2026 20:30:00,25.31,305.3,303.3,0.15,198.45,,,,,,
9528,05/07/2026 20:40:00,25.21,302.7,301.4,0.15,196.76,,,,,,
9529,05/07/2026 20:50:00,25.11,301.9,301.2,0.15,196.26,,,,,,
9530,05/07/2026 21:00:00,25.00,301.6,301.6,0.15,196.03,,,,,,
9531,05/07/2026 21:10:00,24.87,301.1,301.9,0.15,195.72,,,,,,
9532,05/07/2026 21:20:00,24.75,301.3,302.9,0.15,195.83,,,,,,
9533,05/07/2026 21:30:00,24.64,301.2,303.6,0.15,195.81,,,,,,
9534,05/07/2026 21:40:00,24.53,301.6,304.6,0.15,196.05,,,,,,
9535,05/07/2026 21:50:00,24.41,301.0,304.8,0.15,195.66,,,,,,
9536,05/07/2026 22:00:00,24.29,301.3,305.8,0.15,195.83,,,,,,
9537,05/07/2026 22:10:00,24.17,301.8,307.1,0.15,196.14,,,,,,
9538,05/07/2026 22:20:00,24.06,300.3,306.4,0.15,195.21,,,,,,
9539,05/07/2026 22:30:00,23.94,304.6,311.5,0.15,197.99,,,,,,
9540,05/07/2026 22:40:00,23.85,301.3,308.8,0.15,195.84,,,,,,
9541,05/07/2026 22:50:00,23.75,300.4,308.5,0.15,195.26,,,,,,
9542,05/07/2026 23:00:00,23.65,299.8,308.5,0.15,194.84,,,,,,
9543,05/07/2026 23:10:00,23.57,299.5,308.8,0.15,194.70,,,,,,
9544,05/07/2026 23:20:00,23.47,299.7,309.7,0.15,194.82,,,,,,
9545,05/07/2026 23:30:00,23.39,300.1,310.7,0.15,195.09,,,,,,
9546,05/07/2026 23:40:00,23.30,300.5,311.6,0.15,195.33,,,,,,
9547,05/07/2026 23:50:00,23.22,302.6,314.4,0.15,196.69,,,,,,
9548,05/08/2026 00:00:00,23.14,302.8,315.1,0.15,196.82,,,,,,
9549,05/08/2026 00:10:00,23.05,302.3,315.2,0.15,196.49,,,,,,
9550,05/08/2026 00:20:00,22.95,303.7,317.4,0.15,197.43,,,,,,
9551,05/08/2026 00:30:00,22.85,305.4,319.8,0.15,198.50,,,,,,
9552,05/08/2026 00:40:00,22.76,306.5,321.6,0.15,199.22,,,,,,
9553,05/08/2026 00:50:00,22.68,307.4,323.2,0.16,199.83,,,,,,
9554,05/08/2026 01:00:00,22.60,307.8,324.1,0.16,200.04,,,,,,
9555,05/08/2026 01:10:00,22.51,308.6,325.7,0.16,200.60,,,,,,
9556,05/08/2026 01:20:00,22.43,309.2,326.8,0.16,200.96,,,,,,
9557,05/08/2026 01:30:00,22.35,312.0,330.4,0.16,202.78,,,,,,
9558,05/08/2026 01:40:00,22.26,312.0,331.1,0.16,202.79,,,,,,
9559,05/08/2026 01:50:00,22.17,311.9,331.6,0.16,202.75,,,,,,
9560,05/08/2026 02:00:00,22.09,312.1,332.4,0.16,202.89,,,,,,
9561,05/08/2026 02:10:00,22.02,312.6,333.5,0.16,203.19,,,,,,
9562,05/08/2026 02:20:00,21.94,312.9,334.4,0.16,203.42,,,,,,
9563,05/08/2026 02:30:00,21.87,314.0,336.1,0.16,204.12,,,,,,
9564,05/08/2026 02:40:00,21.80,314.8,337.5,0.16,204.61,,,,,,
9565,05/08/2026 02:50:00,21.73,315.6,338.9,0.16,205.14,,,,,,
9566,05/08/2026 03:00:00,21.63,315.7,339.7,0.16,205.22,,,,,,
9567,05/08/2026 03:10:00,21.55,316.5,341.2,0.16,205.76,,,,,,
9568,05/08/2026 03:20:00,21.48,316.7,342.0,0.16,205.89,,,,,,
9569,05/08/2026 03:30:00,21.41,317.1,342.9,0.16,206.09,,,,,,
9570,05/08/2026 03:40:00,21.34,317.7,344.2,0.17,206.52,,,,,,
9571,05/08/2026 03:50:00,21.27,318.7,345.8,0.17,207.18,,,,,,
9572,05/08/2026 04:00:00,21.21,319.1,346.7,0.17,207.42,,,,,,
9573,05/08/2026 04:10:00,21.17,320.3,348.3,0.17,208.17,,,,,,
9574,05/08/2026 04:20:00,21.11,321.5,350.1,0.17,208.99,,,,,,
9575,05/08/2026 04:30:00,21.05,321.8,351.0,0.17,209.20,,,,,,
9576,05/08/2026 04:40:00,20.99,321.5,351.1,0.17,208.98,,,,,,
9577,05/08/2026 04:50:00,20.93,321.9,352.0,0.17,209.22,,,,,,
9578,05/08/2026 05:00:00,20.85,319.7,350.3,0.17,207.84,,,,,,
9579,05/08/2026 05:10:00,20.77,320.4,351.6,0.17,208.27,,,,,,
9580,05/08/2026 05:20:00,20.67,318.2,350.0,0.17,206.83,,,,,,
9581,05/08/2026 05:30:00,20.61,319.0,351.4,0.17,207.38,,,,,,
9582,05/08/2026 05:40:00,20.54,317.7,350.5,0.17,206.49,,,,,,
9583,05/08/2026 05:50:00,20.49,319.5,352.9,0.17,207.67,,,,,,
9584,05/08/2026 06:00:00,20.43,320.3,354.3,0.17,208.21,,,,,,
9585,05/08/2026 06:10:00,20.37,322.7,357.5,0.17,209.77,,,,,,
9586,05/08/2026 06:20:00,20.30,323.7,359.1,0.17,210.40,,,,,,
9587,05/08/2026 06:30:00,20.24,325.2,361.4,0.17,211.41,,,,,,
9588,05/08/2026 06:40:00,20.17,327.1,364.0,0.17,212.60,,,,,,
9589,05/08/2026 06:50:00,20.10,328.3,366.0,0.18,213.42,,,,,,
9590,05/08/2026 07:00:00,20.03,330.1,368.5,0.18,214.53,,,,,,
9591,05/08/2026 07:10:00,19.97,331.3,370.4,0.18,215.32,,,,,,
9592,05/08/2026 07:20:00,19.90,332.8,372.7,0.18,216.29,,,,,,
9593,05/08/2026 07:30:00,19.86,334.6,375.0,0.18,217.46,,,,,,
9594,05/08/2026 07:40:00,19.83,336.0,377.0,0.18,218.43,,,,,,
9595,05/08/2026 07:50:00,19.79,337.7,379.1,0.18,219.48,,,,,,
9596,05/08/2026 08:00:00,19.79,338.8,380.4,0.18,220.20,,,,,,
9597,05/08/2026 08:10:00,19.77,339.6,381.5,0.18,220.76,,,,,,
9598,05/08/2026 08:20:00,19.75,341.1,383.3,0.18,221.70,,,,,,
9599,05/08/2026 08:30:00,19.75,343.0,385.6,0.18,222.97,,,,,,
9600,05/08/2026 08:40:00,19.75,344.4,387.1,0.19,223.89,,,,,,
9601,05/08/2026 08:50:00,19.82,346.3,388.7,0.19,225.12,,,,,,
9602,05/08/2026 09:00:00,19.80,348.4,391.0,0.19,226.44,,,,,,
9603,05/08/2026 09:10:00,19.77,350.2,393.4,0.19,227.63,,,,,,
9604,05/08/2026 09:20:00,19.73,353.2,397.1,0.19,229.56,,,,,,
9605,05/08/2026 09:30:00,19.81,354.3,397.7,0.19,230.31,,,,,,
9606,05/08/2026 09:40:00,19.90,357.6,400.5,0.19,232.42,,,,,,
9607,05/08/2026 09:50:00,19.86,361.0,404.7,0.19,234.65,,,,,,
9608,05/08/2026 10:00:00,19.77,362.8,407.6,0.20,235.82,,,,,,
9609,05/08/2026 10:10:00,19.72,365.3,410.9,0.20,237.45,,,,,,
9610,05/08/2026 10:20:00,19.74,368.7,414.5,0.20,239.63,,,,,,
9611,05/08/2026 10:30:00,19.93,372.2,416.6,0.20,241.92,,,,,,
9612,05/08/2026 10:40:00,20.08,376.6,419.9,0.20,244.78,,,,,,
9613,05/08/2026 10:50:00,20.07,378.1,421.8,0.20,245.79,,,,,,
9614,05/08/2026 11:00:00,20.21,380.5,423.0,0.20,247.30,,,,,,
9615,05/08/2026 11:10:00,20.29,383.4,425.4,0.20,249.20,,,,,,
9616,05/08/2026 11:20:00,20.46,385.8,426.4,0.20,250.75,,,,,,
9617,05/08/2026 11:30:00,20.67,388.6,427.5,0.21,252.61,,,,,,
9618,05/08/2026 11:40:00,20.90,391.9,428.8,0.21,254.73,,,,,,
9619,05/08/2026 11:50:00,21.12,392.7,427.5,0.21,255.26,,,,,,
9620,05/08/2026 12:00:00,21.31,398.2,431.6,0.21,258.85,,,,,,
9621,05/08/2026 12:10:00,21.62,399.1,429.5,0.21,259.39,,,,,,
9622,05/08/2026 12:20:00,21.90,401.3,429.3,0.21,260.83,,,,,,
9623,05/08/2026 12:30:00,22.20,405.1,430.4,0.21,263.33,,,,,,
9624,05/08/2026 12:40:00,22.50,407.6,430.2,0.21,264.94,,,,,,
9625,05/08/2026 12:50:00,22.80,410.6,430.5,0.21,266.89,,,,,,
9626,05/08/2026 13:00:00,23.14,414.3,431.2,0.21,269.33,,,,,,
9627,05/08/2026 13:10:00,23.47,417.6,431.4,0.21,271.42,,,,,,
9628,05/08/2026 13:20:00,23.81,420.2,431.0,0.21,273.16,,,,,,
9629,05/08/2026 13:30:00,24.16,423.0,430.6,0.21,274.95,,,,,,
9630,05/08/2026 13:40:00,24.54,426.3,430.5,0.21,277.11,,,,,,
9631,05/08/2026 13:50:00,24.91,428.7,429.5,0.21,278.67,,,,,,
9632,05/08/2026 14:00:00,25.20,429.7,427.8,0.21,279.28,,,,,,
9633,05/08/2026 14:10:00,25.50,430.8,426.4,0.21,280.02,,,,,,
9634,05/08/2026 14:20:00,25.72,430.2,423.8,0.20,279.64,,,,,,
9635,05/08/2026 14:30:00,26.01,429.2,420.3,0.20,279.00,,,,,,
9636,05/08/2026 14:40:00,26.20,428.1,417.6,0.20,278.26,,,,,,
9637,05/08/2026 14:50:00,26.45,426.6,413.9,0.20,277.29,,,,,,
9638,05/08/2026 15:00:00,26.86,424.7,408.7,0.20,276.04,,,,,,
9639,05/08/2026 15:10:00,27.21,423.0,404.3,0.20,274.98,,,,,,
9640,05/08/2026 15:20:00,27.52,420.5,399.4,0.19,273.36,,,,,,
9641,05/08/2026 15:30:00,27.83,418.4,394.9,0.19,271.94,,,,,,
9642,05/08/2026 15:40:00,28.06,414.7,389.7,0.19,269.53,,,,,,
9643,05/08/2026 15:50:00,28.35,412.0,384.9,0.19,267.79,,,,,,
9644,05/08/2026 16:00:00,28.56,410.2,381.6,0.18,266.63,,,,,,
9645,05/08/2026 16:10:00,28.77,407.0,377.2,0.18,264.57,,,,,,
9646,05/08/2026 16:20:00,28.99,402.7,371.6,0.18,261.76,,,,,,
9647,05/08/2026 16:30:00,29.17,381.7,351.0,0.17,248.13,,,,,,
9648,05/08/2026 16:40:00,29.31,378.9,347.4,0.17,246.25,,,,,,
9649,05/08/2026 16:50:00,29.39,382.5,350.1,0.17,248.60,,,,,,
9650,05/08/2026 17:00:00,29.44,381.3,348.8,0.17,247.87,,,,,,
9651,05/08/2026 17:10:00,29.48,375.5,343.2,0.17,244.05,,,,,,
9652,05/08/2026 17:20:00,29.50,370.4,338.4,0.16,240.76,,,,,,
9653,05/08/2026 17:30:00,29.51,366.4,334.7,0.16,238.18,,,,,,
9654,05/08/2026 17:40:00,29.50,361.0,329.8,0.16,234.65,,,,,,
9655,05/08/2026 17:50:00,29.47,358.6,327.9,0.16,233.10,,,,,,
9656,05/08/2026 18:00:00,29.43,355.3,325.1,0.16,230.94,,,,,,
9657,05/08/2026 18:10:00,29.36,353.0,323.3,0.16,229.42,,,,,,
9658,05/08/2026 18:20:00,29.31,350.1,321.0,0.16,227.53,,,,,,
9659,05/08/2026 18:30:00,29.22,347.8,319.5,0.15,226.08,,,,,,
9660,05/08/2026 18:40:00,29.09,345.3,318.0,0.15,224.47,,,,,,
9661,05/08/2026 18:50:00,28.96,343.9,317.5,0.15,223.54,,,,,,
9662,05/08/2026 19:00:00,28.82,341.4,316.0,0.15,221.89,,,,,,
9663,05/08/2026 19:10:00,28.68,339.3,314.9,0.15,220.52,,,,,,
9664,05/08/2026 19:20:00,28.51,336.4,313.4,0.15,218.69,,,,,,
9665,05/08/2026 19:30:00,28.36,334.5,312.5,0.15,217.42,,,,,,
9666,05/08/2026 19:40:00,28.20,332.6,311.7,0.15,216.19,,,,,,
9667,05/08/2026 19:50:00,28.03,330.5,310.7,0.15,214.79,,,,,,
9668,05/08/2026 20:00:00,27.88,329.1,310.4,0.15,213.93,,,,,,
9669,05/08/2026 20:10:00,27.73,325.1,307.5,0.15,211.33,,,,,,
9670,05/08/2026 20:20:00,27.58,323.4,306.8,0.15,210.20,,,,,,
9671,05/08/2026 20:30:00,27.40,322.7,307.2,0.15,209.76,,,,,,
9672,05/08/2026 20:40:00,27.24,320.4,306.0,0.15,208.24,,,,,,
9673,05/08/2026 20:50:00,27.09,319.7,306.3,0.15,207.82,,,,,,
9674,05/08/2026 21:00:00,26.94,317.6,305.2,0.15,206.45,,,,,,
9675,05/08/2026 21:10:00,26.77,316.5,305.1,0.15,205.73,,,,,,
9676,05/08/2026 21:20:00,26.62,315.6,305.2,0.15,205.14,,,,,,
9677,05/08/2026 21:30:00,26.48,314.7,305.2,0.15,204.58,,,,,,
9678,05/08/2026 21:40:00,26.35,313.9,305.2,0.15,204.03,,,,,,
9679,05/08/2026 21:50:00,26.24,313.0,305.1,0.15,203.45,,,,,,
9680,05/08/2026 22:00:00,26.11,312.4,305.2,0.15,203.04,,,,,,
9681,05/08/2026 22:10:00,25.99,311.6,305.2,0.15,202.53,,,,,,
9682,05/08/2026 22:20:00,25.85,310.2,304.7,0.15,201.62,,,,,,
9683,05/08/2026 22:30:00,25.71,308.7,304.2,0.15,200.67,,,,,,
9684,05/08/2026 22:40:00,25.59,308.4,304.6,0.15,200.43,,,,,,
9685,05/08/2026 22:50:00,25.47,307.4,304.4,0.15,199.84,,,,,,
9686,05/08/2026 23:00:00,25.36,307.0,304.7,0.15,199.52,,,,,,
9687,05/08/2026 23:10:00,25.26,307.6,305.9,0.15,199.91,,,,,,
9688,05/08/2026 23:20:00,25.15,307.0,306.1,0.15,199.56,,,,,,
9689,05/08/2026 23:30:00,25.02,306.4,306.3,0.15,199.13,,,,,,
9690,05/08/2026 23:40:00,24.88,307.1,307.9,0.15,199.63,,,,,,
9691,05/08/2026 23:50:00,24.79,306.8,308.2,0.15,199.43,,,,,,
9692,05/09/2026 00:00:00,24.69,306.9,308.9,0.15,199.48,,,,,,
9693,05/09/2026 00:10:00,24.59,307.0,309.7,0.15,199.57,,,,,,
9694,05/09/2026 00:20:00,24.49,306.9,310.2,0.15,199.50,,,,,,
9695,05/09/2026 00:30:00,24.39,307.4,311.3,0.15,199.79,,,,,,
9696,05/09/2026 00:40:00,24.29,300.9,305.4,0.15,195.57,,,,,,
9697,05/09/2026 00:50:00,24.19,300.9,306.1,0.15,195.59,,,,,,
9698,05/09/2026 01:00:00,24.09,300.6,306.5,0.15,195.40,,,,,,
9699,05/09/2026 01:10:00,23.99,301.3,307.9,0.15,195.86,,,,,,
9700,05/09/2026 01:20:00,23.88,301.6,308.9,0.15,196.06,,,,,,
9701,05/09/2026 01:30:00,23.78,301.7,309.6,0.15,196.07,,,,,,
9702,05/09/2026 01:40:00,23.68,301.6,310.3,0.15,196.06,,,,,,
9703,05/09/2026 01:50:00,23.56,301.7,311.1,0.15,196.11,,,,,,
9704,05/09/2026 02:00:00,23.47,302.5,312.6,0.15,196.64,,,,,,
9705,05/09/2026 02:10:00,23.38,303.9,314.6,0.15,197.55,,,,,,
9706,05/09/2026 02:20:00,23.30,304.4,315.7,0.15,197.88,,,,,,
9707,05/09/2026 02:30:00,23.23,304.2,316.0,0.15,197.73,,,,,,
9708,05/09/2026 02:40:00,23.14,304.3,316.6,0.15,197.78,,,,,,
9709,05/09/2026 02:50:00,23.08,306.5,319.3,0.15,199.20,,,,,,
9710,05/09/2026 03:00:00,23.00,307.3,320.8,0.15,199.76,,,,,,
9711,05/09/2026 03:10:00,22.94,309.2,323.2,0.16,200.98,,,,,,
9712,05/09/2026 03:20:00,22.87,310.7,325.2,0.16,201.92,,,,,,
9713,05/09/2026 03:30:00,22.80,313.1,328.2,0.16,203.49,,,,,,
9714,05/09/2026 03:40:00,22.72,314.9,330.8,0.16,204.71,,,,,,
9715,05/09/2026 03:50:00,22.66,318.8,335.3,0.16,207.19,,,,,,
9716,05/09/2026 04:00:00,22.60,320.2,337.2,0.16,208.14,,,,,,
9717,05/09/2026 04:10:00,22.54,321.9,339.4,0.16,209.22,,,,,,
9718,05/09/2026 04:20:00,22.48,322.9,340.9,0.16,209.88,,,,,,
9719,05/09/2026 04:30:00,22.41,337.2,356.6,0.17,219.17,,,,,,
9720,05/09/2026 04:40:00,22.36,330.6,350.1,0.17,214.92,,,,,,
9721,05/09/2026 04:50:00,22.30,332.1,352.0,0.17,215.84,,,,,,
9722,05/09/2026 05:00:00,22.25,334.1,354.6,0.17,217.18,,,,,,
9723,05/09/2026 05:10:00,22.20,336.0,357.0,0.17,218.42,,,,,,
9724,05/09/2026 05:20:00,22.14,337.6,359.1,0.17,219.41,,,,,,
9725,05/09/2026 05:30:00,22.07,339.4,361.6,0.17,220.59,,,,,,
9726,05/09/2026 05:40:00,22.01,341.2,364.0,0.17,221.76,,,,,,
9727,05/09/2026 05:50:00,21.95,342.8,366.2,0.18,222.83,,,,,,
9728,05/09/2026 06:00:00,21.90,344.7,368.6,0.18,224.03,,,,,,
9729,05/09/2026 06:10:00,21.88,346.4,370.7,0.18,225.16,,,,,,
9730,05/09/2026 06:20:00,21.85,348.5,373.2,0.18,226.51,,,,,,
9731,05/09/2026 06:30:00,21.81,350.2,375.3,0.18,227.63,,,,,,
9732,05/09/2026 06:40:00,21.78,352.0,377.5,0.18,228.79,,,,,,
9733,05/09/2026 06:50:00,21.74,353.4,379.5,0.18,229.74,,,,,,
9734,05/09/2026 07:00:00,21.70,357.1,383.7,0.18,232.10,,,,,,
9735,05/09/2026 07:10:00,21.68,356.3,383.0,0.18,231.61,,,,,,
9736,05/09/2026 07:20:00,21.66,358.0,385.0,0.18,232.72,,,,,,
9737,05/09/2026 07:30:00,21.65,359.7,387.0,0.19,233.81,,,,,,
9738,05/09/2026 07:40:00,21.64,361.1,388.5,0.19,234.73,,,,,,
9739,05/09/2026 07:50:00,21.64,362.3,389.8,0.19,235.47,,,,,,
9740,05/09/2026 08:00:00,21.68,366.0,393.5,0.19,237.93,,,,,,
9741,05/09/2026 08:10:00,21.74,365.2,392.1,0.19,237.39,,,,,,
9742,05/09/2026 08:20:00,21.82,367.0,393.2,0.19,238.57,,,,,,
9743,05/09/2026 08:30:00,21.89,368.7,394.4,0.19,239.63,,,,,,
9744,05/09/2026 08:40:00,21.98,370.5,395.6,0.19,240.81,,,,,,
9745,05/09/2026 08:50:00,22.08,372.1,396.3,0.19,241.85,,,,,,
9746,05/09/2026 09:00:00,22.21,374.1,397.4,0.19,243.18,,,,,,
9747,05/09/2026 09:10:00,22.36,376.6,398.6,0.19,244.77,,,,,,
9748,05/09/2026 09:20:00,22.49,378.9,400.0,0.19,246.30,,,,,,
9749,05/09/2026 09:30:00,22.61,383.3,403.5,0.19,249.11,,,,,,
9750,05/09/2026 09:40:00,22.81,385.6,404.2,0.19,250.63,,,,,,
9751,05/09/2026 09:50:00,23.00,388.3,405.2,0.20,252.37,,,,,,
9752,05/09/2026 10:00:00,23.15,390.3,406.1,0.20,253.70,,,,,,
9753,05/09/2026 10:10:00,23.31,391.9,406.3,0.20,254.71,,,,,,
9754,05/09/2026 10:20:00,23.42,394.6,408.1,0.20,256.49,,,,,,
9755,05/09/2026 10:30:00,23.60,398.6,410.7,0.20,259.09,,,,,,
9756,05/09/2026 10:40:00,23.92,402.6,412.0,0.20,261.70,,,,,,
9757,05/09/2026 10:50:00,24.22,405.3,412.1,0.20,263.43,,,,,,
9758,05/09/2026 11:00:00,24.41,407.2,412.3,0.20,264.68,,,,,,
9759,05/09/2026 11:10:00,24.61,410.8,414.2,0.20,267.04,,,,,,
9760,05/09/2026 11:20:00,24.86,415.2,416.5,0.20,269.90,,,,,,
9761,05/09/2026 11:30:00,25.06,418.3,417.8,0.20,271.91,,,,,,
9762,05/09/2026 11:40:00,25.27,421.8,419.4,0.20,274.15,,,,,,
9763,05/09/2026 11:50:00,25.51,429.1,424.6,0.21,278.94,,,,,,
9764,05/09/2026 12:00:00,25.71,434.6,428.2,0.21,282.48,,,,,,
9765,05/09/2026 12:10:00,25.97,439.1,430.4,0.21,285.44,,,,,,
9766,05/09/2026 12:20:00,26.26,443.7,432.3,0.21,288.39,,,,,,
9767,05/09/2026 12:30:00,26.51,448.7,434.9,0.21,291.65,,,,,,
9768,05/09/2026 12:40:00,26.71,452.1,436.3,0.21,293.84,,,,,,
9769,05/09/2026 12:50:00,26.99,455.0,436.8,0.21,295.77,,,,,,
9770,05/09/2026 13:00:00,27.33,458.6,437.3,0.21,298.11,,,,,,
9771,05/09/2026 13:10:00,27.58,461.6,437.9,0.21,300.02,,,,,,
9772,05/09/2026 13:20:00,27.79,463.1,437.5,0.21,301.04,,,,,,
9773,05/09/2026 13:30:00,27.99,465.5,438.0,0.21,302.59,,,,,,
9774,05/09/2026 13:40:00,28.31,469.0,438.5,0.21,304.83,,,,,,
9775,05/09/2026 13:50:00,28.62,470.8,437.6,0.21,306.02,,,,,,
9776,05/09/2026 14:00:00,28.88,475.5,439.7,0.21,309.08,,,,,,
9777,05/09/2026 14:10:00,29.07,478.7,441.0,0.21,311.13,,,,,,
9778,05/09/2026 14:20:00,29.35,477.9,437.9,0.21,310.63,,,,,,
9779,05/09/2026 14:30:00,29.68,479.4,436.5,0.21,311.61,,,,,,
9780,05/09/2026 14:40:00,29.96,479.6,434.4,0.21,311.75,,,,,,
9781,05/09/2026 14:50:00,30.20,479.0,431.8,0.21,311.35,,,,,,
9782,05/09/2026 15:00:00,30.37,478.8,430.3,0.21,311.24,,,,,,
9783,05/09/2026 15:10:00,30.59,480.3,429.9,0.21,312.18,,,,,,
9784,05/09/2026 15:20:00,30.81,479.6,427.4,0.21,311.73,,,,,,
9785,05/09/2026 15:30:00,30.99,479.8,426.2,0.21,311.87,,,,,,
9786,05/09/2026 15:40:00,31.17,469.3,415.5,0.20,305.06,,,,,,
9787,05/09/2026 15:50:00,31.34,472.3,416.8,0.20,306.97,,,,,,
9788,05/09/2026 16:00:00,31.55,474.2,416.8,0.20,308.20,,,,,,
9789,05/09/2026 16:10:00,31.71,471.6,413.4,0.20,306.54,,,,,,
9790,05/09/2026 16:20:00,31.85,468.7,409.7,0.20,304.64,,,,,,
9791,05/09/2026 16:30:00,32.00,470.9,410.6,0.20,306.11,,,,,,
9792,05/09/2026 16:40:00,32.13,465.9,405.2,0.20,302.81,,,,,,
9793,05/09/2026 16:50:00,32.26,469.7,407.5,0.20,305.28,,,,,,
9794,05/09/2026 17:00:00,32.34,455.9,395.0,0.19,296.36,,,,,,
9795,05/09/2026 17:10:00,32.42,455.5,394.1,0.19,296.09,,,,,,
9796,05/09/2026 17:20:00,32.49,456.1,394.1,0.19,296.49,,,,,,
9797,05/09/2026 17:30:00,32.56,450.1,388.4,0.19,292.56,,,,,,
9798,05/09/2026 17:40:00,32.60,440.5,379.9,0.18,286.32,,,,,,
9799,05/09/2026 17:50:00,32.63,440.5,379.7,0.18,286.36,,,,,,
9800,05/09/2026 18:00:00,32.66,428.9,369.4,0.18,278.76,,,,,,
9801,05/09/2026 18:10:00,32.66,422.4,363.9,0.18,274.56,,,,,,
9802,05/09/2026 18:20:00,32.65,419.3,361.3,0.18,272.56,,,,,,
9803,05/09/2026 18:30:00,32.63,418.3,360.6,0.17,271.92,,,,,,
9804,05/09/2026 18:40:00,32.58,418.0,360.6,0.17,271.67,,,,,,
9805,05/09/2026 18:50:00,32.49,417.2,360.5,0.17,271.16,,,,,,
9806,05/09/2026 19:00:00,32.41,402.9,348.6,0.17,261.86,,,,,,
9807,05/09/2026 19:10:00,32.31,402.3,348.8,0.17,261.51,,,,,,
9808,05/09/2026 19:20:00,32.22,399.1,346.5,0.17,259.40,,,,,,
9809,05/09/2026 19:30:00,32.14,397.2,345.5,0.17,258.20,,,,,,
9810,05/09/2026 19:40:00,32.03,395.9,344.9,0.17,257.31,,,,,,
9811,05/09/2026 19:50:00,31.90,395.5,345.5,0.17,257.09,,,,,,
9812,05/09/2026 20:00:00,31.75,393.8,344.9,0.17,256.00,,,,,,
9813,05/09/2026 20:10:00,31.59,391.4,343.8,0.17,254.42,,,,,,
9814,05/09/2026 20:20:00,31.45,390.1,343.6,0.17,253.59,,,,,,
9815,05/09/2026 20:30:00,31.28,389.5,344.1,0.17,253.15,,,,,,
9816,05/09/2026 20:40:00,31.13,388.7,344.4,0.17,252.64,,,,,,
9817,05/09/2026 20:50:00,30.96,387.7,344.5,0.17,251.98,,,,,,
9818,05/09/2026 21:00:00,30.80,386.7,344.7,0.17,251.35,,,,,,
9819,05/09/2026 21:10:00,30.65,385.8,344.9,0.17,250.74,,,,,,
9820,05/09/2026 21:20:00,30.48,385.1,345.3,0.17,250.32,,,,,,
9821,05/09/2026 21:30:00,30.31,384.9,346.3,0.17,250.22,,,,,,
9822,05/09/2026 21:40:00,30.15,383.8,346.3,0.17,249.48,,,,,,
9823,05/09/2026 21:50:00,30.00,383.3,346.8,0.17,249.12,,,,,,
9824,05/09/2026 22:00:00,29.86,383.2,347.7,0.17,249.07,,,,,,
9825,05/09/2026 22:10:00,29.72,383.0,348.4,0.17,248.92,,,,,,
9826,05/09/2026 22:20:00,29.57,382.9,349.4,0.17,248.89,,,,,,
9827,05/09/2026 22:30:00,29.43,382.8,350.3,0.17,248.83,,,,,,
9828,05/09/2026 22:40:00,29.29,382.8,351.2,0.17,248.82,,,,,,
9829,05/09/2026 22:50:00,29.16,383.7,352.8,0.17,249.37,,,,,,
9830,05/09/2026 23:00:00,29.04,383.5,353.5,0.17,249.26,,,,,,
9831,05/09/2026 23:10:00,28.90,383.7,354.7,0.17,249.44,,,,,,
9832,05/09/2026 23:20:00,28.76,384.0,355.9,0.17,249.59,,,,,,
9833,05/09/2026 23:30:00,28.63,384.1,357.0,0.17,249.68,,,,,,
9834,05/09/2026 23:40:00,28.49,383.7,357.5,0.17,249.39,,,,,,
9835,05/09/2026 23:50:00,28.36,383.7,358.4,0.17,249.42,,,,,,
9836,05/10/2026 00:00:00,28.24,383.0,358.6,0.17,248.97,,,,,,
9837,05/10/2026 00:10:00,28.13,382.9,359.2,0.17,248.87,,,,,,
9838,05/10/2026 00:20:00,28.02,382.7,359.9,0.17,248.76,,,,,,
9839,05/10/2026 00:30:00,27.92,382.3,360.3,0.17,248.52,,,,,,
9840,05/10/2026 00:40:00,27.80,382.3,361.1,0.17,248.49,,,,,,
9841,05/10/2026 00:50:00,27.67,381.7,361.4,0.17,248.09,,,,,,
9842,05/10/2026 01:00:00,27.54,381.1,361.7,0.17,247.68,,,,,,
9843,05/10/2026 01:10:00,27.42,380.3,361.9,0.18,247.21,,,,,,
9844,05/10/2026 01:20:00,27.30,379.9,362.4,0.18,246.90,,,,,,
9845,05/10/2026 01:30:00,27.20,379.2,362.5,0.18,246.48,,,,,,
9846,05/10/2026 01:40:00,27.09,379.9,363.9,0.18,246.94,,,,,,
9847,05/10/2026 01:50:00,27.00,384.2,368.7,0.18,249.76,,,,,,
9848,05/10/2026 02:00:00,26.91,383.7,368.9,0.18,249.39,,,,,,
9849,05/10/2026 02:10:00,26.83,383.2,369.0,0.18,249.05,,,,,,
9850,05/10/2026 02:20:00,26.73,381.9,368.5,0.18,248.22,,,,,,
9851,05/10/2026 02:30:00,26.64,381.5,368.8,0.18,248.00,,,,,,
9852,05/10/2026 02:40:00,26.56,381.5,369.4,0.18,247.99,,,,,,
9853,05/10/2026 02:50:00,26.49,380.5,368.9,0.18,247.34,,,,,,
9854,05/10/2026 03:00:00,26.41,380.5,369.6,0.18,247.34,,,,,,
9855,05/10/2026 03:10:00,26.30,380.0,369.9,0.18,246.98,,,,,,
9856,05/10/2026 03:20:00,26.20,379.2,369.9,0.18,246.47,,,,,,
9857,05/10/2026 03:30:00,26.09,378.6,370.2,0.18,246.11,,,,,,
9858,05/10/2026 03:40:00,25.97,377.4,369.9,0.18,245.33,,,,,,
9859,05/10/2026 03:50:00,25.86,377.0,370.4,0.18,245.07,,,,,,
9860,05/10/2026 04:00:00,25.74,376.0,370.2,0.18,244.40,,,,,,
9861,05/10/2026 04:10:00,25.61,375.8,371.1,0.18,244.29,,,,,,
9862,05/10/2026 04:20:00,25.47,374.9,371.3,0.18,243.71,,,,,,
9863,05/10/2026 04:30:00,25.35,373.3,370.6,0.18,242.67,,,,,,
9864,05/10/2026 04:40:00,25.24,372.7,370.8,0.18,242.26,,,,,,
9865,05/10/2026 04:50:00,25.17,372.4,371.1,0.18,242.03,,,,,,
9866,05/10/2026 05:00:00,25.08,372.5,371.9,0.18,242.14,,,,,,
9867,05/10/2026 05:10:00,25.00,373.0,373.0,0.18,242.46,,,,,,
9868,05/10/2026 05:20:00,24.90,373.4,374.2,0.18,242.71,,,,,,
9869,05/10/2026 05:30:00,24.79,373.4,375.0,0.18,242.68,,,,,,
9870,05/10/2026 05:40:00,24.71,373.6,375.9,0.18,242.81,,,,,,
9871,05/10/2026 05:50:00,24.61,373.8,376.9,0.18,242.99,,,,,,
9872,05/10/2026 06:00:00,24.52,374.5,378.3,0.18,243.41,,,,,,
9873,05/10/2026 06:10:00,24.41,374.7,379.4,0.18,243.59,,,,,,
9874,05/10/2026 06:20:00,24.34,375.7,381.0,0.18,244.22,,,,,,
9875,05/10/2026 06:30:00,24.26,376.0,382.0,0.18,244.42,,,,,,
9876,05/10/2026 06:40:00,24.19,377.0,383.5,0.18,245.06,,,,,,
9877,05/10/2026 06:50:00,24.10,377.2,384.5,0.19,245.20,,,,,,
9878,05/10/2026 07:00:00,23.99,377.6,385.8,0.19,245.44,,,,,,
9879,05/10/2026 07:10:00,23.91,378.3,387.2,0.19,245.90,,,,,,
9880,05/10/2026 07:20:00,23.85,378.9,388.3,0.19,246.30,,,,,,
9881,05/10/2026 07:30:00,23.80,379.9,389.8,0.19,246.96,,,,,,
9882,05/10/2026 07:40:00,23.76,380.8,391.0,0.19,247.50,,,,,,
9883,05/10/2026 07:50:00,23.70,381.4,392.1,0.19,247.90,,,,,,
9884,05/10/2026 08:00:00,23.64,382.2,393.5,0.19,248.45,,,,,,
9885,05/10/2026 08:10:00,23.59,383.1,394.8,0.19,249.01,,,,,,
9886,05/10/2026 08:20:00,23.54,384.0,396.1,0.19,249.60,,,,,,
9887,05/10/2026 08:30:00,23.52,384.9,397.3,0.19,250.20,,,,,,
9888,05/10/2026 08:40:00,23.52,386.0,398.4,0.19,250.90,,,,,,
9889,05/10/2026 08:50:00,23.52,387.1,399.5,0.19,251.58,,,,,,
9890,05/10/2026 09:00:00,23.55,389.3,401.5,0.19,253.08,,,,,,
9891,05/10/2026 09:10:00,23.66,391.2,402.5,0.19,254.27,,,,,,
9892,05/10/2026 09:20:00,23.80,393.9,404.0,0.19,256.01,,,,,,
9893,05/10/2026 09:30:00,23.91,396.0,405.3,0.20,257.42,,,,,,
9894,05/10/2026 09:40:00,24.02,398.1,406.5,0.20,258.76,,,,,,
9895,05/10/2026 09:50:00,24.11,400.2,407.7,0.20,260.10,,,,,,
9896,05/10/2026 10:00:00,24.24,402.5,409.0,0.20,261.62,,,,,,
9897,05/10/2026 10:10:00,24.34,404.8,410.4,0.20,263.10,,,,,,
9898,05/10/2026 10:20:00,24.46,407.8,412.5,0.20,265.07,,,,,,
9899,05/10/2026 10:30:00,24.57,409.6,413.3,0.20,266.23,,,,,,
9900,05/10/2026 10:40:00,24.54,410.6,414.6,0.20,266.90,,,,,,
9901,05/10/2026 10:50:00,24.47,410.2,414.8,0.20,266.61,,,,,,
9902,05/10/2026 11:00:00,24.35,410.6,416.3,0.20,266.89,,,,,,
9903,05/10/2026 11:10:00,24.19,410.8,417.9,0.20,267.05,,,,,,
9904,05/10/2026 11:20:00,24.04,410.9,419.3,0.20,267.07,,,,,,
9905,05/10/2026 11:30:00,23.92,411.3,420.9,0.20,267.36,,,,,,
9906,05/10/2026 11:40:00,23.67,410.0,421.7,0.20,266.50,,,,,,
9907,05/10/2026 11:50:00,23.42,410.3,424.3,0.20,266.68,,,,,,
9908,05/10/2026 12:00:00,22.61,315.8,332.5,0.16,205.24,,,,,,
9909,05/10/2026 12:10:00,22.49,180.0,190.1,0.09,117.03,,,,,,
9910,05/10/2026 12:20:00,22.68,140.9,148.1,0.07,91.58,,,,,,
9911,05/10/2026 12:30:00,23.06,143.2,149.3,0.07,93.10,,,,,,
9912,05/10/2026 12:40:00,23.56,151.9,156.6,0.08,98.72,,,,,,
9913,05/10/2026 12:50:00,24.04,154.1,157.2,0.08,100.15,,,,,,
9914,05/10/2026 13:00:00,24.49,156.5,158.1,0.08,101.69,,,,,,
9915,05/10/2026 13:10:00,24.99,156.4,156.5,0.08,101.68,,,,,,
9916,05/10/2026 13:20:00,25.35,161.2,160.1,0.08,104.80,,,,,,
9917,05/10/2026 13:30:00,25.64,172.5,170.2,0.08,112.10,,,,,,
9918,05/10/2026 13:40:00,25.76,182.5,179.6,0.09,118.63,,,,,,
9919,05/10/2026 13:50:00,25.73,189.9,187.1,0.09,123.46,,,,,,
9920,05/10/2026 14:00:00,25.61,193.0,190.6,0.09,125.46,,,,,,
9921,05/10/2026 14:10:00,25.44,192.6,190.8,0.09,125.17,,,,,,
9922,05/10/2026 14:20:00,25.22,192.4,191.5,0.09,125.04,,,,,,
9923,05/10/2026 14:30:00,25.00,191.1,191.1,0.09,124.20,,,,,,
9924,05/10/2026 14:40:00,24.79,188.9,189.8,0.09,122.81,,,,,,
9925,05/10/2026 14:50:00,24.63,190.7,192.2,0.09,123.93,,,,,,
9926,05/10/2026 15:00:00,24.49,194.2,196.3,0.10,126.24,,,,,,
9927,05/10/2026 15:10:00,24.37,199.8,202.5,0.10,129.89,,,,,,
9928,05/10/2026 15:20:00,24.26,205.9,209.2,0.10,133.87,,,,,,
9929,05/10/2026 15:30:00,24.16,211.0,214.8,0.10,137.16,,,,,,
9930,05/10/2026 15:40:00,24.07,215.5,219.8,0.11,140.05,,,,,,
9931,05/10/2026 15:50:00,24.04,221.7,226.3,0.11,144.12,,,,,,
9932,05/10/2026 16:00:00,23.93,232.4,237.7,0.11,151.04,,,,,,
9933,05/10/2026 16:10:00,23.58,212.7,219.2,0.11,138.24,,,,,,
9934,05/10/2026 16:20:00,23.30,160.3,166.2,0.08,104.18,,,,,,
9935,05/10/2026 16:30:00,23.21,146.1,151.8,0.07,94.93,,,,,,
9936,05/10/2026 16:40:00,23.17,142.1,147.8,0.07,92.37,,,,,,
9937,05/10/2026 16:50:00,23.17,136.8,142.3,0.07,88.91,,,,,,
9938,05/10/2026 17:00:00,23.15,129.4,134.6,0.07,84.10,,,,,,
9939,05/10/2026 17:10:00,23.06,127.4,132.8,0.07,82.81,,,,,,
9940,05/10/2026 17:20:00,22.96,131.8,137.7,0.07,85.65,,,,,,
9941,05/10/2026 17:30:00,22.85,133.7,140.0,0.07,86.88,,,,,,
9942,05/10/2026 17:40:00,22.76,138.3,145.2,0.07,89.92,,,,,,
9943,05/10/2026 17:50:00,22.69,150.5,158.2,0.08,97.82,,,,,,
9944,05/10/2026 18:00:00,22.61,151.7,159.7,0.08,98.58,,,,,,
9945,05/10/2026 18:10:00,22.54,149.7,157.8,0.08,97.29,,,,,,
9946,05/10/2026 18:20:00,22.46,146.9,155.2,0.08,95.47,,,,,,
9947,05/10/2026 18:30:00,22.38,147.3,155.9,0.08,95.74,,,,,,
9948,05/10/2026 18:40:00,22.30,151.8,160.9,0.08,98.66,,,,,,
9949,05/10/2026 18:50:00,22.21,155.9,165.6,0.08,101.35,,,,,,
9950,05/10/2026 19:00:00,22.13,158.6,168.8,0.08,103.08,,,,,,
9951,05/10/2026 19:10:00,22.05,160.9,171.5,0.08,104.57,,,Logged,,,
9952,05/10/2026 19:20:00,21.97,162.7,173.8,0.08,105.77,,,,,,
9953,05/10/2026 19:30:00,21.90,164.0,175.4,0.09,106.60,,,,,,
9954,05/10/2026 19:40:00,21.82,163.6,175.3,0.09,106.33,,,,,,
9955,05/10/2026 19:50:00,21.75,163.4,175.4,0.09,106.21,,,,,,
9956,05/10/2026 20:00:00,21.68,162.9,175.1,0.09,105.88,,,,,,
9957,05/10/2026 20:10:00,21.62,164.0,176.5,0.09,106.58,,,,,,
9958,05/10/2026 20:20:00,21.55,164.2,177.0,0.09,106.72,,,,,,
9959,05/10/2026 20:30:00,21.49,163.7,176.8,0.09,106.44,,,,,,
9960,05/10/2026 20:40:00,21.42,164.1,177.4,0.09,106.64,,,,,,
9961,05/10/2026 20:50:00,21.36,162.2,175.6,0.09,105.43,,,,,,
9962,05/10/2026 21:00:00,21.27,161.2,174.9,0.08,104.80,,,,,,
9963,05/10/2026 21:10:00,21.13,156.9,170.8,0.08,101.99,,,,,,
9964,05/10/2026 21:20:00,20.94,144.3,157.8,0.08,93.79,,,,,,
9965,05/10/2026 21:30:00,20.87,127.4,139.5,0.07,82.81,,,,,,
9966,05/10/2026 21:40:00,20.81,117.2,128.5,0.06,76.19,,,,,,
9967,05/10/2026 21:50:00,20.73,112.5,123.5,0.06,73.10,,,,,,
9968,05/10/2026 22:00:00,20.67,109.2,120.1,0.06,70.95,,,,,,
9969,05/10/2026 22:10:00,20.60,104.2,114.8,0.06,67.70,,,,,,
9970,05/10/2026 22:20:00,20.53,101.0,111.5,0.06,65.68,,,,,,
9971,05/10/2026 22:30:00,20.49,100.4,110.9,0.06,65.23,,,,,,
9972,05/10/2026 22:40:00,20.47,100.4,111.0,0.06,65.29,,,,,,
9973,05/10/2026 22:50:00,20.45,97.8,108.1,0.05,63.55,,,,,,
9974,05/10/2026 23:00:00,20.44,98.8,109.2,0.05,64.19,,,,,,
9975,05/10/2026 23:10:00,20.42,100.8,111.5,0.06,65.53,,,,,,
9976,05/10/2026 23:20:00,20.40,104.1,115.2,0.06,67.66,,,,,,
9977,05/10/2026 23:30:00,20.38,109.2,120.9,0.06,70.99,,,,,,
9978,05/10/2026 23:40:00,20.36,114.0,126.3,0.06,74.12,,,,,,
9979,05/10/2026 23:50:00,20.34,117.1,129.8,0.06,76.11,,,,,,
9980,05/11/2026 00:00:00,20.31,121.0,134.2,0.07,78.65,,,,,,
9981,05/11/2026 00:10:00,20.28,122.9,136.5,0.07,79.91,,,,,,
9982,05/11/2026 00:20:00,20.24,123.0,136.7,0.07,79.97,,,,,,
9983,05/11/2026 00:30:00,20.20,126.6,140.8,0.07,82.29,,,,,,
9984,05/11/2026 00:40:00,20.16,126.9,141.3,0.07,82.48,,,,,,
9985,05/11/2026 00:50:00,20.12,130.3,145.2,0.07,84.73,,,,,,
9986,05/11/2026 01:00:00,20.09,132.9,148.2,0.07,86.37,,,,,,
9987,05/11/2026 01:10:00,20.05,134.7,150.4,0.07,87.58,,,,,,
9988,05/11/2026 01:20:00,20.01,134.9,150.7,0.07,87.66,,,,,,
9989,05/11/2026 01:30:00,19.97,135.3,151.3,0.07,87.96,,,,,,
9990,05/11/2026 01:40:00,19.93,136.4,152.7,0.07,88.66,,,,,,
9991,05/11/2026 01:50:00,19.88,136.0,152.4,0.07,88.43,,,,,,
9992,05/11/2026 02:00:00,19.84,137.4,154.1,0.07,89.29,,,,,,
9993,05/11/2026 02:10:00,19.79,138.6,155.6,0.08,90.08,,,,,,
9994,05/11/2026 02:20:00,19.73,139.5,156.8,0.08,90.65,,,,,,
9995,05/11/2026 02:30:00,19.68,140.0,157.7,0.08,91.02,,,,,,
9996,05/11/2026 02:40:00,19.63,140.5,158.3,0.08,91.32,,,,,,
9997,05/11/2026 02:50:00,19.58,142.2,160.5,0.08,92.44,,,,,,
9998,05/11/2026 03:00:00,19.55,143.2,161.7,0.08,93.07,,,,,,
9999,05/11/2026 03:10:00,19.50,143.5,162.3,0.08,93.29,,,,,,
10000,05/11/2026 03:20:00,19.47,144.6,163.6,0.08,94.00,,,,,,
10001,05/11/2026 03:30:00,19.44,145.8,165.0,0.08,94.74,,,,,,
10002,05/11/2026 03:40:00,19.41,146.8,166.3,0.08,95.40,,,,,,
10003,05/11/2026 03:50:00,19.38,148.7,168.7,0.08,96.68,,,,,,
10004,05/11/2026 04:00:00,19.34,149.8,170.0,0.08,97.36,,,,,,
10005,05/11/2026 04:10:00,19.32,151.4,171.9,0.08,98.43,,,,,,
10006,05/11/2026 04:20:00,19.28,153.0,173.8,0.08,99.42,,,,,,
10007,05/11/2026 04:30:00,19.26,153.8,174.9,0.08,99.95,,,,,,
10008,05/11/2026 04:40:00,19.23,155.3,176.7,0.09,100.95,,,,,,
10009,05/11/2026 04:50:00,19.20,156.7,178.4,0.09,101.86,,,,,,
10010,05/11/2026 05:00:00,19.17,159.1,181.4,0.09,103.44,,,,,,
10011,05/11/2026 05:10:00,19.13,162.6,185.5,0.09,105.71,,,,,,
10012,05/11/2026 05:20:00,19.10,164.3,187.5,0.09,106.76,,,,,,
10013,05/11/2026 05:30:00,19.06,165.8,189.4,0.09,107.76,,,,,,
10014,05/11/2026 05:40:00,19.02,167.0,191.0,0.09,108.54,,,,,,
10015,05/11/2026 05:50:00,18.97,167.2,191.5,0.09,108.71,,,,,,
10016,05/11/2026 06:00:00,18.93,166.9,191.3,0.09,108.51,,,,,,
10017,05/11/2026 06:10:00,18.89,170.7,195.9,0.09,110.97,,,,,,
10018,05/11/2026 06:20:00,18.85,172.2,197.8,0.09,111.94,,,,,,
10019,05/11/2026 06:30:00,18.81,173.2,199.1,0.10,112.60,,,,,,
10020,05/11/2026 06:40:00,18.78,174.8,201.0,0.10,113.60,,,,,,
10021,05/11/2026 06:50:00,18.72,176.3,203.0,0.10,114.56,,,,,,
10022,05/11/2026 07:00:00,18.67,178.1,205.4,0.10,115.75,,,,,,
10023,05/11/2026 07:10:00,18.64,177.3,204.6,0.10,115.21,,,,,,
10024,05/11/2026 07:20:00,18.60,181.1,209.3,0.10,117.74,,,,,,
10025,05/11/2026 07:30:00,18.54,183.1,211.9,0.10,119.04,,,,,,
10026,05/11/2026 07:40:00,18.50,182.2,211.1,0.10,118.45,,,,,,
10027,05/11/2026 07:50:00,18.45,184.8,214.2,0.10,120.10,,,,,,
10028,05/11/2026 08:00:00,18.41,188.3,218.6,0.10,122.40,,,,,,
10029,05/11/2026 08:10:00,18.37,189.9,220.5,0.11,123.41,,,,,,
10030,05/11/2026 08:20:00,18.32,191.5,222.8,0.11,124.50,,,,,,
10031,05/11/2026 08:30:00,18.30,193.9,225.7,0.11,126.05,,,,,,
10032,05/11/2026 08:40:00,18.31,197.7,230.0,0.11,128.49,,,,,,
10033,05/11/2026 08:50:00,18.31,200.1,232.8,0.11,130.05,,,,,,
10034,05/11/2026 09:00:00,18.33,199.8,232.4,0.11,129.89,,,,,,
10035,05/11/2026 09:10:00,18.35,202.5,235.4,0.11,131.65,,,,,,
10036,05/11/2026 09:20:00,18.38,205.7,238.9,0.11,133.71,,,,,,
10037,05/11/2026 09:30:00,18.43,209.0,242.4,0.12,135.84,,,,,,
10038,05/11/2026 09:40:00,18.47,212.1,245.7,0.12,137.84,,,,,,
10039,05/11/2026 09:50:00,18.53,214.9,248.7,0.12,139.70,,,,,,
10040,05/11/2026 10:00:00,18.60,217.1,250.8,0.12,141.10,,,,,,
10041,05/11/2026 10:10:00,18.68,219.4,253.0,0.12,142.63,,,,,,
10042,05/11/2026 10:20:00,18.77,221.8,255.2,0.12,144.16,,,,,,
10043,05/11/2026 10:30:00,18.89,223.7,256.7,0.12,145.41,,,,,,
10044,05/11/2026 10:40:00,19.03,225.7,258.0,0.12,146.68,,,,,,
10045,05/11/2026 10:50:00,19.17,227.4,259.1,0.12,147.81,,,,,,
10046,05/11/2026 11:00:00,19.34,230.9,262.1,0.13,150.11,,,,,,
10047,05/11/2026 11:10:00,19.51,233.4,263.8,0.13,151.72,,,,,,
10048,05/11/2026 11:20:00,19.70,236.1,265.6,0.13,153.45,,,,,,
10049,05/11/2026 11:30:00,19.88,239.0,267.8,0.13,155.37,,,,,,
10050,05/11/2026 11:40:00,20.10,241.9,269.7,0.13,157.26,,,,,,
10051,05/11/2026 11:50:00,20.35,244.8,271.4,0.13,159.14,,,,,,
10052,05/11/2026 12:00:00,20.57,247.5,272.9,0.13,160.88,,,,,,
10053,05/11/2026 12:10:00,20.82,250.7,274.8,0.13,162.95,,,,,,
10054,05/11/2026 12:20:00,21.07,254.3,277.2,0.13,165.28,,,,,,
10055,05/11/2026 12:30:00,21.39,257.0,278.1,0.13,167.04,,,,,,
10056,05/11/2026 12:40:00,21.75,260.2,279.3,0.13,169.14,,,,,,
10057,05/11/2026 12:50:00,21.99,262.9,280.6,0.13,170.87,,,,,,
10058,05/11/2026 13:00:00,22.32,265.8,281.7,0.14,172.78,,,,,,
10059,05/11/2026 13:10:00,22.63,269.0,283.1,0.14,174.87,,,,,,
10060,05/11/2026 13:20:00,22.91,271.1,283.5,0.14,176.20,,,,,,
10061,05/11/2026 13:30:00,23.22,272.8,283.4,0.14,177.30,,,,,,
10062,05/11/2026 13:40:00,23.51,274.4,283.3,0.14,178.36,,,,,,
10063,05/11/2026 13:50:00,23.82,276.5,283.5,0.14,179.73,,,,,,
10064,05/11/2026 14:00:00,24.10,277.5,282.8,0.14,180.34,,,,,,
10065,05/11/2026 14:10:00,24.34,279.7,283.7,0.14,181.82,,,,,,
10066,05/11/2026 14:20:00,24.59,281.0,283.4,0.14,182.64,,,,,,
10067,05/11/2026 14:30:00,24.85,282.0,282.9,0.14,183.30,,,,,,
10068,05/11/2026 14:40:00,25.09,285.5,284.9,0.14,185.55,,,,,,
10069,05/11/2026 14:50:00,25.36,283.6,281.5,0.14,184.34,,,,,,
10070,05/11/2026 15:00:00,25.60,284.7,281.1,0.14,185.05,,,,,,
10071,05/11/2026 15:10:00,25.86,287.2,282.1,0.14,186.68,,,,,,
10072,05/11/2026 15:20:00,26.20,287.2,280.2,0.14,186.68,,,,,,
10073,05/11/2026 15:30:00,26.54,288.0,279.0,0.14,187.21,,,,,,
10074,05/11/2026 15:40:00,26.79,290.5,280.0,0.14,188.85,,,,,,
10075,05/11/2026 15:50:00,26.96,291.7,280.2,0.14,189.59,,,,,,
10076,05/11/2026 16:00:00,27.11,291.9,279.5,0.14,189.71,,,,,,
10077,05/11/2026 16:10:00,27.20,292.0,279.2,0.14,189.83,,,,,,
10078,05/11/2026 16:20:00,27.26,289.2,276.1,0.13,187.95,,,,,,
10079,05/11/2026 16:30:00,27.43,290.3,276.2,0.13,188.67,,,,,,
10080,05/11/2026 16:40:00,27.54,291.3,276.5,0.13,189.32,,,,,,
10081,05/11/2026 16:50:00,27.61,292.3,277.1,0.13,189.96,,,,,,
10082,05/11/2026 17:00:00,27.69,293.0,277.3,0.13,190.43,,,,,,
10083,05/11/2026 17:10:00,27.72,290.9,275.2,0.13,189.07,,,,,,
10084,05/11/2026 17:20:00,27.72,292.5,276.7,0.13,190.15,,,,,,
10085,05/11/2026 17:30:00,27.70,292.4,276.7,0.13,190.06,,,,,,
10086,05/11/2026 17:40:00,27.60,292.6,277.4,0.13,190.18,,,,,,
10087,05/11/2026 17:50:00,27.48,292.2,277.7,0.13,189.93,,,,,,
10088,05/11/2026 18:00:00,27.37,293.3,279.4,0.14,190.62,,,,,,
10089,05/11/2026 18:10:00,27.25,293.2,280.0,0.14,190.61,,,,,,
10090,05/11/2026 18:20:00,27.11,294.5,282.0,0.14,191.40,,,,,,
10091,05/11/2026 18:30:00,26.98,292.0,280.3,0.14,189.80,,,,,,
10092,05/11/2026 18:40:00,26.88,291.6,280.6,0.14,189.55,,,,,,
10093,05/11/2026 18:50:00,26.77,291.8,281.4,0.14,189.68,,,,,,
10094,05/11/2026 19:00:00,26.62,290.6,281.0,0.14,188.86,,,,,,
10095,05/11/2026 19:10:00,26.49,290.0,281.2,0.14,188.53,,,,,,
10096,05/11/2026 19:20:00,26.35,290.3,282.3,0.14,188.69,,,,,,
10097,05/11/2026 19:30:00,26.20,290.2,283.1,0.14,188.62,,,,,,
10098,05/11/2026 19:40:00,26.03,289.7,283.5,0.14,188.28,,,,,,
10099,05/11/2026 19:50:00,25.86,289.2,284.0,0.14,187.95,,,,,,
10100,05/11/2026 20:00:00,25.68,288.5,284.4,0.14,187.51,,,,,,
10101,05/11/2026 20:10:00,25.49,287.9,285.0,0.14,187.11,,,,,,
10102,05/11/2026 20:20:00,25.31,287.9,286.1,0.14,187.16,,,,,,
10103,05/11/2026 20:30:00,25.11,287.8,287.1,0.14,187.04,,,,,,
10104,05/11/2026 20:40:00,24.93,287.6,288.0,0.14,186.97,,,,,,
10105,05/11/2026 20:50:00,24.74,287.2,288.8,0.14,186.68,,,,,,
10106,05/11/2026 21:00:00,24.50,286.6,289.7,0.14,186.32,,,,,,
10107,05/11/2026 21:10:00,24.29,286.2,290.6,0.14,186.05,,,,,,
10108,05/11/2026 21:20:00,24.12,286.2,291.6,0.14,186.05,,,,,,
10109,05/11/2026 21:30:00,23.96,286.3,292.7,0.14,186.11,,,,,,
10110,05/11/2026 21:40:00,23.76,286.3,294.0,0.14,186.10,,,,,,
10111,05/11/2026 21:50:00,23.56,286.4,295.4,0.14,186.18,,,,,,
10112,05/11/2026 22:00:00,23.39,286.5,296.5,0.14,186.19,,,,,,
10113,05/11/2026 22:10:00,23.25,286.5,297.4,0.14,186.20,,,,,,
10114,05/11/2026 22:20:00,23.08,287.0,299.1,0.14,186.58,,,,,,
10115,05/11/2026 22:30:00,22.91,287.1,300.3,0.14,186.59,,,,,,
10116,05/11/2026 22:40:00,22.75,287.0,301.3,0.14,186.55,,,,,,
10117,05/11/2026 22:50:00,22.60,287.1,302.4,0.15,186.64,,,,,,
10118,05/11/2026 23:00:00,22.46,287.1,303.3,0.15,186.64,,,,,,
10119,05/11/2026 23:10:00,22.32,287.4,304.6,0.15,186.84,,,,,,
10120,05/11/2026 23:20:00,22.20,288.1,306.1,0.15,187.24,,,,,,
10121,05/11/2026 23:30:00,22.10,288.6,307.3,0.15,187.61,,,,,,
10122,05/11/2026 23:40:00,21.98,289.4,309.0,0.15,188.13,,,,,,
10123,05/11/2026 23:50:00,21.88,289.6,309.9,0.15,188.23,,,,,,
10124,05/12/2026 00:00:00,21.76,289.8,310.9,0.15,188.35,,,,,,
10125,05/12/2026 00:10:00,21.62,289.7,311.8,0.15,188.30,,,,,,
10126,05/12/2026 00:20:00,21.51,290.7,313.7,0.15,188.93,,,,,,
10127,05/12/2026 00:30:00,21.42,290.6,314.2,0.15,188.89,,,,,,
10128,05/12/2026 00:40:00,21.34,290.9,315.1,0.15,189.10,,,,,,
10129,05/12/2026 00:50:00,21.20,291.4,316.7,0.15,189.42,,,,,,
10130,05/12/2026 01:00:00,21.11,291.8,317.7,0.15,189.68,,,,,,
10131,05/12/2026 01:10:00,21.02,291.8,318.4,0.15,189.68,,,,,,
10132,05/12/2026 01:20:00,20.92,291.9,319.3,0.15,189.75,,,,,,
10133,05/12/2026 01:30:00,20.90,293.1,320.7,0.15,190.48,,,,,,
10134,05/12/2026 01:40:00,20.76,293.0,321.7,0.15,190.46,,,,,,
10135,05/12/2026 01:50:00,20.64,292.7,322.2,0.15,190.27,,,,,,
10136,05/12/2026 02:00:00,20.55,293.1,323.4,0.15,190.54,,,,,,
10137,05/12/2026 02:10:00,20.46,293.5,324.4,0.16,190.75,,,,,,
10138,05/12/2026 02:20:00,20.40,293.4,324.7,0.16,190.69,,,,,,
10139,05/12/2026 02:30:00,20.32,294.4,326.5,0.16,191.34,,,,,,
10140,05/12/2026 02:40:00,20.23,294.6,327.3,0.16,191.47,,,,,,
10141,05/12/2026 02:50:00,20.14,295.2,328.8,0.16,191.87,,,,,,
10142,05/12/2026 03:00:00,20.10,295.0,328.9,0.16,191.78,,,,,,
10143,05/12/2026 03:10:00,20.03,294.6,328.9,0.16,191.50,,,,,,
10144,05/12/2026 03:20:00,19.97,296.0,330.9,0.16,192.38,,,,,,
10145,05/12/2026 03:30:00,19.87,296.6,332.4,0.16,192.77,,,,,,
10146,05/12/2026 03:40:00,19.79,297.1,333.6,0.16,193.10,,,,,,
10147,05/12/2026 03:50:00,19.71,297.5,334.7,0.16,193.39,,,,,,
10148,05/12/2026 04:00:00,19.66,297.9,335.5,0.16,193.61,,,,,,
10149,05/12/2026 04:10:00,19.60,297.8,335.9,0.16,193.56,,,,,,
10150,05/12/2026 04:20:00,19.52,297.8,336.6,0.16,193.58,,,,,,
10151,05/12/2026 04:30:00,19.45,297.2,336.4,0.16,193.19,,,,,,
10152,05/12/2026 04:40:00,19.44,297.5,336.9,0.16,193.40,,,,,,
10153,05/12/2026 04:50:00,19.40,296.5,336.0,0.16,192.70,,,,,,
10154,05/12/2026 05:00:00,19.42,296.2,335.5,0.16,192.51,,,,,,
10155,05/12/2026 05:10:00,19.45,298.1,337.4,0.16,193.74,,,,,,
10156,05/12/2026 05:20:00,19.35,297.6,337.7,0.16,193.45,,,,,,
10157,05/12/2026 05:30:00,19.27,297.6,338.3,0.16,193.46,,,,,,
10158,05/12/2026 05:40:00,19.18,296.9,338.3,0.16,193.01,,,,,,
10159,05/12/2026 05:50:00,19.13,297.1,338.9,0.16,193.11,,,,,,
10160,05/12/2026 06:00:00,18.99,296.5,339.4,0.16,192.75,,,,,,
10161,05/12/2026 06:10:00,18.86,295.9,339.8,0.16,192.37,,,,,,
10162,05/12/2026 06:20:00,18.75,296.2,341.0,0.16,192.56,,,,,,
10163,05/12/2026 06:30:00,18.69,295.8,341.0,0.16,192.26,,,,,,
10164,05/12/2026 06:40:00,18.62,295.6,341.3,0.16,192.12,,,,,,
10165,05/12/2026 06:50:00,18.55,295.6,341.8,0.16,192.12,,,,,,
10166,05/12/2026 07:00:00,18.51,295.7,342.4,0.16,192.20,,,,,,
10167,05/12/2026 07:10:00,18.45,295.6,342.7,0.16,192.16,,,,,,
10168,05/12/2026 07:20:00,18.40,295.6,343.2,0.16,192.17,,,,,,
10169,05/12/2026 07:30:00,18.36,295.4,343.3,0.16,192.04,,,,,,
10170,05/12/2026 07:40:00,18.33,295.3,343.4,0.16,191.95,,,,,,
10171,05/12/2026 07:50:00,18.31,295.6,344.0,0.16,192.16,,,,,,
10172,05/12/2026 08:00:00,18.30,295.7,344.1,0.16,192.22,,,,,,
10173,05/12/2026 08:10:00,18.32,296.1,344.5,0.16,192.49,,,,,,
10174,05/12/2026 08:20:00,18.37,296.5,344.4,0.16,192.70,,,,,,
10175,05/12/2026 08:30:00,18.44,297.6,345.1,0.16,193.41,,,,,,
10176,05/12/2026 08:40:00,18.52,298.4,345.4,0.16,193.96,,,,,,
10177,05/12/2026 08:50:00,18.56,298.4,345.1,0.16,193.96,,,,,,
10178,05/12/2026 09:00:00,18.65,299.1,345.1,0.16,194.43,,,,,,
10179,05/12/2026 09:10:00,18.74,299.9,345.3,0.16,194.94,,,,,,
10180,05/12/2026 09:20:00,18.87,301.4,345.9,0.16,195.88,,,,,,
10181,05/12/2026 09:30:00,18.98,302.0,345.7,0.16,196.29,,,,,,
10182,05/12/2026 09:40:00,19.10,302.2,344.9,0.16,196.44,,,,,,
10183,05/12/2026 09:50:00,19.22,303.3,345.3,0.16,197.16,,,,,,
10184,05/12/2026 10:00:00,19.36,304.4,345.3,0.16,197.87,,,,,,
10185,05/12/2026 10:10:00,19.55,305.2,344.6,0.16,198.40,,,,,,
10186,05/12/2026 10:20:00,19.78,306.0,343.7,0.16,198.93,,,,,,
10187,05/12/2026 10:30:00,20.01,306.8,342.7,0.16,199.41,,,,,,
10188,05/12/2026 10:40:00,20.26,308.0,342.0,0.16,200.18,,,,,,
10189,05/12/2026 10:50:00,20.51,309.5,341.7,0.16,201.17,,,,,,
10190,05/12/2026 11:00:00,20.78,310.6,340.8,0.16,201.89,,,,,,
10191,05/12/2026 11:10:00,21.08,312.5,340.5,0.16,203.10,,,,,,
10192,05/12/2026 11:20:00,21.44,314.4,339.8,0.16,204.35,,,,,,
10193,05/12/2026 11:30:00,21.83,316.6,339.1,0.16,205.77,,,,,,
10194,05/12/2026 11:40:00,22.22,318.0,337.8,0.16,206.72,,,,,,
10195,05/12/2026 11:50:00,22.64,320.8,337.5,0.16,208.50,,,,,,
10196,05/12/2026 12:00:00,23.08,322.3,335.8,0.16,209.48,,,,,,
10197,05/12/2026 12:10:00,23.50,324.5,335.1,0.16,210.93,,,,,,
10198,05/12/2026 12:20:00,23.91,328.0,335.7,0.16,213.19,,,,,,
10199,05/12/2026 12:30:00,24.36,330.3,334.7,0.16,214.67,,,,,,
10200,05/12/2026 12:40:00,24.79,332.7,334.2,0.16,216.28,,,,,,
10201,05/12/2026 12:50:00,25.22,334.3,332.8,0.16,217.30,,,,,,
10202,05/12/2026 13:00:00,25.62,337.2,332.8,0.16,219.16,,,,,,
10203,05/12/2026 13:10:00,26.15,338.5,330.5,0.16,220.00,,,,,,
10204,05/12/2026 13:20:00,26.63,340.4,329.1,0.16,221.26,,,,,,
10205,05/12/2026 13:30:00,27.08,343.7,329.3,0.16,223.38,,,,,,
10206,05/12/2026 13:40:00,27.54,343.6,326.2,0.16,223.36,,,,,,
10207,05/12/2026 13:50:00,27.97,345.2,324.9,0.16,224.41,,,,,,
10208,05/12/2026 14:00:00,28.41,343.3,320.4,0.16,223.16,,,,,,
10209,05/12/2026 14:10:00,29.01,337.9,311.7,0.15,219.66,,,,,,
10210,05/12/2026 14:20:00,29.67,339.8,309.5,0.15,220.88,,,,,,
10211,05/12/2026 14:30:00,30.22,341.7,307.9,0.15,222.09,,,,,,
10212,05/12/2026 14:40:00,30.67,342.2,305.8,0.15,222.42,,,,,,
10213,05/12/2026 14:50:00,31.83,349.2,305.4,0.15,226.98,,,,,,
10214,05/12/2026 15:00:00,32.54,336.5,290.5,0.14,218.72,,,,,,
10215,05/12/2026 15:10:00,32.80,476.9,409.7,0.20,309.98,,,,,,
10216,05/12/2026 15:20:00,28.14,12.5,11.7,0.02,8.13,,,,,,
10217,05/12/2026 15:30:00,30.32,8.1,7.2,0.01,5.24,,,,,,
10218,05/12/2026 15:40:00,28.74,0.0,0.0,0.01,0.00,,,,,,
10219,05/12/2026 15:50:00,29.52,0.0,0.0,0.01,0.00,,,,,,
10220,05/12/2026 16:00:00,29.36,0.0,0.0,0.01,0.00,,,,,,
10221,05/12/2026 16:10:00,29.19,0.0,0.0,0.01,0.00,,,,,,
10222,05/12/2026 16:20:00,28.86,0.0,0.0,0.01,0.00,,,,,,
10223,05/12/2026 16:30:00,29.39,0.0,0.0,0.01,0.00,,,,,,
10224,05/12/2026 16:40:00,27.36,0.0,0.0,0.01,0.00,,,,,,
10225,05/12/2026 16:50:00,25.86,0.0,0.0,0.01,0.00,,,,,,
10226,05/12/2026 17:00:00,24.91,0.0,0.0,0.01,0.00,,,,,,
10227,05/12/2026 17:10:00,24.30,0.0,0.0,0.01,0.00,,,,,,
10228,05/12/2026 17:20:00,23.86,0.0,0.0,0.01,0.00,,,,,,
10229,05/12/2026 17:30:00,23.59,0.0,0.0,0.01,0.00,,,,,,
10230,05/12/2026 17:40:00,23.42,0.0,0.0,0.01,0.00,,,,,,
10231,05/12/2026 17:50:00,23.36,0.0,0.0,0.01,0.00,,,,,,
10232,05/12/2026 17:59:38,,,,,,,,,Logged,,
10233,05/12/2026 17:59:39,,,,,,,,,,Logged,
10234,05/12/2026 18:00:00,23.25,0.0,0.0,0.01,0.00,,Logged,,,,Logged