#,Date-Time (CDT),Temperature   (°C)(W-CT 22155174),Electrical Conductivity   (µS/cm)(W-CT 22155174),Specific Conductivity   (µS/cm)(W-CT 22155174),Salinity   (PSU)(W-CT 22155174),Total Dissolved Solids   (mg/L)(W-CT 22155174),Water Detect,Host Connected,Button 2 Down,Button 2 Up,End of File
1,05/12/2026 11:39:05,30.33,0.0,0.0,0.01,0.00,Out,,,,
2,05/12/2026 11:39:10,30.32,0.0,0.0,0.01,0.00,,,,,
3,05/12/2026 11:39:15,30.31,0.0,0.0,0.01,0.00,,,,,
4,05/12/2026 11:39:20,30.30,0.0,0.0,0.01,0.00,,,,,
5,05/12/2026 11:39:25,30.30,0.0,0.0,0.01,0.00,,,,,
6,05/12/2026 11:39:30,30.31,0.0,0.0,0.01,0.00,,,,,
7,05/12/2026 11:39:35,30.33,0.0,0.0,0.01,0.00,In,,,,
8,05/12/2026 11:39:40,30.35,0.0,0.0,0.01,0.00,,,,,
9,05/12/2026 11:39:45,30.37,0.0,0.0,0.01,0.00,,,,,
10,05/12/2026 11:39:50,30.38,487.5,438.1,0.21,316.89,Out,,,,
11,05/12/2026 11:39:55,29.97,509.5,461.3,0.22,331.19,In,,,,
12,05/12/2026 11:40:00,29.29,516.9,474.2,0.23,335.99,Out,,,,
13,05/12/2026 11:40:05,28.54,523.9,487.7,0.24,340.54,,,,,
14,05/12/2026 11:40:10,27.82,527.5,497.9,0.24,342.85,,,,,
15,05/12/2026 11:40:15,27.18,529.4,506.2,0.25,344.10,,,,,
16,05/12/2026 11:40:20,26.61,529.9,512.6,0.25,344.45,,,,,
17,05/12/2026 11:40:25,26.12,529.8,517.7,0.25,344.38,,,,,
18,05/12/2026 11:40:30,25.71,529.3,521.6,0.25,344.05,,,,,
19,05/12/2026 11:40:35,25.34,528.7,524.9,0.25,343.67,,,,,
20,05/12/2026 11:40:40,25.04,528.1,527.7,0.26,343.28,,,,,
21,05/12/2026 11:40:45,24.77,527.7,530.2,0.26,342.99,,,,,
22,05/12/2026 11:40:50,24.54,527.0,532.1,0.26,342.56,,,,,
23,05/12/2026 11:40:55,24.35,526.4,533.8,0.26,342.18,,,,,
24,05/12/2026 11:41:00,24.17,525.7,535.0,0.26,341.72,,,,,
25,05/12/2026 11:41:05,24.03,525.2,536.2,0.26,341.41,,,,,
26,05/12/2026 11:41:10,23.90,524.8,537.2,0.26,341.11,,,,,
27,05/12/2026 11:41:15,23.79,524.3,538.1,0.26,340.81,,,,,
28,05/12/2026 11:41:20,23.69,523.9,538.8,0.26,340.56,,,,,
29,05/12/2026 11:41:25,23.60,523.7,539.6,0.26,340.39,,,,,
30,05/12/2026 11:41:30,23.52,523.3,540.1,0.26,340.17,,,,,
31,05/12/2026 11:41:35,23.46,523.1,540.6,0.26,340.02,,,,,
32,05/12/2026 11:41:40,23.40,522.8,540.9,0.26,339.81,,,,,
33,05/12/2026 11:41:45,23.34,522.3,541.2,0.26,339.53,,,,,
34,05/12/2026 11:41:50,23.30,522.2,541.5,0.26,339.42,,,,,
35,05/12/2026 11:41:55,23.26,521.8,541.6,0.26,339.19,,,,,
36,05/12/2026 11:42:00,23.23,521.5,541.7,0.26,339.00,,,,,
37,05/12/2026 11:42:05,23.19,521.3,541.8,0.26,338.83,,,,,
38,05/12/2026 11:42:10,23.16,521.1,542.0,0.26,338.70,,,,,
39,05/12/2026 11:42:15,23.14,520.9,542.1,0.26,338.61,,,,,
40,05/12/2026 11:42:20,23.12,520.8,542.2,0.26,338.51,,,,,
41,05/12/2026 11:42:25,23.10,520.5,542.2,0.26,338.33,,,,,
42,05/12/2026 11:42:30,23.08,520.4,542.2,0.26,338.24,,,,,
43,05/12/2026 11:42:35,23.06,520.3,542.4,0.26,338.23,,,,,
44,05/12/2026 11:42:40,23.05,520.1,542.3,0.26,338.08,,,,,
45,05/12/2026 11:42:45,23.04,519.9,542.3,0.26,337.96,,,,,
46,05/12/2026 11:42:50,23.03,519.9,542.4,0.26,337.96,,,,,
47,05/12/2026 11:42:55,23.02,519.7,542.2,0.26,337.81,,,,,
48,05/12/2026 11:43:00,23.02,519.7,542.3,0.26,337.79,,,,,
49,05/12/2026 11:43:05,23.01,519.6,542.2,0.26,337.73,,,,,
50,05/12/2026 11:43:10,23.01,519.5,542.2,0.26,337.67,,,,,
51,05/12/2026 11:43:15,23.00,519.5,542.2,0.26,337.65,,,,,
52,05/12/2026 11:43:20,23.00,519.3,542.1,0.26,337.55,,,,,
53,05/12/2026 11:43:25,23.00,519.3,542.1,0.26,337.55,,,,,
54,05/12/2026 11:43:30,23.00,519.1,541.9,0.26,337.41,,,,,
55,05/12/2026 11:43:35,23.00,519.1,541.9,0.26,337.43,,,,,
56,05/12/2026 11:43:40,23.00,519.1,541.9,0.26,337.41,,,,,
57,05/12/2026 11:43:45,23.00,519.0,541.8,0.26,337.37,,,,,
58,05/12/2026 11:43:50,23.00,519.1,541.9,0.26,337.39,,,,,
59,05/12/2026 11:43:55,23.00,519.0,541.8,0.26,337.33,,,,,
60,05/12/2026 11:44:00,23.00,518.9,541.7,0.26,337.31,,,,,
61,05/12/2026 11:44:05,23.00,518.9,541.7,0.26,337.27,,,,,
62,05/12/2026 11:44:10,23.00,518.8,541.6,0.26,337.24,,,,,
63,05/12/2026 11:44:15,23.00,518.9,541.7,0.26,337.25,,,,,
64,05/12/2026 11:44:20,23.00,518.9,541.7,0.26,337.31,,,,,
65,05/12/2026 11:44:25,23.00,518.9,541.7,0.26,337.27,,,,,
66,05/12/2026 11:44:30,23.00,518.8,541.5,0.26,337.21,,,,,
67,05/12/2026 11:44:35,23.01,518.9,541.6,0.26,337.28,,,,,
68,05/12/2026 11:44:40,23.01,518.9,541.5,0.26,337.27,,,,,
69,05/12/2026 11:44:45,23.02,518.8,541.4,0.26,337.22,,,,,
70,05/12/2026 11:44:50,23.02,518.8,541.3,0.26,337.23,,,,,
71,05/12/2026 11:44:55,23.03,518.8,541.2,0.26,337.22,,,,,
72,05/12/2026 11:45:00,23.03,518.8,541.2,0.26,337.21,,,,,
73,05/12/2026 11:45:05,23.03,518.7,541.1,0.26,337.17,,,,,
74,05/12/2026 11:45:10,23.04,518.8,541.1,0.26,337.22,,,,,
75,05/12/2026 11:45:15,23.04,518.8,541.1,0.26,337.22,,,,,
76,05/12/2026 11:45:20,23.05,518.8,541.0,0.26,337.22,,,,,
77,05/12/2026 11:45:25,23.05,518.9,541.1,0.26,337.28,,,,,
78,05/12/2026 11:45:30,23.06,518.8,540.9,0.26,337.25,,,,,
79,05/12/2026 11:45:35,23.06,518.9,540.9,0.26,337.29,,,,,
80,05/12/2026 11:45:40,23.07,518.9,540.9,0.26,337.29,,,,,
81,05/12/2026 11:45:45,23.07,518.9,540.8,0.26,337.30,,,,,
82,05/12/2026 11:45:50,23.08,519.0,540.8,0.26,337.35,,,,,
83,05/12/2026 11:45:52,,,,,,,Logged,,,
84,05/12/2026 11:45:55,23.09,519.0,540.7,0.26,337.34,,,,,
85,05/12/2026 11:46:00,23.09,519.0,540.7,0.26,337.35,,,,,
86,05/12/2026 11:46:05,23.10,519.0,540.6,0.26,337.36,,,,,
87,05/12/2026 11:46:10,23.11,519.0,540.5,0.26,337.37,,,,,
88,05/12/2026 11:46:15,23.12,519.1,540.5,0.26,337.41,,,,,
89,05/12/2026 11:46:20,23.12,519.1,540.4,0.26,337.42,,,,,
90,05/12/2026 11:46:25,23.13,112.8,117.5,0.06,73.35,In,,,,
91,05/12/2026 11:46:30,23.14,926.5,964.2,0.47,602.26,,,,,
92,05/12/2026 11:46:35,23.21,910.8,946.3,0.47,592.00,Out,,,,
93,05/12/2026 11:46:40,23.28,910.2,944.2,0.46,591.60,,,,,
94,05/12/2026 11:46:45,23.36,909.3,941.7,0.46,591.05,,,,,
95,05/12/2026 11:46:50,23.43,909.2,940.3,0.46,590.99,,,,,
96,05/12/2026 11:46:55,23.48,909.4,939.5,0.46,591.13,,,,,
97,05/12/2026 11:47:00,23.53,909.4,938.5,0.46,591.13,,,,,
98,05/12/2026 11:47:05,23.57,909.6,937.9,0.46,591.26,,,,,
99,05/12/2026 11:47:10,23.60,909.7,937.3,0.46,591.29,,,,,
100,05/12/2026 11:47:15,23.63,909.7,936.6,0.46,591.33,,,,,
101,05/12/2026 11:47:20,23.66,909.9,936.3,0.46,591.43,,,,,
102,05/12/2026 11:47:25,23.69,909.9,935.8,0.46,591.46,,,,,
103,05/12/2026 11:47:30,23.71,910.2,935.6,0.46,591.61,,,,,
104,05/12/2026 11:47:35,23.72,910.3,935.4,0.46,591.70,,,,,
105,05/12/2026 11:47:40,23.74,910.5,935.2,0.46,591.85,,,,,
106,05/12/2026 11:47:45,23.76,910.8,935.2,0.46,592.02,,,,,
107,05/12/2026 11:47:50,23.77,911.0,935.2,0.46,592.18,,,,,
108,05/12/2026 11:47:55,23.78,911.1,935.1,0.46,592.25,,,,,
109,05/12/2026 11:48:00,23.79,911.4,935.1,0.46,592.43,,,,,
110,05/12/2026 11:48:05,23.81,911.7,935.1,0.46,592.60,,,,,
111,05/12/2026 11:48:10,23.82,912.0,935.3,0.46,592.82,,,,,
112,05/12/2026 11:48:15,23.83,912.3,935.3,0.46,592.97,,,,,
113,05/12/2026 11:48:20,23.84,912.5,935.3,0.46,593.14,,,,,
114,05/12/2026 11:48:25,23.85,913.0,935.6,0.46,593.45,,,,,
115,05/12/2026 11:48:30,23.86,464.0,475.4,0.23,301.59,,,,,
116,05/12/2026 11:48:35,23.89,1275.4,1305.8,0.65,828.99,In,,,,
117,05/12/2026 11:48:40,23.94,1273.3,1302.2,0.65,827.62,Out,,,,
118,05/12/2026 11:48:45,23.96,1279.1,1307.7,0.65,831.41,,,,,
119,05/12/2026 11:48:50,23.95,1280.2,1309.0,0.65,832.14,,,,,
120,05/12/2026 11:48:55,23.94,1280.4,1309.5,0.65,832.25,,,,,
121,05/12/2026 11:49:00,23.93,1280.0,1309.5,0.65,832.01,,,,,
122,05/12/2026 11:49:05,23.91,1279.8,1309.7,0.65,831.87,,,,,
123,05/12/2026 11:49:10,23.89,1279.6,1310.1,0.65,831.76,,,,,
124,05/12/2026 11:49:15,23.88,1279.4,1310.2,0.65,831.60,,,,,
125,05/12/2026 11:49:20,23.86,1279.3,1310.6,0.65,831.53,,,,,
126,05/12/2026 11:49:25,23.85,1279.4,1311.0,0.65,831.63,,,,,
127,05/12/2026 11:49:30,23.85,1279.5,1311.3,0.65,831.66,,,,,
128,05/12/2026 11:49:35,23.83,1279.5,1311.6,0.65,831.65,,,,,
129,05/12/2026 11:49:40,23.83,1279.6,1311.9,0.65,831.75,,,,,
130,05/12/2026 11:49:45,23.82,1279.7,1312.1,0.65,831.83,,,,,
131,05/12/2026 11:49:50,23.82,1279.5,1312.1,0.65,831.71,,,,,
132,05/12/2026 11:49:55,23.82,1279.8,1312.4,0.65,831.85,,,,,
133,05/12/2026 11:50:00,23.82,1279.9,1312.5,0.65,831.92,,,,,
134,05/12/2026 11:50:05,23.81,1279.8,1312.6,0.65,831.88,,,,,
135,05/12/2026 11:50:10,23.81,1280.0,1312.8,0.65,832.01,,,,,
136,05/12/2026 11:50:15,23.81,1279.9,1312.7,0.65,831.96,,,,,
137,05/12/2026 11:50:20,23.82,1280.1,1312.7,0.65,832.04,,,,,
138,05/12/2026 11:50:25,23.82,1280.2,1312.9,0.65,832.14,,,,,
139,05/12/2026 11:50:30,23.82,1280.5,1313.1,0.65,832.30,,,,,
140,05/12/2026 11:50:35,23.82,1280.6,1313.1,0.65,832.36,,,,,
141,05/12/2026 11:50:40,23.82,1280.6,1313.1,0.65,832.41,,,,,
142,05/12/2026 11:50:45,23.83,1281.0,1313.3,0.65,832.68,,,,,
143,05/12/2026 11:50:50,23.84,1281.0,1313.0,0.65,832.63,,,,,
144,05/12/2026 11:50:55,23.84,1281.1,1313.1,0.65,832.74,,,,,
145,05/12/2026 11:51:00,23.85,1281.3,1313.2,0.65,832.87,,,,,
146,05/12/2026 11:51:05,23.85,1281.8,1313.5,0.65,833.17,,,,,
147,05/12/2026 11:51:10,23.86,1281.9,1313.4,0.65,833.21,,,,,
148,05/12/2026 11:51:15,23.86,1281.9,1313.3,0.65,833.24,,,,,
149,05/12/2026 11:51:20,23.87,1282.2,1313.4,0.65,833.45,,,,,
150,05/12/2026 11:51:25,23.88,1282.4,1313.3,0.65,833.55,,,,,
151,05/12/2026 11:51:30,23.88,1283.0,1313.8,0.65,833.94,,,,,
152,05/12/2026 11:51:35,23.89,1282.9,1313.4,0.65,833.90,,,,,
153,05/12/2026 11:51:40,23.90,1283.0,1313.3,0.65,833.92,,,,,
154,05/12/2026 11:51:45,23.91,1283.2,1313.3,0.65,834.07,,,,,
155,05/12/2026 11:51:50,23.91,1283.6,1313.5,0.65,834.33,,,,,
156,05/12/2026 11:51:55,23.92,1284.1,1313.9,0.65,834.66,,,,,
157,05/12/2026 11:52:00,23.93,1284.2,1313.8,0.65,834.76,,,,,
158,05/12/2026 11:52:05,23.94,1284.7,1313.9,0.65,835.03,,,,,
159,05/12/2026 11:52:10,23.95,1285.0,1314.0,0.65,835.23,,,,,
160,05/12/2026 11:52:15,23.95,1285.0,1313.9,0.65,835.24,,,,,
161,05/12/2026 11:52:20,23.96,1285.2,1313.9,0.65,835.40,,,,,
162,05/12/2026 11:52:25,23.97,1285.4,1313.8,0.65,835.49,,,,,
163,05/12/2026 11:52:30,23.98,1286.1,1314.3,0.65,835.95,,,,,
164,05/12/2026 11:52:35,23.98,1286.0,1314.1,0.65,835.91,,,,,
165,05/12/2026 11:52:40,23.99,1286.4,1314.1,0.65,836.13,,,,,
166,05/12/2026 11:52:45,24.00,1286.7,1314.2,0.65,836.35,,,,,
167,05/12/2026 11:52:50,24.01,1287.0,1314.3,0.65,836.54,,,,,
168,05/12/2026 11:52:55,24.02,1287.4,1314.5,0.66,836.81,,,,,
169,05/12/2026 11:53:00,24.03,1287.6,1314.4,0.65,836.92,,,,,
170,05/12/2026 11:53:05,24.04,1287.9,1314.6,0.66,837.15,,,,,
171,05/12/2026 11:53:10,24.04,205.7,209.9,0.10,133.69,,,,,
172,05/12/2026 11:53:15,24.08,50.9,51.9,0.03,33.06,In,,,,
173,05/12/2026 11:53:20,24.13,80.8,82.3,0.04,52.53,,,,,
174,05/12/2026 11:53:25,24.12,11.9,12.2,0.01,7.77,Out,,,,
175,05/12/2026 11:53:30,23.97,10.0,10.2,0.01,6.50,,,,,
176,05/12/2026 11:53:35,23.84,8.0,8.2,0.01,5.17,,,,,
177,05/12/2026 11:53:40,23.73,7.5,7.7,0.01,4.84,,,,,
178,05/12/2026 11:53:45,23.64,6.1,6.2,0.01,3.94,,,,,
179,05/12/2026 11:53:50,23.57,6.4,6.6,0.01,4.14,,,,,
180,05/12/2026 11:53:55,23.51,6.0,6.2,0.01,3.88,,,,,
181,05/12/2026 11:54:00,23.47,5.9,6.1,0.01,3.85,,,,,
182,05/12/2026 11:54:05,23.44,6.5,6.7,0.01,4.19,,,,,
183,05/12/2026 11:54:10,23.42,6.4,6.6,0.01,4.15,,,,,
184,05/12/2026 11:54:15,23.40,6.7,6.9,0.01,4.36,,,,,
185,05/12/2026 11:54:20,23.39,7.1,7.3,0.01,4.61,,,,,
186,05/12/2026 11:54:25,23.38,6.9,7.1,0.01,4.46,,,,,
187,05/12/2026 11:54:30,23.37,5.0,5.2,0.01,3.26,,,,,
188,05/12/2026 11:54:35,23.37,5.3,5.5,0.01,3.44,,,,,
189,05/12/2026 11:54:40,23.38,6.5,6.8,0.01,4.25,,,,,
190,05/12/2026 11:54:45,23.39,509.7,527.6,0.26,331.31,,,,,
191,05/12/2026 11:54:50,23.27,509.8,529.0,0.26,331.36,In,,,,
192,05/12/2026 11:54:55,23.07,509.9,531.5,0.26,331.42,,,,,
193,05/12/2026 11:55:00,22.87,509.7,533.6,0.26,331.32,,,,,
194,05/12/2026 11:55:05,22.68,510.0,536.1,0.26,331.49,,,,,
195,05/12/2026 11:55:10,22.52,509.7,537.6,0.26,331.30,,,,,
196,05/12/2026 11:55:15,22.38,509.7,539.3,0.26,331.32,,,,,
197,05/12/2026 11:55:20,22.27,509.6,540.6,0.26,331.24,,,,,
198,05/12/2026 11:55:25,22.18,509.6,541.7,0.26,331.26,,,,,
199,05/12/2026 11:55:30,22.10,509.6,542.7,0.26,331.24,,,,,
200,05/12/2026 11:55:35,22.03,509.6,543.4,0.26,331.21,,,,,
201,05/12/2026 11:55:40,21.98,509.8,544.2,0.26,331.34,,,,,
202,05/12/2026 11:55:45,21.94,509.6,544.5,0.26,331.21,,,,,
203,05/12/2026 11:55:50,21.91,509.7,545.1,0.26,331.31,,,,,
204,05/12/2026 11:55:55,21.88,509.5,545.2,0.26,331.20,,,,,
205,05/12/2026 11:56:00,21.86,509.5,545.5,0.26,331.19,,,,,
206,05/12/2026 11:56:05,21.84,509.6,545.8,0.26,331.22,,,,,
207,05/12/2026 11:56:10,21.82,509.5,545.9,0.26,331.17,,,,,
208,05/12/2026 11:56:15,21.81,509.5,546.1,0.26,331.19,,,,,
209,05/12/2026 11:56:20,21.80,509.5,546.3,0.26,331.19,,,,,
210,05/12/2026 11:56:25,21.79,509.5,546.4,0.26,331.17,,,,,
211,05/12/2026 11:56:30,21.78,509.5,546.4,0.26,331.15,,,,,
212,05/12/2026 11:56:35,21.77,509.4,546.4,0.26,331.09,,,,,
213,05/12/2026 11:56:40,21.77,509.3,546.4,0.26,331.03,,,,,
214,05/12/2026 11:56:45,21.76,509.4,546.6,0.26,331.11,,,,,
215,05/12/2026 11:56:50,21.76,509.3,546.6,0.26,331.07,,,,,
216,05/12/2026 11:56:55,21.75,509.3,546.6,0.26,331.05,,,,,
217,05/12/2026 11:57:00,21.75,509.3,546.7,0.26,331.07,,,,,
218,05/12/2026 11:57:05,21.74,509.4,546.8,0.26,331.10,,,,,
219,05/12/2026 11:57:10,21.74,509.3,546.7,0.26,331.03,,,,,
220,05/12/2026 11:57:15,21.74,509.4,546.8,0.26,331.10,,,,,
221,05/12/2026 11:57:20,21.74,509.3,546.8,0.26,331.06,,,,,
222,05/12/2026 11:57:25,21.74,509.3,546.8,0.26,331.04,,,,,
223,05/12/2026 11:57:30,21.73,509.5,547.0,0.26,331.15,,,,,
224,05/12/2026 11:57:35,21.73,509.5,547.0,0.26,331.15,,,,,
225,05/12/2026 11:57:40,21.73,509.4,547.0,0.26,331.10,,,,,
226,05/12/2026 11:57:45,21.73,509.4,547.0,0.26,331.13,,,,,
227,05/12/2026 11:57:50,21.73,509.5,547.0,0.26,331.14,,,,,
228,05/12/2026 11:57:55,21.73,509.4,547.0,0.26,331.12,,,,,
229,05/12/2026 11:58:00,21.73,509.4,547.0,0.26,331.14,,,,,
230,05/12/2026 11:58:05,21.73,509.4,547.0,0.26,331.14,,,,,
231,05/12/2026 11:58:10,21.72,509.4,547.0,0.26,331.10,,,,,
232,05/12/2026 11:58:15,21.72,509.3,546.9,0.26,331.02,,,,,
233,05/12/2026 11:58:20,21.72,509.2,546.9,0.26,331.01,,,,,
234,05/12/2026 11:58:25,21.72,509.3,547.0,0.26,331.07,,,,,
235,05/12/2026 11:58:30,21.72,509.3,547.0,0.26,331.04,,,,,
236,05/12/2026 11:58:35,21.71,509.4,547.2,0.26,331.09,,,,,
237,05/12/2026 11:58:40,21.71,509.3,547.1,0.26,331.05,,,,,
238,05/12/2026 11:58:45,21.71,509.3,547.1,0.26,331.07,,,,,
239,05/12/2026 11:58:50,21.71,509.4,547.2,0.26,331.11,,,,,
240,05/12/2026 11:58:55,21.71,509.5,547.3,0.26,331.19,,,,,
241,05/12/2026 11:59:00,21.71,509.4,547.2,0.26,331.14,,,,,
242,05/12/2026 11:59:05,21.71,509.4,547.2,0.26,331.12,,,,,
243,05/12/2026 11:59:10,21.71,509.6,547.4,0.26,331.21,,,,,
244,05/12/2026 11:59:15,21.71,509.4,547.2,0.26,331.13,,,,,
245,05/12/2026 11:59:20,21.71,509.4,547.2,0.26,331.10,,,,,
246,05/12/2026 11:59:25,21.71,509.4,547.2,0.26,331.12,,,,,
247,05/12/2026 11:59:30,21.71,509.4,547.3,0.26,331.14,,,,,
248,05/12/2026 11:59:35,21.71,509.5,547.2,0.26,331.15,,,,,
249,05/12/2026 11:59:40,21.71,509.5,547.3,0.26,331.18,,,,,
250,05/12/2026 11:59:45,21.71,509.5,547.3,0.26,331.15,,,,,
251,05/12/2026 11:59:50,21.71,509.3,547.2,0.26,331.07,,,,,
252,05/12/2026 11:59:55,21.71,509.4,547.2,0.26,331.09,,,,,
253,05/12/2026 12:00:00,21.71,509.3,547.1,0.26,331.04,,,,,
254,05/12/2026 12:00:05,21.71,509.3,547.1,0.26,331.03,,,,,
255,05/12/2026 12:00:10,21.71,509.3,547.1,0.26,331.02,,,,,
256,05/12/2026 12:00:15,21.70,509.4,547.3,0.26,331.08,,,,,
257,05/12/2026 12:00:20,21.70,509.3,547.2,0.26,331.07,,,,,
258,05/12/2026 12:00:25,21.70,509.3,547.2,0.26,331.04,,,,,
259,05/12/2026 12:00:30,21.70,509.4,547.3,0.26,331.09,,,,,
260,05/12/2026 12:00:35,21.70,509.3,547.3,0.26,331.06,,,,,
261,05/12/2026 12:00:40,21.70,509.3,547.3,0.26,331.04,,,,,
262,05/12/2026 12:00:45,21.69,509.3,547.3,0.26,331.05,,,,,
263,05/12/2026 12:00:50,21.69,509.4,547.4,0.26,331.11,,,,,
264,05/12/2026 12:00:55,21.70,509.3,547.3,0.26,331.07,,,,,
265,05/12/2026 12:01:00,21.69,509.3,547.3,0.26,331.06,,,,,
266,05/12/2026 12:01:05,21.69,509.2,547.2,0.26,330.98,,,,,
267,05/12/2026 12:01:10,21.69,509.5,547.5,0.26,331.15,,,,,
268,05/12/2026 12:01:15,21.70,509.4,547.4,0.26,331.12,,,,,
269,05/12/2026 12:01:20,21.70,509.5,547.5,0.26,331.19,,,,,
270,05/12/2026 12:01:25,21.70,509.4,547.4,0.26,331.12,,,,,
271,05/12/2026 12:01:30,21.70,509.6,547.5,0.26,331.21,,,,,
272,05/12/2026 12:01:35,21.70,509.6,547.6,0.26,331.25,,,,,
273,05/12/2026 12:01:40,21.70,509.6,547.6,0.26,331.26,,,,,
274,05/12/2026 12:01:45,21.70,509.6,547.5,0.26,331.21,,,,,
275,05/12/2026 12:01:50,21.70,509.5,547.4,0.26,331.17,,,,,
276,05/12/2026 12:01:55,21.70,509.6,547.5,0.26,331.22,,,,,
277,05/12/2026 12:02:00,21.70,509.4,547.3,0.26,331.14,,,,,
278,05/12/2026 12:02:05,21.71,509.5,547.4,0.26,331.20,,,,,
279,05/12/2026 12:02:10,21.71,509.5,547.4,0.26,331.16,,,,,
280,05/12/2026 12:02:15,21.71,509.5,547.4,0.26,331.21,,,,,
281,05/12/2026 12:02:20,21.71,509.6,547.5,0.26,331.25,,,,,
282,05/12/2026 12:02:25,21.71,509.6,547.4,0.26,331.21,,,,,
283,05/12/2026 12:02:30,21.71,509.5,547.4,0.26,331.20,,,,,
284,05/12/2026 12:02:35,21.71,509.5,547.4,0.26,331.20,,,,,
285,05/12/2026 12:02:40,21.71,509.6,547.4,0.26,331.21,,,,,
286,05/12/2026 12:02:45,21.70,509.6,547.5,0.26,331.25,,,,,
287,05/12/2026 12:02:50,21.71,509.6,547.4,0.26,331.22,,,,,
288,05/12/2026 12:02:55,21.71,509.6,547.5,0.26,331.23,,,,,
289,05/12/2026 12:03:00,21.71,509.6,547.5,0.26,331.22,,,,,
290,05/12/2026 12:03:05,21.71,509.7,547.5,0.26,331.29,,,,,
291,05/12/2026 12:03:10,21.71,509.7,547.5,0.26,331.29,,,,,
292,05/12/2026 12:03:15,21.71,509.6,547.4,0.26,331.24,,,,,
293,05/12/2026 12:03:20,21.71,509.6,547.4,0.26,331.24,,,,,
294,05/12/2026 12:03:25,21.71,509.7,547.5,0.26,331.29,,,,,
295,05/12/2026 12:03:30,21.71,509.7,547.5,0.26,331.32,,,,,
296,05/12/2026 12:03:35,21.71,509.6,547.4,0.26,331.26,,,,,
297,05/12/2026 12:03:40,21.71,509.6,547.4,0.26,331.25,,,,,
298,05/12/2026 12:03:45,21.71,509.7,547.5,0.26,331.30,,,,,
299,05/12/2026 12:03:50,21.71,509.7,547.5,0.26,331.31,,,,,
300,05/12/2026 12:03:55,21.72,509.6,547.4,0.26,331.27,,,,,
301,05/12/2026 12:04:00,21.72,509.8,547.5,0.26,331.35,,,,,
302,05/12/2026 12:04:05,21.72,509.6,547.4,0.26,331.27,,,,,
303,05/12/2026 12:04:10,21.72,509.8,547.5,0.26,331.37,,,,,
304,05/12/2026 12:04:15,21.72,509.7,547.5,0.26,331.34,,,,,
305,05/12/2026 12:04:20,21.72,509.7,547.4,0.26,331.33,,,,,
306,05/12/2026 12:04:25,21.72,509.8,547.4,0.26,331.35,,,,,
307,05/12/2026 12:04:30,21.72,509.8,547.5,0.26,331.36,,,,,
308,05/12/2026 12:04:35,21.73,509.7,547.4,0.26,331.33,,,,,
309,05/12/2026 12:04:40,21.73,509.8,547.4,0.26,331.36,,,,,
310,05/12/2026 12:04:45,21.73,509.8,547.4,0.26,331.35,,,,,
311,05/12/2026 12:04:50,21.73,509.8,547.4,0.26,331.36,,,,,
312,05/12/2026 12:04:55,21.73,509.7,547.3,0.26,331.31,,,,,
313,05/12/2026 12:05:00,21.73,509.6,547.2,0.26,331.26,,,,,
314,05/12/2026 12:05:05,21.73,509.8,547.4,0.26,331.35,,,,,
315,05/12/2026 12:05:10,21.73,509.7,547.3,0.26,331.31,,,,,
316,05/12/2026 12:05:15,21.73,509.8,547.4,0.26,331.35,,,,,
317,05/12/2026 12:05:20,21.73,509.8,547.4,0.26,331.36,,,,,
318,05/12/2026 12:05:25,21.73,509.8,547.4,0.26,331.35,,,,,
319,05/12/2026 12:05:30,21.73,509.8,547.4,0.26,331.35,,,,,
320,05/12/2026 12:05:35,21.73,509.8,547.4,0.26,331.35,,,,,
321,05/12/2026 12:05:40,21.73,509.8,547.3,0.26,331.34,,,,,
322,05/12/2026 12:05:45,21.73,509.8,547.3,0.26,331.34,,,,,
323,05/12/2026 12:05:50,21.73,509.8,547.4,0.26,331.38,,,,,
324,05/12/2026 12:05:55,21.73,509.7,547.3,0.26,331.33,,,,,
325,05/12/2026 12:06:00,21.73,509.9,547.5,0.26,331.43,,,,,
326,05/12/2026 12:06:05,21.73,509.8,547.4,0.26,331.36,,,,,
327,05/12/2026 12:06:10,21.73,509.8,547.4,0.26,331.35,,,,,
328,05/12/2026 12:06:15,21.73,509.7,547.3,0.26,331.33,,,,,
329,05/12/2026 12:06:20,21.73,509.7,547.3,0.26,331.31,,,,,
330,05/12/2026 12:06:25,21.73,509.9,547.4,0.26,331.41,,,,,
331,05/12/2026 12:06:30,21.73,509.9,547.5,0.26,331.40,,,,,
332,05/12/2026 12:06:35,21.73,509.9,547.5,0.26,331.42,,,,,
333,05/12/2026 12:06:40,21.73,509.9,547.5,0.26,331.43,,,,,
334,05/12/2026 12:06:45,21.73,509.8,547.4,0.26,331.38,,,,,
335,05/12/2026 12:06:50,21.73,509.9,547.5,0.26,331.43,,,,,
336,05/12/2026 12:06:55,21.73,509.9,547.5,0.26,331.43,,,,,
337,05/12/2026 12:07:00,21.73,509.9,547.5,0.26,331.41,,,,,
338,05/12/2026 12:07:05,21.73,510.0,547.6,0.26,331.50,,,,,
339,05/12/2026 12:07:10,21.73,510.0,547.5,0.26,331.48,,,,,
340,05/12/2026 12:07:15,21.73,510.0,547.6,0.26,331.49,,,,,
341,05/12/2026 12:07:20,21.73,510.0,547.5,0.26,331.48,,,,,
342,05/12/2026 12:07:25,21.73,510.0,547.6,0.26,331.51,,,,,
343,05/12/2026 12:07:30,21.74,510.1,547.7,0.26,331.57,,,,,
344,05/12/2026 12:07:35,21.74,510.2,547.7,0.26,331.60,,,,,
345,05/12/2026 12:07:40,21.74,510.3,547.8,0.26,331.70,,,,,
346,05/12/2026 12:07:45,21.74,511.2,548.8,0.26,332.31,,,,,
347,05/12/2026 12:07:50,21.74,513.3,551.1,0.27,333.67,,,,,
348,05/12/2026 12:07:55,21.74,518.1,556.2,0.27,336.79,,,,,
349,05/12/2026 12:08:00,21.75,529.0,567.8,0.27,343.87,,,,,
350,05/12/2026 12:08:05,21.75,544.8,584.6,0.28,354.10,,,,,
351,05/12/2026 12:08:10,21.75,562.3,603.5,0.29,365.52,,,,,
352,05/12/2026 12:08:15,21.76,573.1,615.0,0.30,372.50,,,,,
353,05/12/2026 12:08:20,21.76,580.7,623.2,0.30,377.48,,,,,
354,05/12/2026 12:08:25,21.77,582.7,625.2,0.30,378.77,,,,,
355,05/12/2026 12:08:30,21.77,581.4,623.7,0.30,377.88,,,,,
356,05/12/2026 12:08:35,21.77,572.3,613.9,0.30,371.98,,,,,
357,05/12/2026 12:08:40,21.77,558.7,599.3,0.29,363.13,,,,,
358,05/12/2026 12:08:45,21.78,553.3,593.5,0.29,359.66,,,,,
359,05/12/2026 12:08:50,21.79,549.2,589.0,0.28,357.01,,,,,
360,05/12/2026 12:08:55,21.79,546.7,586.2,0.28,355.36,,,,,
361,05/12/2026 12:09:00,21.80,546.1,585.3,0.28,354.94,,,,,
362,05/12/2026 12:09:05,21.81,543.0,582.0,0.28,352.94,,,,,
363,05/12/2026 12:09:10,21.81,540.7,579.5,0.28,351.46,,,,,
364,05/12/2026 12:09:15,21.81,537.3,575.9,0.28,349.28,,,,,
365,05/12/2026 12:09:20,21.81,533.0,571.2,0.28,346.43,,,,,
366,05/12/2026 12:09:25,21.81,529.3,567.3,0.27,344.05,,,,,
367,05/12/2026 12:09:30,21.81,526.8,564.6,0.27,342.40,,,,,
368,05/12/2026 12:09:35,21.81,525.4,563.2,0.27,341.53,,,,,
369,05/12/2026 12:09:40,21.81,523.3,560.9,0.27,340.12,,,,,
370,05/12/2026 12:09:45,21.80,522.1,559.7,0.27,339.37,,,,,
371,05/12/2026 12:09:50,21.80,520.1,557.6,0.27,338.07,,,,,
372,05/12/2026 12:09:55,21.79,518.4,555.8,0.27,336.94,,,,,
373,05/12/2026 12:10:00,21.79,518.0,555.4,0.27,336.69,,,,,
374,05/12/2026 12:10:05,21.79,517.8,555.3,0.27,336.60,,,,,
375,05/12/2026 12:10:10,21.79,517.6,555.1,0.27,336.44,,,,,
376,05/12/2026 12:10:15,21.78,517.0,554.5,0.27,336.07,,,,,
377,05/12/2026 12:10:20,21.78,516.0,553.4,0.27,335.37,,,,,
378,05/12/2026 12:10:25,21.78,515.3,552.7,0.27,334.96,,,,,
379,05/12/2026 12:10:30,21.77,514.4,551.8,0.27,334.37,,,,,
380,05/12/2026 12:10:35,21.77,514.2,551.6,0.27,334.23,,,,,
381,05/12/2026 12:10:40,21.77,513.6,551.0,0.27,333.85,,,,,
382,05/12/2026 12:10:45,21.77,513.1,550.5,0.27,333.52,,,,,
383,05/12/2026 12:10:50,21.77,513.0,550.3,0.27,333.44,,,,,
384,05/12/2026 12:10:55,21.77,512.8,550.1,0.27,333.32,,,,,
385,05/12/2026 12:11:00,21.77,512.5,549.8,0.27,333.14,,,,,
386,05/12/2026 12:11:05,21.77,512.6,549.8,0.27,333.16,,,,,
387,05/12/2026 12:11:10,21.77,512.3,549.6,0.27,333.02,,,,,
388,05/12/2026 12:11:15,21.77,512.5,549.7,0.27,333.10,,,,,
389,05/12/2026 12:11:20,21.78,512.2,549.4,0.27,332.93,,,,,
390,05/12/2026 12:11:25,21.78,512.0,549.2,0.27,332.81,,,,,
391,05/12/2026 12:11:30,21.78,512.0,549.1,0.27,332.78,,,,,
392,05/12/2026 12:11:35,21.79,512.0,549.0,0.27,332.78,,,,,
393,05/12/2026 12:11:40,21.79,511.6,548.7,0.26,332.57,,,,,
394,05/12/2026 12:11:45,21.79,511.7,548.7,0.26,332.58,,,,,
395,05/12/2026 12:11:50,21.79,511.7,548.7,0.26,332.59,,,,,
396,05/12/2026 12:11:55,21.79,511.4,548.4,0.26,332.41,,,,,
397,05/12/2026 12:12:00,21.79,511.4,548.3,0.26,332.38,,,,,
398,05/12/2026 12:12:05,21.79,511.2,548.1,0.26,332.26,,,,,
399,05/12/2026 12:12:10,21.79,511.3,548.2,0.26,332.35,,,,,
400,05/12/2026 12:12:15,21.79,511.2,548.1,0.26,332.30,,,,,
401,05/12/2026 12:12:20,21.79,511.2,548.1,0.26,332.29,,,,,
402,05/12/2026 12:12:25,21.79,511.2,548.1,0.26,332.29,,,,,
403,05/12/2026 12:12:30,21.79,511.2,548.1,0.26,332.28,,,,,
404,05/12/2026 12:12:35,21.79,511.2,548.1,0.26,332.26,,,,,
405,05/12/2026 12:12:40,21.79,511.1,548.0,0.26,332.24,,,,,
406,05/12/2026 12:12:45,21.79,511.1,547.9,0.26,332.19,,,,,
407,05/12/2026 12:12:50,21.79,511.0,547.9,0.26,332.14,,,,,
408,05/12/2026 12:12:55,21.79,510.9,547.8,0.26,332.11,,,,,
409,05/12/2026 12:13:00,21.79,511.0,547.9,0.26,332.13,,,,,
410,05/12/2026 12:13:05,21.79,510.9,547.8,0.26,332.10,,,,,
411,05/12/2026 12:13:10,21.79,510.9,547.8,0.26,332.09,,,,,
412,05/12/2026 12:13:15,21.79,510.9,547.8,0.26,332.07,,,,,
413,05/12/2026 12:13:20,21.79,510.9,547.8,0.26,332.06,,,,,
414,05/12/2026 12:13:25,21.79,510.9,547.8,0.26,332.06,,,,,
415,05/12/2026 12:13:30,21.79,510.8,547.8,0.26,332.03,,,,,
416,05/12/2026 12:13:35,21.79,510.8,547.8,0.26,332.04,,,,,
417,05/12/2026 12:13:40,21.79,510.9,547.8,0.26,332.08,,,,,
418,05/12/2026 12:13:45,21.79,510.9,547.9,0.26,332.10,,,,,
419,05/12/2026 12:13:50,21.79,510.9,547.8,0.26,332.07,,,,,
420,05/12/2026 12:13:55,21.79,510.9,547.9,0.26,332.09,,,,,
421,05/12/2026 12:14:00,21.79,510.9,547.9,0.26,332.11,,,,,
422,05/12/2026 12:14:05,21.79,511.0,547.9,0.26,332.12,,,,,
423,05/12/2026 12:14:10,21.79,510.9,547.8,0.26,332.07,,,,,
424,05/12/2026 12:14:15,21.79,510.9,547.8,0.26,332.09,,,,,
425,05/12/2026 12:14:20,21.79,510.8,547.7,0.26,332.02,,,,,
426,05/12/2026 12:14:25,21.79,510.8,547.7,0.26,332.05,,,,,
427,05/12/2026 12:14:30,21.79,510.9,547.8,0.26,332.08,,,,,
428,05/12/2026 12:14:35,21.80,510.9,547.7,0.26,332.06,,,,,
429,05/12/2026 12:14:40,21.80,510.9,547.8,0.26,332.10,,,,,
430,05/12/2026 12:14:45,21.80,511.0,547.8,0.26,332.12,,,,,
431,05/12/2026 12:14:50,21.80,510.9,547.7,0.26,332.07,,,,,
432,05/12/2026 12:14:55,21.80,511.0,547.8,0.26,332.17,,,,,
433,05/12/2026 12:15:00,21.80,511.0,547.8,0.26,332.14,,,,,
434,05/12/2026 12:15:05,21.80,511.0,547.8,0.26,332.16,,,,,
435,05/12/2026 12:15:10,21.80,511.0,547.7,0.26,332.12,,,,,
436,05/12/2026 12:15:15,21.80,510.9,547.7,0.26,332.11,,,,,
437,05/12/2026 12:15:20,21.81,511.0,547.7,0.26,332.14,,,,,
438,05/12/2026 12:15:25,21.81,511.0,547.8,0.26,332.16,,,,,
439,05/12/2026 12:15:30,21.81,511.1,547.8,0.26,332.20,,,,,
440,05/12/2026 12:15:35,21.81,511.1,547.8,0.26,332.18,,,,,
441,05/12/2026 12:15:40,21.81,511.1,547.8,0.26,332.19,,,,,
442,05/12/2026 12:15:45,21.81,511.2,547.9,0.26,332.25,,,,,
443,05/12/2026 12:15:50,21.81,511.1,547.7,0.26,332.20,,,,,
444,05/12/2026 12:15:55,21.81,511.1,547.7,0.26,332.20,,,,,
445,05/12/2026 12:16:00,21.81,511.1,547.7,0.26,332.19,,,,,
446,05/12/2026 12:16:05,21.82,511.1,547.7,0.26,332.19,,,,,
447,05/12/2026 12:16:10,21.82,511.0,547.7,0.26,332.17,,,,,
448,05/12/2026 12:16:15,21.81,511.2,547.8,0.26,332.25,,,,,
449,05/12/2026 12:16:20,21.82,511.1,547.7,0.26,332.21,,,,,
450,05/12/2026 12:16:25,21.82,511.1,547.7,0.26,332.23,,,,,
451,05/12/2026 12:16:30,21.82,511.2,547.8,0.26,332.28,,,,,
452,05/12/2026 12:16:35,21.82,511.2,547.8,0.26,332.29,,,,,
453,05/12/2026 12:16:40,21.82,511.2,547.8,0.26,332.27,,,,,
454,05/12/2026 12:16:45,21.82,511.3,547.9,0.26,332.34,,,,,
455,05/12/2026 12:16:50,21.82,511.3,547.9,0.26,332.38,,,,,
456,05/12/2026 12:16:55,21.82,511.3,547.9,0.26,332.37,,,,,
457,05/12/2026 12:17:00,21.82,511.3,547.8,0.26,332.31,,,,,
458,05/12/2026 12:17:05,21.83,511.2,547.7,0.26,332.28,,,,,
459,05/12/2026 12:17:10,21.83,511.2,547.7,0.26,332.28,,,,,
460,05/12/2026 12:17:15,21.83,511.2,547.7,0.26,332.30,,,,,
461,05/12/2026 12:17:20,21.83,511.3,547.8,0.26,332.37,,,,,
462,05/12/2026 12:17:25,21.83,511.4,547.8,0.26,332.39,,,,,
463,05/12/2026 12:17:30,21.83,511.3,547.7,0.26,332.36,,,,,
464,05/12/2026 12:17:35,21.83,511.3,547.8,0.26,332.37,,,,,
465,05/12/2026 12:17:40,21.83,511.4,547.9,0.26,332.43,,,,,
466,05/12/2026 12:17:45,21.84,511.4,547.8,0.26,332.41,,,,,
467,05/12/2026 12:17:50,21.84,511.4,547.8,0.26,332.43,,,,,
468,05/12/2026 12:17:55,21.84,511.3,547.7,0.26,332.36,,,,,
469,05/12/2026 12:18:00,21.84,511.3,547.7,0.26,332.37,,,,,
470,05/12/2026 12:18:05,21.84,511.3,547.7,0.26,332.38,,,,,
471,05/12/2026 12:18:10,21.84,511.4,547.7,0.26,332.40,,,,,
472,05/12/2026 12:18:15,21.84,511.4,547.8,0.26,332.41,,,,,
473,05/12/2026 12:18:20,21.84,511.4,547.8,0.26,332.42,,,,,
474,05/12/2026 12:18:25,21.84,511.6,547.9,0.26,332.54,,,,,
475,05/12/2026 12:18:30,21.84,511.5,547.8,0.26,332.46,,,,,
476,05/12/2026 12:18:35,21.85,511.5,547.8,0.26,332.49,,,,,
477,05/12/2026 12:18:40,21.85,511.6,547.8,0.26,332.52,,,,,
478,05/12/2026 12:18:45,21.85,511.7,548.0,0.26,332.60,,,,,
479,05/12/2026 12:18:50,21.85,511.6,547.8,0.26,332.53,,,,,
480,05/12/2026 12:18:55,21.85,511.6,547.8,0.26,332.56,,,,,
481,05/12/2026 12:19:00,21.86,511.8,547.9,0.26,332.65,,,,,
482,05/12/2026 12:19:05,21.86,511.6,547.8,0.26,332.55,,,,,
483,05/12/2026 12:19:10,21.86,511.5,547.6,0.26,332.49,,,,,
484,05/12/2026 12:19:15,21.86,511.5,547.6,0.26,332.45,,,,,
485,05/12/2026 12:19:20,21.86,511.5,547.5,0.26,332.46,,,,,
486,05/12/2026 12:19:25,21.86,511.7,547.7,0.26,332.58,,,,,
487,05/12/2026 12:19:30,21.86,511.6,547.6,0.26,332.52,,,,,
488,05/12/2026 12:19:35,21.86,511.7,547.8,0.26,332.60,,,,,
489,05/12/2026 12:19:40,21.86,511.6,547.7,0.26,332.55,,,,,
490,05/12/2026 12:19:45,21.87,511.7,547.7,0.26,332.58,,,,,
491,05/12/2026 12:19:50,21.87,511.6,547.7,0.26,332.56,,,,,
492,05/12/2026 12:19:55,21.87,511.7,547.8,0.26,332.61,,,,,
493,05/12/2026 12:20:00,21.87,511.6,547.6,0.26,332.57,,,,,
494,05/12/2026 12:20:05,21.87,511.7,547.7,0.26,332.60,,,,,
495,05/12/2026 12:20:10,21.87,511.8,547.8,0.26,332.68,,,,,
496,05/12/2026 12:20:15,21.87,511.8,547.8,0.26,332.66,,,,,
497,05/12/2026 12:20:20,21.87,511.6,547.6,0.26,332.55,,,,,
498,05/12/2026 12:20:25,21.88,511.7,547.6,0.26,332.61,,,,,
499,05/12/2026 12:20:30,21.88,511.7,547.7,0.26,332.62,,,,,
500,05/12/2026 12:20:35,21.88,511.7,547.6,0.26,332.60,,,,,
501,05/12/2026 12:20:40,21.88,511.7,547.6,0.26,332.59,,,,,
502,05/12/2026 12:20:45,21.88,511.8,547.7,0.26,332.69,,,,,
503,05/12/2026 12:20:50,21.88,511.8,547.7,0.26,332.69,,,,,
504,05/12/2026 12:20:55,21.88,511.8,547.7,0.26,332.65,,,,,
505,05/12/2026 12:21:00,21.88,511.8,547.6,0.26,332.66,,,,,
506,05/12/2026 12:21:05,21.88,511.8,547.7,0.26,332.67,,,,,
507,05/12/2026 12:21:10,21.88,511.8,547.6,0.26,332.64,,,,,
508,05/12/2026 12:21:15,21.88,511.9,547.8,0.26,332.73,,,,,
509,05/12/2026 12:21:20,21.88,511.7,547.6,0.26,332.60,,,,,
510,05/12/2026 12:21:25,21.88,511.8,547.6,0.26,332.66,,,,,
511,05/12/2026 12:21:30,21.89,511.8,547.6,0.26,332.66,,,,,
512,05/12/2026 12:21:35,21.89,511.9,547.7,0.26,332.73,,,,,
513,05/12/2026 12:21:40,21.89,511.7,547.5,0.26,332.63,,,,,
514,05/12/2026 12:21:45,21.89,511.9,547.7,0.26,332.74,,,,,
515,05/12/2026 12:21:50,21.89,512.0,547.7,0.26,332.78,,,,,
516,05/12/2026 12:21:55,21.89,511.9,547.7,0.26,332.76,,,,,
517,05/12/2026 12:22:00,21.89,511.9,547.7,0.26,332.76,,,,,
518,05/12/2026 12:22:05,21.89,512.0,547.8,0.26,332.80,,,,,
519,05/12/2026 12:22:10,21.89,512.0,547.8,0.26,332.82,,,,,
520,05/12/2026 12:22:15,21.89,512.0,547.7,0.26,332.79,,,,,
521,05/12/2026 12:22:20,21.90,511.9,547.6,0.26,332.74,,,,,
522,05/12/2026 12:22:25,21.90,512.0,547.7,0.26,332.80,,,,,
523,05/12/2026 12:22:30,21.90,512.1,547.8,0.26,332.87,,,,,
524,05/12/2026 12:22:35,21.90,512.1,547.8,0.26,332.85,,,,,
525,05/12/2026 12:22:40,21.90,512.1,547.8,0.26,332.84,,,,,
526,05/12/2026 12:22:45,21.90,512.1,547.8,0.26,332.89,,,,,
527,05/12/2026 12:22:50,21.90,512.2,547.9,0.26,332.92,,,,,
528,05/12/2026 12:22:55,21.90,512.2,547.8,0.26,332.92,,,,,
529,05/12/2026 12:23:00,21.90,512.2,547.8,0.26,332.94,,,,,
530,05/12/2026 12:23:05,21.91,512.2,547.8,0.26,332.94,,,,,
531,05/12/2026 12:23:10,21.91,512.3,547.9,0.26,333.00,,,,,
532,05/12/2026 12:23:15,21.91,512.3,547.9,0.26,333.00,,,,,
533,05/12/2026 12:23:20,21.91,512.3,547.9,0.26,333.02,,,,,
534,05/12/2026 12:23:25,21.91,512.3,547.8,0.26,332.99,,,,,
535,05/12/2026 12:23:30,21.91,512.2,547.7,0.26,332.93,,,,,
536,05/12/2026 12:23:35,21.91,512.2,547.8,0.26,332.95,,,,,
537,05/12/2026 12:23:40,21.91,512.3,547.8,0.26,332.99,,,,,
538,05/12/2026 12:23:45,21.92,512.3,547.8,0.26,333.02,,,,,
539,05/12/2026 12:23:50,21.92,512.3,547.8,0.26,333.02,,,,,
540,05/12/2026 12:23:55,21.92,512.2,547.6,0.26,332.95,,,,,
541,05/12/2026 12:24:00,21.92,512.4,547.8,0.26,333.03,,,,,
542,05/12/2026 12:24:05,21.92,512.4,547.8,0.26,333.05,,,,,
543,05/12/2026 12:24:10,21.92,512.4,547.8,0.26,333.05,,,,,
544,05/12/2026 12:24:15,21.92,512.5,547.9,0.26,333.14,,,,,
545,05/12/2026 12:24:20,21.93,512.5,547.9,0.26,333.12,,,,,
546,05/12/2026 12:24:25,21.93,512.5,547.9,0.26,333.13,,,,,
547,05/12/2026 12:24:30,21.93,512.6,548.0,0.26,333.18,,,,,
548,05/12/2026 12:24:35,21.93,512.5,547.8,0.26,333.10,,,,,
549,05/12/2026 12:24:40,21.93,512.5,547.8,0.26,333.10,,,,,
550,05/12/2026 12:24:45,21.93,512.6,547.9,0.26,333.17,,,,,
551,05/12/2026 12:24:50,21.93,512.6,547.9,0.26,333.17,,,,,
552,05/12/2026 12:24:55,21.93,512.5,547.9,0.26,333.15,,,,,
553,05/12/2026 12:25:00,21.93,512.5,547.8,0.26,333.15,,,,,
554,05/12/2026 12:25:05,21.93,512.5,547.8,0.26,333.12,,,,,
555,05/12/2026 12:25:10,21.93,512.6,547.9,0.26,333.21,,,,,
556,05/12/2026 12:25:15,21.93,512.6,547.9,0.26,333.20,,,,,
557,05/12/2026 12:25:20,21.93,512.6,547.9,0.26,333.19,,,,,
558,05/12/2026 12:25:25,21.93,512.6,547.9,0.26,333.21,,,,,
559,05/12/2026 12:25:30,21.94,512.7,548.0,0.26,333.28,,,,,
560,05/12/2026 12:25:35,21.94,512.6,547.9,0.26,333.22,,,,,
561,05/12/2026 12:25:40,21.94,512.7,548.0,0.26,333.27,,,,,
562,05/12/2026 12:25:45,21.94,512.7,547.9,0.26,333.25,,,,,
563,05/12/2026 12:25:50,21.94,512.9,548.1,0.26,333.36,,,,,
564,05/12/2026 12:25:55,21.94,512.8,548.0,0.26,333.33,,,,,
565,05/12/2026 12:26:00,21.94,512.8,547.9,0.26,333.29,,,,,
566,05/12/2026 12:26:05,21.94,512.8,547.9,0.26,333.29,,,,,
567,05/12/2026 12:26:10,21.94,512.7,547.8,0.26,333.23,,,,,
568,05/12/2026 12:26:15,21.95,512.8,547.9,0.26,333.33,,,,,
569,05/12/2026 12:26:20,21.95,512.8,547.8,0.26,333.29,,,,,
570,05/12/2026 12:26:25,21.95,512.9,548.0,0.26,333.40,,,,,
571,05/12/2026 12:26:30,21.95,512.9,548.0,0.26,333.39,,,,,
572,05/12/2026 12:26:35,21.96,513.0,548.0,0.26,333.44,,,,,
573,05/12/2026 12:26:40,21.96,513.0,548.0,0.26,333.42,,,,,
574,05/12/2026 12:26:45,21.96,513.0,547.9,0.26,333.42,,,,,
575,05/12/2026 12:26:50,21.96,513.0,548.0,0.26,333.46,,,,,
576,05/12/2026 12:26:55,21.97,513.0,547.9,0.26,333.43,,,,,
577,05/12/2026 12:27:00,21.97,513.0,547.9,0.26,333.47,,,,,
578,05/12/2026 12:27:05,21.97,513.0,547.9,0.26,333.48,,,,,
579,05/12/2026 12:27:10,21.97,513.0,547.9,0.26,333.48,,,,,
580,05/12/2026 12:27:15,21.97,513.1,547.9,0.26,333.50,,,,,
581,05/12/2026 12:27:20,21.97,513.1,547.9,0.26,333.49,,,,,
582,05/12/2026 12:27:25,21.97,513.1,547.9,0.26,333.49,,,,,
583,05/12/2026 12:27:30,21.98,513.1,547.8,0.26,333.50,,,,,
584,05/12/2026 12:27:35,21.98,513.0,547.8,0.26,333.44,,,,,
585,05/12/2026 12:27:40,21.98,513.0,547.7,0.26,333.42,,,,,
586,05/12/2026 12:27:45,21.98,513.0,547.7,0.26,333.43,,,,,
587,05/12/2026 12:27:50,21.98,512.9,547.7,0.26,333.40,,,,,
588,05/12/2026 12:27:55,21.98,513.2,547.9,0.26,333.55,,,,,
589,05/12/2026 12:28:00,21.98,513.0,547.8,0.26,333.44,,,,,
590,05/12/2026 12:28:05,21.98,513.1,547.9,0.26,333.54,,,,,
591,05/12/2026 12:28:10,21.97,513.1,547.9,0.26,333.50,,,,,
592,05/12/2026 12:28:15,21.97,513.1,547.9,0.26,333.51,,,,,
593,05/12/2026 12:28:20,21.97,512.9,547.7,0.26,333.40,,,,,
594,05/12/2026 12:28:25,21.97,513.0,547.8,0.26,333.46,,,,,
595,05/12/2026 12:28:30,21.97,513.1,548.0,0.26,333.54,,,,,
596,05/12/2026 12:28:35,21.97,513.1,547.9,0.26,333.53,,,,,
597,05/12/2026 12:28:40,21.98,513.0,547.8,0.26,333.46,,,,,
598,05/12/2026 12:28:45,21.98,513.1,547.8,0.26,333.49,,,,,
599,05/12/2026 12:28:50,21.98,513.1,547.9,0.26,333.53,,,,,
600,05/12/2026 12:28:55,21.98,513.1,547.9,0.26,333.51,,,,,
601,05/12/2026 12:29:00,21.98,513.1,547.8,0.26,333.49,,,,,
602,05/12/2026 12:29:05,21.98,513.0,547.8,0.26,333.47,,,,,
603,05/12/2026 12:29:10,21.98,513.1,547.8,0.26,333.49,,,,,
604,05/12/2026 12:29:15,21.98,513.0,547.8,0.26,333.48,,,,,
605,05/12/2026 12:29:20,21.98,513.1,547.9,0.26,333.54,,,,,
606,05/12/2026 12:29:25,21.98,513.0,547.7,0.26,333.47,,,,,
607,05/12/2026 12:29:30,21.98,513.2,548.0,0.26,333.61,,,,,
608,05/12/2026 12:29:35,21.98,513.2,547.9,0.26,333.55,,,,,
609,05/12/2026 12:29:40,21.98,513.2,547.9,0.26,333.60,,,,,
610,05/12/2026 12:29:45,21.99,513.2,547.9,0.26,333.59,,,,,
611,05/12/2026 12:29:50,21.99,513.1,547.8,0.26,333.53,,,,,
612,05/12/2026 12:29:55,21.99,513.2,547.8,0.26,333.58,,,,,
613,05/12/2026 12:30:00,21.99,513.3,547.9,0.26,333.66,,,,,
614,05/12/2026 12:30:05,21.99,513.3,547.9,0.26,333.63,,,,,
615,05/12/2026 12:30:10,22.00,513.3,547.9,0.26,333.66,,,,,
616,05/12/2026 12:30:15,22.00,513.3,547.8,0.26,333.63,,,,,
617,05/12/2026 12:30:20,22.00,513.3,547.8,0.26,333.64,,,,,
618,05/12/2026 12:30:25,22.00,513.4,547.9,0.26,333.70,,,,,
619,05/12/2026 12:30:30,22.00,513.4,547.9,0.26,333.71,,,,,
620,05/12/2026 12:30:35,22.00,513.4,547.8,0.26,333.69,,,,,
621,05/12/2026 12:30:40,22.00,513.5,547.9,0.26,333.75,,,,,
622,05/12/2026 12:30:45,22.01,513.4,547.9,0.26,333.73,,,,,
623,05/12/2026 12:30:50,22.01,513.6,548.0,0.26,333.82,,,,,
624,05/12/2026 12:30:55,22.01,513.5,547.9,0.26,333.81,,,,,
625,05/12/2026 12:31:00,22.02,513.6,548.0,0.26,333.85,,,,,
626,05/12/2026 12:31:05,22.02,513.6,547.9,0.26,333.82,,,,,
627,05/12/2026 12:31:10,22.02,513.6,547.9,0.26,333.84,,,,,
628,05/12/2026 12:31:15,22.03,513.6,547.8,0.26,333.85,,,,,
629,05/12/2026 12:31:20,22.03,513.5,547.8,0.26,333.80,,,,,
630,05/12/2026 12:31:25,22.03,513.7,547.9,0.26,333.92,,,,,
631,05/12/2026 12:31:30,22.03,513.7,547.9,0.26,333.93,,,,,
632,05/12/2026 12:31:35,22.03,513.8,548.0,0.26,333.97,,,,,
633,05/12/2026 12:31:40,22.04,513.9,548.0,0.26,334.04,,,,,
634,05/12/2026 12:31:45,22.04,513.8,547.9,0.26,333.97,,,,,
635,05/12/2026 12:31:50,22.04,513.9,548.0,0.26,334.03,,,,,
636,05/12/2026 12:31:55,22.04,513.8,547.8,0.26,333.98,,,,,
637,05/12/2026 12:32:00,22.05,513.9,547.8,0.26,334.01,,,,,
638,05/12/2026 12:32:05,22.05,513.9,547.8,0.26,334.03,,,,,
639,05/12/2026 12:32:10,22.05,513.9,547.8,0.26,334.01,,,,,
640,05/12/2026 12:32:15,22.05,513.9,547.8,0.26,334.04,,,,,
641,05/12/2026 12:32:20,22.05,513.9,547.7,0.26,334.02,,,,,
642,05/12/2026 12:32:25,22.05,514.0,547.8,0.26,334.07,,,,,
643,05/12/2026 12:32:30,22.06,514.0,547.8,0.26,334.09,,,,,
644,05/12/2026 12:32:35,22.06,514.0,547.9,0.26,334.13,,,,,
645,05/12/2026 12:32:40,22.06,514.0,547.7,0.26,334.08,,,,,
646,05/12/2026 12:32:45,22.06,514.0,547.8,0.26,334.08,,,,,
647,05/12/2026 12:32:50,22.07,513.9,547.7,0.26,334.06,,,,,
648,05/12/2026 12:32:55,22.06,514.0,547.7,0.26,334.08,,,,,
649,05/12/2026 12:33:00,22.07,514.0,547.8,0.26,334.11,,,,,
650,05/12/2026 12:33:05,22.07,514.0,547.7,0.26,334.07,,,,,
651,05/12/2026 12:33:10,22.07,514.0,547.8,0.26,334.12,,,,,
652,05/12/2026 12:33:15,22.07,514.1,547.8,0.26,334.15,,,,,
653,05/12/2026 12:33:20,22.07,514.0,547.7,0.26,334.08,,,,,
654,05/12/2026 12:33:25,22.07,514.1,547.8,0.26,334.13,,,,,
655,05/12/2026 12:33:30,22.07,514.1,547.8,0.26,334.14,,,,,
656,05/12/2026 12:33:35,22.07,514.0,547.8,0.26,334.13,,,,,
657,05/12/2026 12:33:40,22.07,514.2,547.9,0.26,334.22,,,,,
658,05/12/2026 12:33:45,22.07,514.1,547.8,0.26,334.18,,,,,
659,05/12/2026 12:33:50,22.07,514.2,547.9,0.26,334.26,,,,,
660,05/12/2026 12:33:55,22.07,514.2,547.9,0.26,334.22,,,,,
661,05/12/2026 12:34:00,22.07,514.1,547.7,0.26,334.15,,,,,
662,05/12/2026 12:34:05,22.08,514.3,547.9,0.26,334.27,,,,,
663,05/12/2026 12:34:10,22.08,514.3,547.9,0.26,334.27,,,,,
664,05/12/2026 12:34:15,22.08,514.1,547.8,0.26,334.18,,,,,
665,05/12/2026 12:34:20,22.08,514.0,547.7,0.26,334.13,,,,,
666,05/12/2026 12:34:25,22.08,514.1,547.8,0.26,334.17,,,,,
667,05/12/2026 12:34:30,22.08,514.2,547.8,0.26,334.20,,,,,
668,05/12/2026 12:34:35,22.08,514.1,547.8,0.26,334.20,,,,,
669,05/12/2026 12:34:40,22.08,514.1,547.7,0.26,334.15,,,,,
670,05/12/2026 12:34:45,22.08,514.0,547.6,0.26,334.12,,,,,
671,05/12/2026 12:34:50,22.08,514.1,547.8,0.26,334.19,,,,,
672,05/12/2026 12:34:55,22.07,514.1,547.8,0.26,334.18,,,,,
673,05/12/2026 12:35:00,22.07,514.0,547.7,0.26,334.10,,,,,
674,05/12/2026 12:35:05,22.07,513.9,547.6,0.26,334.04,,,,,
675,05/12/2026 12:35:10,22.07,513.8,547.5,0.26,333.98,,,,,
676,05/12/2026 12:35:15,22.07,513.8,547.5,0.26,333.97,,,,,
677,05/12/2026 12:35:20,22.06,513.8,547.5,0.26,333.94,,,,,
678,05/12/2026 12:35:25,22.06,513.8,547.7,0.26,334.00,,,,,
679,05/12/2026 12:35:30,22.06,513.9,547.7,0.26,334.00,,,,,
680,05/12/2026 12:35:35,22.05,513.9,547.7,0.26,334.01,,,,,
681,05/12/2026 12:35:40,22.05,513.8,547.7,0.26,333.99,,,,,
682,05/12/2026 12:35:45,22.05,513.7,547.7,0.26,333.94,,,,,
683,05/12/2026 12:35:50,22.05,513.9,547.8,0.26,334.01,,,,,
684,05/12/2026 12:35:55,22.05,513.9,547.8,0.26,334.01,,,,,
685,05/12/2026 12:36:00,22.05,513.9,547.9,0.26,334.06,,,,,
686,05/12/2026 12:36:05,22.05,513.9,547.9,0.26,334.06,,,,,
687,05/12/2026 12:36:10,22.05,513.9,547.9,0.26,334.07,,,,,
688,05/12/2026 12:36:15,22.05,514.0,547.9,0.26,334.09,,,,,
689,05/12/2026 12:36:20,22.05,514.0,548.0,0.26,334.10,,,,,
690,05/12/2026 12:36:25,22.05,513.9,547.9,0.26,334.05,,,,,
691,05/12/2026 12:36:30,22.05,513.9,547.8,0.26,334.05,,,,,
692,05/12/2026 12:36:35,22.05,513.9,547.8,0.26,334.03,,,,,
693,05/12/2026 12:36:40,22.05,514.1,548.0,0.26,334.13,,,,,
694,05/12/2026 12:36:45,22.05,514.0,547.9,0.26,334.12,,,,,
695,05/12/2026 12:36:50,22.05,514.1,548.0,0.26,334.16,,,,,
696,05/12/2026 12:36:55,22.05,513.9,547.8,0.26,334.06,,,,,
697,05/12/2026 12:37:00,22.06,514.0,547.9,0.26,334.13,,,,,
698,05/12/2026 12:37:05,22.06,514.2,548.0,0.26,334.21,,,,,
699,05/12/2026 12:37:10,22.06,514.1,547.9,0.26,334.15,,,,,
700,05/12/2026 12:37:15,22.06,514.1,547.9,0.26,334.16,,,,,
701,05/12/2026 12:37:20,22.06,514.2,548.0,0.26,334.21,,,,,
702,05/12/2026 12:37:25,22.06,514.1,547.9,0.26,334.15,,,,,
703,05/12/2026 12:37:30,22.06,514.2,548.0,0.26,334.23,,,,,
704,05/12/2026 12:37:35,22.07,514.3,548.0,0.26,334.27,,,,,
705,05/12/2026 12:37:40,22.07,514.2,548.0,0.26,334.24,,,,,
706,05/12/2026 12:37:45,22.07,514.3,548.1,0.26,334.33,,,,,
707,05/12/2026 12:37:50,22.07,514.2,547.9,0.26,334.21,,,,,
708,05/12/2026 12:37:55,22.07,514.2,547.9,0.26,334.20,,,,,
709,05/12/2026 12:38:00,22.07,514.0,547.8,0.26,334.12,,,,,
710,05/12/2026 12:38:05,22.07,514.1,547.8,0.26,334.15,,,,,
711,05/12/2026 12:38:10,22.06,514.0,547.8,0.26,334.10,,,,,
712,05/12/2026 12:38:15,22.06,514.0,547.8,0.26,334.09,,,,,
713,05/12/2026 12:38:20,22.06,514.1,547.8,0.26,334.14,,,,,
714,05/12/2026 12:38:25,22.06,514.0,547.8,0.26,334.12,,,,,
715,05/12/2026 12:38:30,22.06,514.1,547.9,0.26,334.18,,,,,
716,05/12/2026 12:38:35,22.06,514.1,547.9,0.26,334.18,,,,,
717,05/12/2026 12:38:40,22.06,514.1,547.9,0.26,334.15,,,,,
718,05/12/2026 12:38:45,22.06,514.2,548.0,0.26,334.21,,,,,
719,05/12/2026 12:38:50,22.06,514.2,548.0,0.26,334.21,,,,,
720,05/12/2026 12:38:55,22.06,514.2,548.0,0.26,334.22,,,,,
721,05/12/2026 12:39:00,22.06,514.2,548.1,0.26,334.25,,,,,
722,05/12/2026 12:39:05,22.06,514.3,548.1,0.26,334.27,,,,,
723,05/12/2026 12:39:10,22.06,514.4,548.2,0.26,334.34,,,,,
724,05/12/2026 12:39:15,22.06,514.3,548.1,0.26,334.29,,,,,
725,05/12/2026 12:39:20,22.07,514.4,548.1,0.26,334.33,,,,,
726,05/12/2026 12:39:25,22.07,514.3,548.0,0.26,334.28,,,,,
727,05/12/2026 12:39:30,22.07,514.3,548.0,0.26,334.32,,,,,
728,05/12/2026 12:39:35,22.07,514.2,547.9,0.26,334.22,,,,,
729,05/12/2026 12:39:40,22.07,514.4,548.1,0.26,334.34,,,,,
730,05/12/2026 12:39:45,22.08,514.3,547.9,0.26,334.30,,,,,
731,05/12/2026 12:39:50,22.08,514.3,548.0,0.26,334.31,,,,,
732,05/12/2026 12:39:55,22.08,514.4,548.0,0.26,334.37,,,,,
733,05/12/2026 12:40:00,22.08,514.3,548.0,0.26,334.32,,,,,
734,05/12/2026 12:40:05,22.08,514.3,547.9,0.26,334.30,,,,,
735,05/12/2026 12:40:10,22.08,514.3,548.0,0.26,334.32,,,,,
736,05/12/2026 12:40:15,22.08,514.3,547.9,0.26,334.31,,,,,
737,05/12/2026 12:40:20,22.08,514.4,548.0,0.26,334.36,,,,,
738,05/12/2026 12:40:25,22.08,514.4,548.0,0.26,334.39,,,,,
739,05/12/2026 12:40:30,22.09,514.4,547.9,0.26,334.38,,,,,
740,05/12/2026 12:40:35,22.09,514.5,548.0,0.26,334.44,,,,,
741,05/12/2026 12:40:40,22.09,514.4,547.9,0.26,334.34,,,,,
742,05/12/2026 12:40:45,22.09,514.4,547.9,0.26,334.37,,,,,
743,05/12/2026 12:40:50,22.09,514.4,547.9,0.26,334.35,,,,,
744,05/12/2026 12:40:55,22.09,514.5,547.9,0.26,334.40,,,,,
745,05/12/2026 12:41:00,22.09,514.4,547.9,0.26,334.39,,,,,
746,05/12/2026 12:41:05,22.09,514.4,547.9,0.26,334.38,,,,,
747,05/12/2026 12:41:10,22.09,514.4,547.8,0.26,334.33,,,,,
748,05/12/2026 12:41:15,22.09,514.4,547.8,0.26,334.34,,,,,
749,05/12/2026 12:41:20,22.09,514.5,548.0,0.26,334.44,,,,,
750,05/12/2026 12:41:25,22.09,514.4,547.8,0.26,334.34,,,,,
751,05/12/2026 12:41:30,22.09,514.5,547.9,0.26,334.42,,,,,
752,05/12/2026 12:41:35,22.09,514.4,547.9,0.26,334.38,,,,,
753,05/12/2026 12:41:40,22.09,514.5,548.0,0.26,334.43,,,,,
754,05/12/2026 12:41:45,22.09,514.5,547.9,0.26,334.40,,,,,
755,05/12/2026 12:41:50,22.09,514.4,547.9,0.26,334.38,,,,,
756,05/12/2026 12:41:55,22.09,514.4,547.8,0.26,334.37,,,,,
757,05/12/2026 12:42:00,22.09,514.4,547.8,0.26,334.36,,,,,
758,05/12/2026 12:42:05,22.09,514.5,547.9,0.26,334.39,,,,,
759,05/12/2026 12:42:10,22.09,514.4,547.9,0.26,334.38,,,,,
760,05/12/2026 12:42:15,22.09,514.4,547.9,0.26,334.38,,,,,
761,05/12/2026 12:42:20,22.09,514.5,548.0,0.26,334.44,,,,,
762,05/12/2026 12:42:25,22.09,514.5,547.9,0.26,334.42,,,,,
763,05/12/2026 12:42:30,22.10,514.5,547.9,0.26,334.45,,,,,
764,05/12/2026 12:42:35,22.10,514.6,548.0,0.26,334.48,,,,,
765,05/12/2026 12:42:40,22.10,514.6,547.9,0.26,334.47,,,,,
766,05/12/2026 12:42:45,22.10,514.7,548.1,0.26,334.54,,,,,
767,05/12/2026 12:42:50,22.10,514.6,548.0,0.26,334.51,,,,,
768,05/12/2026 12:42:55,22.10,514.6,547.9,0.26,334.49,,,,,
769,05/12/2026 12:43:00,22.11,514.6,547.9,0.26,334.51,,,,,
770,05/12/2026 12:43:05,22.10,514.5,547.8,0.26,334.42,,,,,
771,05/12/2026 12:43:10,22.11,514.6,547.9,0.26,334.51,,,,,
772,05/12/2026 12:43:15,22.11,514.7,548.0,0.26,334.54,,,,,
773,05/12/2026 12:43:20,22.11,514.5,547.8,0.26,334.44,,,,,
774,05/12/2026 12:43:25,22.11,514.7,548.0,0.26,334.53,,,,,
775,05/12/2026 12:43:30,22.11,514.6,547.9,0.26,334.48,,,,,
776,05/12/2026 12:43:35,22.11,514.8,548.0,0.26,334.60,,,,,
777,05/12/2026 12:43:40,22.11,514.7,547.9,0.26,334.54,,,,,
778,05/12/2026 12:43:45,22.11,514.7,548.0,0.26,334.54,,,,,
779,05/12/2026 12:43:50,22.11,514.7,548.0,0.26,334.58,,,,,
780,05/12/2026 12:43:55,22.11,514.8,548.0,0.26,334.61,,,,,
781,05/12/2026 12:44:00,22.11,514.7,547.9,0.26,334.55,,,,,
782,05/12/2026 12:44:05,22.11,514.8,548.0,0.26,334.60,,,,,
783,05/12/2026 12:44:10,22.11,514.8,548.0,0.26,334.59,,,,,
784,05/12/2026 12:44:15,22.11,514.8,548.0,0.26,334.62,,,,,
785,05/12/2026 12:44:20,22.12,514.8,548.0,0.26,334.62,,,,,
786,05/12/2026 12:44:25,22.12,514.9,548.0,0.26,334.66,,,,,
787,05/12/2026 12:44:30,22.11,514.8,548.0,0.26,334.63,,,,,
788,05/12/2026 12:44:35,22.12,514.8,548.0,0.26,334.64,,,,,
789,05/12/2026 12:44:40,22.12,514.9,548.1,0.26,334.68,,,,,
790,05/12/2026 12:44:45,22.12,514.8,547.9,0.26,334.59,,,,,
791,05/12/2026 12:44:50,22.12,514.9,548.0,0.26,334.66,,,,,
792,05/12/2026 12:44:55,22.12,514.9,548.0,0.26,334.68,,,,,
793,05/12/2026 12:45:00,22.12,514.9,548.0,0.26,334.68,,,,,
794,05/12/2026 12:45:05,22.12,515.0,548.1,0.26,334.73,,,,,
795,05/12/2026 12:45:10,22.13,515.0,548.0,0.26,334.72,,,,,
796,05/12/2026 12:45:15,22.12,515.0,548.1,0.26,334.74,,,,,
797,05/12/2026 12:45:20,22.13,514.9,548.0,0.26,334.69,,,,,
798,05/12/2026 12:45:25,22.12,515.0,548.1,0.26,334.75,,,,,
799,05/12/2026 12:45:30,22.13,515.1,548.1,0.26,334.79,,,,,
800,05/12/2026 12:45:35,22.13,515.0,548.1,0.26,334.76,,,,,
801,05/12/2026 12:45:40,22.13,515.0,548.1,0.26,334.77,,,,,
802,05/12/2026 12:45:45,22.13,515.0,548.0,0.26,334.73,,,,,
803,05/12/2026 12:45:50,22.13,515.1,548.1,0.26,334.81,,,,,
804,05/12/2026 12:45:55,22.14,515.0,548.0,0.26,334.76,,,,,
805,05/12/2026 12:46:00,22.14,515.2,548.1,0.26,334.86,,,,,
806,05/12/2026 12:46:05,22.14,515.1,548.1,0.26,334.81,,,,,
807,05/12/2026 12:46:10,22.14,515.1,548.0,0.26,334.82,,,,,
808,05/12/2026 12:46:15,22.14,515.1,548.1,0.26,334.84,,,,,
809,05/12/2026 12:46:20,22.14,515.2,548.1,0.26,334.87,,,,,
810,05/12/2026 12:46:25,22.14,515.2,548.1,0.26,334.88,,,,,
811,05/12/2026 12:46:30,22.14,515.2,548.1,0.26,334.90,,,,,
812,05/12/2026 12:46:35,22.14,515.1,547.9,0.26,334.81,,,,,
813,05/12/2026 12:46:40,22.14,515.2,548.1,0.26,334.89,,,,,
814,05/12/2026 12:46:45,22.14,515.3,548.1,0.26,334.92,,,,,
815,05/12/2026 12:46:50,22.15,515.3,548.1,0.26,334.91,,,,,
816,05/12/2026 12:46:55,22.15,515.3,548.1,0.26,334.93,,,,,
817,05/12/2026 12:47:00,22.15,515.3,548.0,0.26,334.91,,,,,
818,05/12/2026 12:47:05,22.15,515.2,547.9,0.26,334.85,,,,,
819,05/12/2026 12:47:10,22.15,515.3,548.0,0.26,334.91,,,,,
820,05/12/2026 12:47:15,22.15,515.2,548.0,0.26,334.89,,,,,
821,05/12/2026 12:47:20,22.15,515.2,548.0,0.26,334.91,,,,,
822,05/12/2026 12:47:25,22.15,515.3,548.0,0.26,334.93,,,,,
823,05/12/2026 12:47:30,22.15,515.4,548.2,0.26,335.02,,,,,
824,05/12/2026 12:47:35,22.16,515.3,548.0,0.26,334.94,,,,,
825,05/12/2026 12:47:40,22.16,515.4,548.2,0.26,335.04,,,,,
826,05/12/2026 12:47:45,22.16,515.4,548.1,0.26,335.02,,,,,
827,05/12/2026 12:47:50,22.16,515.5,548.2,0.26,335.07,,,,,
828,05/12/2026 12:47:55,22.16,515.4,548.0,0.26,335.00,,,,,
829,05/12/2026 12:48:00,22.17,515.3,547.9,0.26,334.96,,,,,
830,05/12/2026 12:48:05,22.17,515.4,548.1,0.26,335.03,,,,,
831,05/12/2026 12:48:10,22.17,515.4,548.1,0.26,335.04,,,,,
832,05/12/2026 12:48:15,22.17,515.5,548.1,0.26,335.08,,,,,
833,05/12/2026 12:48:20,22.17,515.5,548.1,0.26,335.07,,,,,
834,05/12/2026 12:48:25,22.17,515.4,548.0,0.26,335.01,,,,,
835,05/12/2026 12:48:30,22.17,515.5,548.1,0.26,335.08,,,,,
836,05/12/2026 12:48:35,22.17,515.4,548.0,0.26,335.04,,,,,
837,05/12/2026 12:48:40,22.17,515.4,547.9,0.26,334.99,,,,,
838,05/12/2026 12:48:45,22.17,515.5,548.0,0.26,335.04,,,,,
839,05/12/2026 12:48:50,22.17,515.5,548.1,0.26,335.11,,,,,
840,05/12/2026 12:48:55,22.17,515.4,547.9,0.26,335.02,,,,,
841,05/12/2026 12:49:00,22.17,515.5,548.0,0.26,335.04,,,,,
842,05/12/2026 12:49:05,22.17,515.4,547.9,0.26,335.03,,,,,
843,05/12/2026 12:49:10,22.17,515.4,547.9,0.26,335.01,,,,,
844,05/12/2026 12:49:15,22.17,515.3,547.8,0.26,334.96,,,,,
845,05/12/2026 12:49:20,22.17,515.5,548.0,0.26,335.05,,,,,
846,05/12/2026 12:49:25,22.17,515.4,547.9,0.26,335.03,,,,,
847,05/12/2026 12:49:30,22.17,515.5,548.0,0.26,335.07,,,,,
848,05/12/2026 12:49:35,22.17,515.5,548.0,0.26,335.06,,,,,
849,05/12/2026 12:49:40,22.17,515.5,548.0,0.26,335.05,,,,,
850,05/12/2026 12:49:45,22.17,515.5,548.1,0.26,335.10,,,,,
851,05/12/2026 12:49:50,22.18,515.6,548.1,0.26,335.15,,,,,
852,05/12/2026 12:49:55,22.18,515.6,548.1,0.26,335.16,,,,,
853,05/12/2026 12:50:00,22.18,515.7,548.2,0.26,335.20,,,,,
854,05/12/2026 12:50:05,22.18,515.7,548.1,0.26,335.20,,,,,
855,05/12/2026 12:50:10,22.18,515.7,548.1,0.26,335.19,,,,,
856,05/12/2026 12:50:15,22.19,515.7,548.1,0.26,335.19,,,,,
857,05/12/2026 12:50:20,22.19,515.7,548.1,0.26,335.22,,,,,
858,05/12/2026 12:50:25,22.19,515.7,548.0,0.26,335.21,,,,,
859,05/12/2026 12:50:30,22.19,515.6,547.9,0.26,335.17,,,,,
860,05/12/2026 12:50:35,22.19,515.6,547.9,0.26,335.13,,,,,
861,05/12/2026 12:50:40,22.20,515.7,548.0,0.26,335.21,,,,,
862,05/12/2026 12:50:45,22.20,515.6,547.9,0.26,335.15,,,,,
863,05/12/2026 12:50:50,22.20,515.7,548.0,0.26,335.22,,,,,
864,05/12/2026 12:50:55,22.20,515.7,547.9,0.26,335.17,,,,,
865,05/12/2026 12:51:00,22.20,515.7,548.0,0.26,335.22,,,,,
866,05/12/2026 12:51:05,22.20,515.7,548.0,0.26,335.23,,,,,
867,05/12/2026 12:51:10,22.20,515.7,548.0,0.26,335.23,,,,,
868,05/12/2026 12:51:15,22.20,515.8,548.0,0.26,335.25,,,,,
869,05/12/2026 12:51:20,22.20,515.7,547.9,0.26,335.18,,,,,
870,05/12/2026 12:51:25,22.20,515.7,547.9,0.26,335.17,,,,,
871,05/12/2026 12:51:30,22.20,358.3,380.7,0.18,232.88,,,,,
872,05/12/2026 12:51:35,22.20,356.3,378.6,0.18,231.61,Out,,,,
873,05/12/2026 12:51:40,22.20,107.5,114.2,0.06,69.90,,,,,
874,05/12/2026 12:51:45,22.20,101.5,107.9,0.05,65.99,,,,,
875,05/12/2026 12:51:50,22.20,107.3,114.0,0.06,69.75,,,,,
876,05/12/2026 12:51:55,22.20,181.2,192.5,0.09,117.79,,,,,
877,05/12/2026 12:52:00,22.20,177.5,188.6,0.09,115.40,,,,,
878,05/12/2026 12:52:05,22.20,177.3,188.3,0.09,115.22,,,,,
879,05/12/2026 12:52:10,22.20,176.9,188.0,0.09,115.01,,,,,
880,05/12/2026 12:52:15,22.20,176.6,187.6,0.09,114.77,,,,,
881,05/12/2026 12:52:20,22.20,176.1,187.1,0.09,114.48,,,,,
882,05/12/2026 12:52:25,22.20,175.7,186.7,0.09,114.22,,,,,
883,05/12/2026 12:52:30,22.21,173.6,184.4,0.09,112.84,,,,,
884,05/12/2026 12:52:35,22.22,94.6,100.5,0.05,61.52,,,,,
885,05/12/2026 12:52:40,22.23,93.8,99.6,0.05,60.99,,,,,
886,05/12/2026 12:52:45,22.23,85.7,91.0,0.05,55.74,,,,,
887,05/12/2026 12:52:50,22.24,77.6,82.4,0.04,50.43,,,,,
888,05/12/2026 12:52:55,22.26,68.7,72.9,0.04,44.67,,,,,
889,05/12/2026 12:53:00,22.27,81.7,86.7,0.05,53.12,,,,,
890,05/12/2026 12:53:05,22.28,65.7,69.7,0.04,42.69,,,,,
891,05/12/2026 12:53:10,22.29,82.6,87.6,0.05,53.72,,,,,
892,05/12/2026 12:53:15,22.31,79.3,84.1,0.04,51.56,,,,,
893,05/12/2026 12:53:20,22.32,91.8,97.3,0.05,59.66,,,,,
894,05/12/2026 12:53:25,22.33,96.2,101.9,0.05,62.54,,,,,
895,05/12/2026 12:53:30,22.35,82.3,87.2,0.05,53.50,,,,,
896,05/12/2026 12:53:35,22.35,80.4,85.2,0.04,52.27,,,,,
897,05/12/2026 12:53:40,22.37,93.6,99.1,0.05,60.86,,,,,
898,05/12/2026 12:53:45,22.38,85.5,90.5,0.05,55.56,,,,,
899,05/12/2026 12:53:50,22.39,90.5,95.8,0.05,58.85,,,,,
900,05/12/2026 12:53:55,22.40,77.4,81.9,0.04,50.34,,,,,
901,05/12/2026 12:54:00,22.41,77.4,81.8,0.04,50.30,,,,,
902,05/12/2026 12:54:05,22.42,73.3,77.5,0.04,47.64,,,,,
903,05/12/2026 12:54:10,22.43,83.3,88.0,0.05,54.12,,,,,
904,05/12/2026 12:54:15,22.44,61.3,64.8,0.04,39.87,,,,,
905,05/12/2026 12:54:20,22.45,70.7,74.6,0.04,45.92,,,,,
906,05/12/2026 12:54:25,22.46,68.8,72.7,0.04,44.72,,,,,
907,05/12/2026 12:54:30,22.47,55.9,59.0,0.03,36.34,,,,,
908,05/12/2026 12:54:35,22.48,31.9,33.7,0.02,20.76,,,,,
909,05/12/2026 12:54:40,22.49,28.2,29.8,0.02,18.35,,,,,
910,05/12/2026 12:54:45,22.51,25.0,26.4,0.02,16.27,,,,,
911,05/12/2026 12:54:50,22.52,24.6,26.0,0.02,16.00,,,,,
912,05/12/2026 12:54:55,22.53,25.9,27.3,0.02,16.81,,,,,
913,05/12/2026 12:55:00,22.55,24.5,25.9,0.02,15.95,,,,,
914,05/12/2026 12:55:05,22.56,23.7,24.9,0.02,15.38,,,,,
915,05/12/2026 12:55:10,22.58,29.4,30.9,0.02,19.08,,,,,
916,05/12/2026 12:55:15,22.60,26.4,27.8,0.02,17.13,,,,,
917,05/12/2026 12:55:20,22.61,26.1,27.5,0.02,16.98,,,,,
918,05/12/2026 12:55:25,22.64,33.4,35.1,0.02,21.68,,,,,
919,05/12/2026 12:55:30,22.66,28.6,30.1,0.02,18.58,,,,,
920,05/12/2026 12:55:35,22.67,30.0,31.5,0.02,19.48,,,,,
921,05/12/2026 12:55:40,22.70,31.4,33.0,0.02,20.40,,,,,
922,05/12/2026 12:55:45,22.72,27.6,29.0,0.02,17.95,,,,,
923,05/12/2026 12:55:50,22.74,29.2,30.6,0.02,18.97,,,,,
924,05/12/2026 12:55:55,22.76,27.2,28.5,0.02,17.68,,,,,
925,05/12/2026 12:56:00,22.79,27.5,28.8,0.02,17.87,,,,,
926,05/12/2026 12:56:05,22.81,20.7,21.7,0.02,13.48,,,,,
927,05/12/2026 12:56:10,22.83,3.1,3.3,0.01,2.03,,,,,
928,05/12/2026 12:56:15,22.85,2.7,2.8,0.01,1.76,,,,,
929,05/12/2026 12:56:20,22.87,2.6,2.8,0.01,1.71,,,,,
930,05/12/2026 12:56:25,22.89,2.8,2.9,0.01,1.80,,,,,
931,05/12/2026 12:56:30,22.91,3.5,3.7,0.01,2.28,,,,,
932,05/12/2026 12:56:35,22.93,3.4,3.6,0.01,2.22,,,,,
933,05/12/2026 12:56:40,22.95,3.4,3.5,0.01,2.20,,,,,
934,05/12/2026 12:56:45,22.97,3.2,3.4,0.01,2.10,,,,,
935,05/12/2026 12:56:50,22.99,3.4,3.5,0.01,2.18,,,,,
936,05/12/2026 12:56:55,23.01,3.3,3.5,0.01,2.15,,,,,
937,05/12/2026 12:57:00,23.03,3.3,3.4,0.01,2.12,,,,,
938,05/12/2026 12:57:05,23.04,3.3,3.4,0.01,2.12,,,,,
939,05/12/2026 12:57:10,23.06,3.2,3.4,0.01,2.10,,,,,
940,05/12/2026 12:57:15,23.07,3.2,3.3,0.01,2.09,,,,,
941,05/12/2026 12:57:20,23.09,3.2,3.3,0.01,2.07,,,,,
942,05/12/2026 12:57:25,23.10,3.2,3.3,0.01,2.06,,,,,
943,05/12/2026 12:57:30,23.12,3.2,3.3,0.01,2.05,,,,,
944,05/12/2026 12:57:35,23.13,3.0,3.2,0.01,1.98,,,,,
945,05/12/2026 12:57:40,23.14,2.9,3.1,0.01,1.92,,,,,
946,05/12/2026 12:57:45,23.15,3.1,3.2,0.01,2.00,,,,,
947,05/12/2026 12:57:50,23.16,3.0,3.2,0.01,1.98,,,,,
948,05/12/2026 12:57:55,23.18,3.0,3.2,0.01,1.98,,,,,
949,05/12/2026 12:58:00,23.19,3.1,3.2,0.01,1.98,,,,,
950,05/12/2026 12:58:05,23.20,3.1,3.2,0.01,1.98,,,,,
951,05/12/2026 12:58:10,23.21,3.0,3.2,0.01,1.98,,,,,
952,05/12/2026 12:58:15,23.23,3.0,3.1,0.01,1.97,,,,,
953,05/12/2026 12:58:20,23.24,3.0,3.2,0.01,1.98,,,,,
954,05/12/2026 12:58:25,23.25,3.0,3.1,0.01,1.95,,,,,
955,05/12/2026 12:58:30,23.27,3.0,3.2,0.01,1.98,,,,,
956,05/12/2026 12:58:35,23.28,3.0,3.1,0.01,1.96,,,,,
957,05/12/2026 12:58:40,23.29,3.0,3.1,0.01,1.97,,,,,
958,05/12/2026 12:58:45,23.31,3.0,3.1,0.01,1.96,,,,,
959,05/12/2026 12:58:50,23.32,3.0,3.1,0.01,1.96,,,,,
960,05/12/2026 12:58:55,23.34,3.0,3.1,0.01,1.96,,,,,
961,05/12/2026 12:59:00,23.35,3.0,3.1,0.01,1.95,,,,,
962,05/12/2026 12:59:05,23.36,3.0,3.1,0.01,1.94,,,,,
963,05/12/2026 12:59:10,23.38,3.0,3.1,0.01,1.95,,,,,
964,05/12/2026 12:59:15,23.39,3.0,3.1,0.01,1.94,,,,,
965,05/12/2026 12:59:20,23.40,3.0,3.1,0.01,1.95,,,,,
966,05/12/2026 12:59:25,23.42,3.0,3.1,0.01,1.95,,,,,
967,05/12/2026 12:59:30,23.43,3.0,3.1,0.01,1.94,,,,,
968,05/12/2026 12:59:35,23.45,3.0,3.1,0.01,1.94,,,,,
969,05/12/2026 12:59:40,23.46,3.0,3.1,0.01,1.94,,,,,
970,05/12/2026 12:59:45,23.48,3.0,3.1,0.01,1.94,,,,,
971,05/12/2026 12:59:50,23.49,3.0,3.1,0.01,1.93,,,,,
972,05/12/2026 12:59:55,23.50,2.9,3.0,0.01,1.91,,,,,
973,05/12/2026 13:00:00,23.52,2.9,3.0,0.01,1.92,,,,,
974,05/12/2026 13:00:05,23.53,2.9,3.0,0.01,1.90,,,,,
975,05/12/2026 13:00:10,23.54,2.9,3.0,0.01,1.91,,,,,
976,05/12/2026 13:00:15,23.56,2.9,3.0,0.01,1.90,,,,,
977,05/12/2026 13:00:20,23.57,2.9,3.0,0.01,1.90,,,,,
978,05/12/2026 13:00:25,23.58,2.9,3.0,0.01,1.89,,,,,
979,05/12/2026 13:00:30,23.59,2.9,3.0,0.01,1.90,,,,,
980,05/12/2026 13:00:35,23.60,2.9,3.0,0.01,1.90,,,,,
981,05/12/2026 13:00:40,23.61,2.9,3.0,0.01,1.89,,,,,
982,05/12/2026 13:00:45,23.62,2.9,3.0,0.01,1.89,,,,,
983,05/12/2026 13:00:50,23.63,2.9,3.0,0.01,1.88,,,,,
984,05/12/2026 13:00:55,23.64,2.9,3.0,0.01,1.87,,,,,
985,05/12/2026 13:01:00,23.65,2.9,3.0,0.01,1.87,,,,,
986,05/12/2026 13:01:05,23.66,2.9,3.0,0.01,1.87,,,,,
987,05/12/2026 13:01:10,23.67,2.9,2.9,0.01,1.85,,,,,
988,05/12/2026 13:01:15,23.68,2.9,2.9,0.01,1.86,,,,,
989,05/12/2026 13:01:20,23.68,2.8,2.9,0.01,1.85,,,,,
990,05/12/2026 13:01:25,23.69,2.8,2.9,0.01,1.84,,,,,
991,05/12/2026 13:01:30,23.70,2.8,2.9,0.01,1.84,,,,,
992,05/12/2026 13:01:35,23.71,2.8,2.9,0.01,1.84,,,,,
993,05/12/2026 13:01:40,23.72,2.8,2.9,0.01,1.84,,,,,
994,05/12/2026 13:01:45,23.73,2.8,2.9,0.01,1.83,,,,,
995,05/12/2026 13:01:50,23.73,2.8,2.9,0.01,1.82,,,,,
996,05/12/2026 13:01:55,23.74,2.8,2.9,0.01,1.83,,,,,
997,05/12/2026 13:02:00,23.75,2.8,2.9,0.01,1.82,,,,,
998,05/12/2026 13:02:05,23.76,2.8,2.9,0.01,1.82,,,,,
999,05/12/2026 13:02:10,23.76,2.8,2.8,0.01,1.80,,,,,
1000,05/12/2026 13:02:15,23.76,2.8,2.9,0.01,1.81,,,,,
1001,05/12/2026 13:02:20,23.76,2.8,2.8,0.01,1.79,,,,,
1002,05/12/2026 13:02:25,23.77,2.8,2.8,0.01,1.80,,,,,
1003,05/12/2026 13:02:30,23.77,2.8,2.8,0.01,1.80,,,,,
1004,05/12/2026 13:02:35,23.78,2.7,2.8,0.01,1.77,,,,,
1005,05/12/2026 13:02:40,23.78,2.7,2.8,0.01,1.79,,,,,
1006,05/12/2026 13:02:45,23.78,2.7,2.8,0.01,1.77,,,,,
1007,05/12/2026 13:02:50,23.78,2.7,2.8,0.01,1.77,,,,,
1008,05/12/2026 13:02:55,23.78,2.7,2.8,0.01,1.77,,,,,
1009,05/12/2026 13:03:00,23.79,2.7,2.8,0.01,1.76,,,,,
1010,05/12/2026 13:03:05,23.79,2.7,2.8,0.01,1.76,,,,,
1011,05/12/2026 13:03:10,23.79,2.7,2.8,0.01,1.76,,,,,
1012,05/12/2026 13:03:15,23.80,2.7,2.8,0.01,1.75,,,,,
1013,05/12/2026 13:03:20,23.80,2.7,2.8,0.01,1.74,,,,,
1014,05/12/2026 13:03:25,23.81,2.7,2.7,0.01,1.74,,,,,
1015,05/12/2026 13:03:30,23.81,2.6,2.7,0.01,1.72,,,,,
1016,05/12/2026 13:03:35,23.82,2.6,2.7,0.01,1.70,,,,,
1017,05/12/2026 13:03:40,23.82,2.6,2.7,0.01,1.71,,,,,
1018,05/12/2026 13:03:45,23.83,2.7,2.7,0.01,1.72,,,,,
1019,05/12/2026 13:03:50,23.83,2.6,2.7,0.01,1.71,,,,,
1020,05/12/2026 13:03:55,23.84,2.6,2.7,0.01,1.71,,,,,
1021,05/12/2026 13:04:00,23.85,2.6,2.7,0.01,1.71,,,,,
1022,05/12/2026 13:04:05,23.85,2.6,2.7,0.01,1.69,,,,,
1023,05/12/2026 13:04:10,23.85,2.6,2.7,0.01,1.70,,,,,
1024,05/12/2026 13:04:15,23.86,2.6,2.7,0.01,1.69,,,,,
1025,05/12/2026 13:04:20,23.87,2.6,2.7,0.01,1.69,,,,,
1026,05/12/2026 13:04:25,23.87,2.6,2.7,0.01,1.72,,,,,
1027,05/12/2026 13:04:30,23.88,2.6,2.7,0.01,1.70,,,,,
1028,05/12/2026 13:04:35,23.88,2.6,2.7,0.01,1.71,,,,,
1029,05/12/2026 13:04:40,23.89,2.6,2.7,0.01,1.72,,,,,
1030,05/12/2026 13:04:45,23.89,2.6,2.7,0.01,1.71,,,,,
1031,05/12/2026 13:04:50,23.90,2.6,2.7,0.01,1.72,,,,,
1032,05/12/2026 13:04:55,23.90,2.6,2.7,0.01,1.71,,,,,
1033,05/12/2026 13:05:00,23.91,2.6,2.7,0.01,1.72,,,,,
1034,05/12/2026 13:05:05,23.91,2.6,2.7,0.01,1.71,,,,,
1035,05/12/2026 13:05:10,23.91,2.6,2.7,0.01,1.71,,,,,
1036,05/12/2026 13:05:15,23.92,2.6,2.7,0.01,1.71,,,,,
1037,05/12/2026 13:05:20,23.93,2.6,2.7,0.01,1.72,,,,,
1038,05/12/2026 13:05:25,23.94,2.6,2.7,0.01,1.70,,,,,
1039,05/12/2026 13:05:30,23.94,2.6,2.7,0.01,1.70,,,,,
1040,05/12/2026 13:05:35,23.95,2.6,2.7,0.01,1.70,,,,,
1041,05/12/2026 13:05:40,23.96,2.6,2.7,0.01,1.71,,,,,
1042,05/12/2026 13:05:45,23.97,2.6,2.7,0.01,1.70,,,,,
1043,05/12/2026 13:05:50,23.98,2.6,2.7,0.01,1.70,,,,,
1044,05/12/2026 13:05:55,23.99,2.6,2.6,0.01,1.68,,,,,
1045,05/12/2026 13:06:00,23.99,2.6,2.7,0.01,1.69,,,,,
1046,05/12/2026 13:06:05,24.00,2.6,2.7,0.01,1.69,,,,,
1047,05/12/2026 13:06:10,24.01,2.6,2.6,0.01,1.68,,,,,
1048,05/12/2026 13:06:15,24.02,2.6,2.7,0.01,1.69,,,,,
1049,05/12/2026 13:06:20,24.02,2.6,2.6,0.01,1.68,,,,,
1050,05/12/2026 13:06:25,24.03,2.6,2.7,0.01,1.69,,,,,
1051,05/12/2026 13:06:30,24.03,2.6,2.6,0.01,1.68,,,,,
1052,05/12/2026 13:06:35,24.03,2.6,2.7,0.01,1.70,,,,,
1053,05/12/2026 13:06:40,24.04,2.6,2.7,0.01,1.69,,,,,
1054,05/12/2026 13:06:45,24.04,2.6,2.6,0.01,1.69,,,,,
1055,05/12/2026 13:06:50,24.04,2.6,2.6,0.01,1.66,,,,,
1056,05/12/2026 13:06:55,24.04,2.6,2.7,0.01,1.71,,,,,
1057,05/12/2026 13:07:00,24.04,2.6,2.7,0.01,1.71,,,,,
1058,05/12/2026 13:07:05,24.05,2.6,2.7,0.01,1.70,,,,,
1059,05/12/2026 13:07:10,24.05,2.6,2.7,0.01,1.70,,,,,
1060,05/12/2026 13:07:15,24.05,2.6,2.6,0.01,1.69,,,,,
1061,05/12/2026 13:07:20,24.05,2.6,2.6,0.01,1.68,,,,,
1062,05/12/2026 13:07:25,24.06,2.6,2.7,0.01,1.69,,,,,
1063,05/12/2026 13:07:30,24.06,2.6,2.7,0.01,1.69,,,,,
1064,05/12/2026 13:07:35,24.07,2.6,2.7,0.01,1.69,,,,,
1065,05/12/2026 13:07:40,24.07,2.6,2.7,0.01,1.69,,,,,
1066,05/12/2026 13:07:45,24.07,2.6,2.6,0.01,1.69,,,,,
1067,05/12/2026 13:07:50,24.08,2.6,2.6,0.01,1.69,,,,,
1068,05/12/2026 13:07:55,24.08,2.6,2.6,0.01,1.68,,,,,
1069,05/12/2026 13:08:00,24.08,2.6,2.6,0.01,1.68,,,,,
1070,05/12/2026 13:08:05,24.09,2.6,2.6,0.01,1.68,,,,,
1071,05/12/2026 13:08:10,24.09,2.6,2.6,0.01,1.68,,,,,
1072,05/12/2026 13:08:15,24.09,2.6,2.6,0.01,1.69,,,,,
1073,05/12/2026 13:08:20,24.09,2.6,2.6,0.01,1.67,,,,,
1074,05/12/2026 13:08:25,24.10,2.6,2.6,0.01,1.68,,,,,
1075,05/12/2026 13:08:30,24.10,2.6,2.6,0.01,1.66,,,,,
1076,05/12/2026 13:08:35,24.11,2.6,2.6,0.01,1.66,,,,,
1077,05/12/2026 13:08:40,24.11,2.6,2.6,0.01,1.66,,,,,
1078,05/12/2026 13:08:45,24.11,2.6,2.6,0.01,1.67,,,,,
1079,05/12/2026 13:08:50,24.12,2.5,2.6,0.01,1.65,,,,,
1080,05/12/2026 13:08:55,24.12,2.5,2.6,0.01,1.65,,,,,
1081,05/12/2026 13:09:00,24.12,2.5,2.6,0.01,1.65,,,,,
1082,05/12/2026 13:09:05,24.13,2.5,2.6,0.01,1.64,,,,,
1083,05/12/2026 13:09:10,24.13,2.5,2.6,0.01,1.64,,,,,
1084,05/12/2026 13:09:15,24.13,2.5,2.6,0.01,1.64,,,,,
1085,05/12/2026 13:09:20,24.13,2.5,2.6,0.01,1.64,,,,,
1086,05/12/2026 13:09:25,24.13,2.5,2.6,0.01,1.63,,,,,
1087,05/12/2026 13:09:30,24.13,2.5,2.6,0.01,1.63,,,,,
1088,05/12/2026 13:09:35,24.13,2.5,2.6,0.01,1.63,,,,,
1089,05/12/2026 13:09:40,24.13,2.5,2.5,0.01,1.62,,,,,
1090,05/12/2026 13:09:45,24.13,2.5,2.5,0.01,1.62,,,,,
1091,05/12/2026 13:09:50,24.13,2.5,2.6,0.01,1.63,,,,,
1092,05/12/2026 13:09:55,24.12,2.5,2.5,0.01,1.62,,,,,
1093,05/12/2026 13:10:00,24.12,2.5,2.6,0.01,1.63,,,,,
1094,05/12/2026 13:10:05,24.12,2.5,2.5,0.01,1.61,,,,,
1095,05/12/2026 13:10:10,24.11,2.5,2.5,0.01,1.60,,,,,
1096,05/12/2026 13:10:15,24.11,2.5,2.5,0.01,1.61,,,,,
1097,05/12/2026 13:10:20,24.11,2.5,2.5,0.01,1.61,,,,,
1098,05/12/2026 13:10:25,24.10,2.5,2.5,0.01,1.59,,,,,
1099,05/12/2026 13:10:30,24.10,2.5,2.5,0.01,1.61,,,,,
1100,05/12/2026 13:10:35,24.10,2.5,2.5,0.01,1.60,,,,,
1101,05/12/2026 13:10:40,24.09,2.5,2.5,0.01,1.60,,,,,
1102,05/12/2026 13:10:45,24.09,2.4,2.5,0.01,1.59,,,,,
1103,05/12/2026 13:10:50,24.08,2.4,2.5,0.01,1.59,,,,,
1104,05/12/2026 13:10:55,24.08,2.4,2.5,0.01,1.59,,,,,
1105,05/12/2026 13:11:00,24.07,2.4,2.5,0.01,1.59,,,,,
1106,05/12/2026 13:11:05,24.07,2.4,2.5,0.01,1.59,,,,,
1107,05/12/2026 13:11:10,24.06,2.4,2.5,0.01,1.59,,,,,
1108,05/12/2026 13:11:15,24.06,2.4,2.5,0.01,1.58,,,,,
1109,05/12/2026 13:11:20,24.05,2.4,2.5,0.01,1.58,,,,,
1110,05/12/2026 13:11:25,24.04,2.4,2.5,0.01,1.58,,,,,
1111,05/12/2026 13:11:30,24.04,2.4,2.5,0.01,1.57,,,,,
1112,05/12/2026 13:11:35,24.03,2.4,2.5,0.01,1.57,,,,,
1113,05/12/2026 13:11:40,24.02,2.4,2.5,0.01,1.57,,,,,
1114,05/12/2026 13:11:45,24.02,2.4,2.5,0.01,1.58,,,,,
1115,05/12/2026 13:11:50,24.01,2.4,2.5,0.01,1.56,,,,,
1116,05/12/2026 13:11:55,24.00,2.4,2.5,0.01,1.56,,,,,
1117,05/12/2026 13:12:00,24.00,2.4,2.5,0.01,1.57,,,,,
1118,05/12/2026 13:12:05,23.99,2.4,2.5,0.01,1.56,,,,,
1119,05/12/2026 13:12:10,23.98,2.4,2.5,0.01,1.58,,,,,
1120,05/12/2026 13:12:15,23.97,2.4,2.4,0.01,1.56,,,,,
1121,05/12/2026 13:12:20,23.97,2.4,2.5,0.01,1.57,,,,,
1122,05/12/2026 13:12:25,23.96,2.4,2.5,0.01,1.56,,,,,
1123,05/12/2026 13:12:30,23.95,2.4,2.5,0.01,1.56,,,,,
1124,05/12/2026 13:12:35,23.94,2.4,2.4,0.01,1.56,,,,,
1125,05/12/2026 13:12:40,23.94,2.4,2.5,0.01,1.56,,,,,
1126,05/12/2026 13:12:45,23.93,2.4,2.4,0.01,1.54,,,,,
1127,05/12/2026 13:12:50,23.92,2.4,2.4,0.01,1.55,,,,,
1128,05/12/2026 13:12:55,23.91,2.4,2.4,0.01,1.55,,,,,
1129,05/12/2026 13:13:00,23.91,2.4,2.4,0.01,1.54,,,,,
1130,05/12/2026 13:13:05,23.90,2.4,2.4,0.01,1.54,,,,,
1131,05/12/2026 13:13:10,23.89,2.4,2.5,0.01,1.56,,,,,
1132,05/12/2026 13:13:15,23.88,2.4,2.4,0.01,1.55,,,,,
1133,05/12/2026 13:13:20,23.88,2.4,2.4,0.01,1.54,,,,,
1134,05/12/2026 13:13:25,23.87,2.4,2.4,0.01,1.53,,,,,
1135,05/12/2026 13:13:30,23.86,2.3,2.4,0.01,1.52,,,,,
1136,05/12/2026 13:13:35,23.85,2.4,2.4,0.01,1.54,,,,,
1137,05/12/2026 13:13:40,23.85,2.4,2.4,0.01,1.54,,,,,
1138,05/12/2026 13:13:45,23.84,2.4,2.4,0.01,1.53,,,,,
1139,05/12/2026 13:13:50,23.83,2.4,2.4,0.01,1.54,,,,,
1140,05/12/2026 13:13:55,23.82,2.4,2.4,0.01,1.54,,,,,
1141,05/12/2026 13:14:00,23.82,2.4,2.4,0.01,1.53,,,,,
1142,05/12/2026 13:14:05,23.81,2.4,2.4,0.01,1.53,,,,,
1143,05/12/2026 13:14:10,23.80,2.4,2.4,0.01,1.53,,,,,
1144,05/12/2026 13:14:15,23.79,2.3,2.4,0.01,1.52,,,,,
1145,05/12/2026 13:14:20,23.79,2.3,2.4,0.01,1.51,,,,,
1146,05/12/2026 13:14:25,23.78,2.3,2.4,0.01,1.51,,,,,
1147,05/12/2026 13:14:30,23.77,2.3,2.4,0.01,1.51,,,,,
1148,05/12/2026 13:14:35,23.76,2.3,2.4,0.01,1.52,,,,,
1149,05/12/2026 13:14:40,23.76,2.3,2.4,0.01,1.51,,,,,
1150,05/12/2026 13:14:45,23.75,2.3,2.4,0.01,1.51,,,,,
1151,05/12/2026 13:14:50,23.75,2.3,2.4,0.01,1.50,,,,,
1152,05/12/2026 13:14:55,23.75,2.3,2.4,0.01,1.50,,,,,
1153,05/12/2026 13:15:00,23.74,2.3,2.4,0.01,1.52,,,,,
1154,05/12/2026 13:15:05,23.74,2.3,2.4,0.01,1.51,,,,,
1155,05/12/2026 13:15:10,23.73,2.3,2.4,0.01,1.52,,,,,
1156,05/12/2026 13:15:15,23.72,2.3,2.4,0.01,1.49,,,,,
1157,05/12/2026 13:15:20,23.72,2.3,2.4,0.01,1.51,,,,,
1158,05/12/2026 13:15:25,23.72,2.3,2.4,0.01,1.52,,,,,
1159,05/12/2026 13:15:30,23.72,2.3,2.3,0.01,1.48,,,,,
1160,05/12/2026 13:15:35,23.71,2.3,2.4,0.01,1.49,,,,,
1161,05/12/2026 13:15:40,23.71,2.3,2.4,0.01,1.51,,,,,
1162,05/12/2026 13:15:45,23.70,2.3,2.4,0.01,1.51,,,,,
1163,05/12/2026 13:15:50,23.70,2.3,2.4,0.01,1.51,,,,,
1164,05/12/2026 13:15:55,23.69,2.3,2.4,0.01,1.50,,,,,
1165,05/12/2026 13:16:00,23.69,2.3,2.4,0.01,1.50,,,,,
1166,05/12/2026 13:16:05,23.69,2.3,2.4,0.01,1.50,,,,,
1167,05/12/2026 13:16:10,23.68,2.3,2.4,0.01,1.50,,,,,
1168,05/12/2026 13:16:15,23.68,2.3,2.4,0.01,1.52,,,,,
1169,05/12/2026 13:16:20,23.68,2.3,2.4,0.01,1.50,,,,,
1170,05/12/2026 13:16:25,23.67,2.3,2.4,0.01,1.49,,,,,
1171,05/12/2026 13:16:30,23.67,2.4,2.4,0.01,1.53,,,,,
1172,05/12/2026 13:16:35,23.66,2.3,2.4,0.01,1.50,,,,,
1173,05/12/2026 13:16:40,23.66,2.3,2.4,0.01,1.49,,,,,
1174,05/12/2026 13:16:45,23.66,2.3,2.4,0.01,1.51,,,,,
1175,05/12/2026 13:16:50,23.65,2.3,2.4,0.01,1.52,,,,,
1176,05/12/2026 13:16:55,23.65,2.4,2.5,0.01,1.56,,,,,
1177,05/12/2026 13:17:00,23.64,2.3,2.4,0.01,1.52,,,,,
1178,05/12/2026 13:17:05,23.64,2.3,2.4,0.01,1.52,,,,,
1179,05/12/2026 13:17:10,23.63,2.4,2.4,0.01,1.53,,,,,
1180,05/12/2026 13:17:15,23.63,2.3,2.4,0.01,1.51,,,,,
1181,05/12/2026 13:17:20,23.63,2.4,2.4,0.01,1.53,,,,,
1182,05/12/2026 13:17:25,23.62,2.4,2.4,0.01,1.54,,,,,
1183,05/12/2026 13:17:30,23.62,2.4,2.4,0.01,1.54,,,,,
1184,05/12/2026 13:17:35,23.62,2.3,2.4,0.01,1.52,,,,,
1185,05/12/2026 13:17:40,23.61,2.3,2.4,0.01,1.53,,,,,
1186,05/12/2026 13:17:45,23.61,2.3,2.4,0.01,1.50,,,,,
1187,05/12/2026 13:17:50,23.61,2.3,2.4,0.01,1.52,,,,,
1188,05/12/2026 13:17:55,23.60,2.3,2.4,0.01,1.49,,,,,
1189,05/12/2026 13:18:00,23.60,2.3,2.4,0.01,1.52,,,,,
1190,05/12/2026 13:18:05,23.60,2.3,2.3,0.01,1.48,,,,,
1191,05/12/2026 13:18:10,23.60,2.3,2.4,0.01,1.49,,,,,
1192,05/12/2026 13:18:15,23.59,2.3,2.4,0.01,1.52,,,,,
1193,05/12/2026 13:18:20,23.59,2.3,2.4,0.01,1.52,,,,,
1194,05/12/2026 13:18:25,23.59,2.3,2.4,0.01,1.51,,,,,
1195,05/12/2026 13:18:30,23.58,2.3,2.4,0.01,1.50,,,,,
1196,05/12/2026 13:18:35,23.58,2.3,2.4,0.01,1.49,,,,,
1197,05/12/2026 13:18:40,23.58,2.3,2.4,0.01,1.49,,,,,
1198,05/12/2026 13:18:45,23.58,2.3,2.4,0.01,1.51,,,,,
1199,05/12/2026 13:18:50,23.57,2.3,2.4,0.01,1.50,,,,,
1200,05/12/2026 13:18:55,23.57,2.3,2.4,0.01,1.52,,,,,
1201,05/12/2026 13:19:00,23.57,2.3,2.4,0.01,1.52,,,,,
1202,05/12/2026 13:19:05,23.57,2.3,2.4,0.01,1.50,,,,,
1203,05/12/2026 13:19:10,23.57,2.3,2.4,0.01,1.50,,,,,
1204,05/12/2026 13:19:15,23.57,2.4,2.4,0.01,1.53,,,,,
1205,05/12/2026 13:19:20,23.57,2.3,2.4,0.01,1.52,,,,,
1206,05/12/2026 13:19:25,23.56,2.3,2.4,0.01,1.49,,,,,
1207,05/12/2026 13:19:30,23.56,2.3,2.4,0.01,1.52,,,,,
1208,05/12/2026 13:19:35,23.56,2.4,2.4,0.01,1.53,,,,,
1209,05/12/2026 13:19:40,23.56,2.3,2.4,0.01,1.52,,,,,
1210,05/12/2026 13:19:45,23.55,2.3,2.4,0.01,1.51,,,,,
1211,05/12/2026 13:19:50,23.55,2.3,2.4,0.01,1.52,,,,,
1212,05/12/2026 13:19:55,23.55,2.4,2.4,0.01,1.53,,,,,
1213,05/12/2026 13:20:00,23.55,2.3,2.4,0.01,1.52,,,,,
1214,05/12/2026 13:20:05,23.55,2.3,2.4,0.01,1.48,,,,,
1215,05/12/2026 13:20:10,23.55,2.3,2.4,0.01,1.50,,,,,
1216,05/12/2026 13:20:15,23.55,2.3,2.4,0.01,1.51,,,,,
1217,05/12/2026 13:20:20,23.54,2.4,2.4,0.01,1.54,,,,,
1218,05/12/2026 13:20:25,23.54,2.4,2.4,0.01,1.53,,,,,
1219,05/12/2026 13:20:30,23.54,2.3,2.4,0.01,1.51,,,,,
1220,05/12/2026 13:20:35,23.54,2.3,2.4,0.01,1.52,,,,,
1221,05/12/2026 13:20:40,23.54,2.3,2.4,0.01,1.52,,,,,
1222,05/12/2026 13:20:45,23.54,2.3,2.4,0.01,1.51,,,,,
1223,05/12/2026 13:20:50,23.54,2.3,2.4,0.01,1.50,,,,,
1224,05/12/2026 13:20:55,23.54,2.3,2.4,0.01,1.51,,,,,
1225,05/12/2026 13:21:00,23.54,2.3,2.4,0.01,1.51,,,,,
1226,05/12/2026 13:21:05,23.53,2.3,2.4,0.01,1.53,,,,,
1227,05/12/2026 13:21:10,23.53,2.3,2.4,0.01,1.50,,,,,
1228,05/12/2026 13:21:15,23.53,2.3,2.4,0.01,1.52,,,,,
1229,05/12/2026 13:21:20,23.53,2.3,2.4,0.01,1.51,,,,,
1230,05/12/2026 13:21:25,23.53,2.3,2.4,0.01,1.49,,,,,
1231,05/12/2026 13:21:30,23.53,2.3,2.4,0.01,1.51,,,,,
1232,05/12/2026 13:21:35,23.53,2.3,2.4,0.01,1.51,,,,,
1233,05/12/2026 13:21:40,23.53,2.3,2.4,0.01,1.49,,,,,
1234,05/12/2026 13:21:45,23.53,2.3,2.4,0.01,1.52,,,,,
1235,05/12/2026 13:21:50,23.53,2.3,2.4,0.01,1.50,,,,,
1236,05/12/2026 13:21:55,23.53,2.3,2.4,0.01,1.49,,,,,
1237,05/12/2026 13:22:00,23.53,2.3,2.4,0.01,1.51,,,,,
1238,05/12/2026 13:22:05,23.53,2.3,2.4,0.01,1.53,,,,,
1239,05/12/2026 13:22:10,23.53,2.3,2.4,0.01,1.49,,,,,
1240,05/12/2026 13:22:15,23.53,2.3,2.4,0.01,1.49,,,,,
1241,05/12/2026 13:22:20,23.53,2.3,2.4,0.01,1.49,,,,,
1242,05/12/2026 13:22:25,23.53,2.3,2.3,0.01,1.48,,,,,
1243,05/12/2026 13:22:30,23.53,2.3,2.4,0.01,1.50,,,,,
1244,05/12/2026 13:22:35,23.53,2.3,2.4,0.01,1.51,,,,,
1245,05/12/2026 13:22:40,23.53,2.3,2.4,0.01,1.49,,,,,
1246,05/12/2026 13:22:45,23.53,2.3,2.4,0.01,1.48,,,,,
1247,05/12/2026 13:22:50,23.53,2.3,2.4,0.01,1.51,,,,,
1248,05/12/2026 13:22:55,23.52,2.3,2.4,0.01,1.48,,,,,
1249,05/12/2026 13:23:00,23.52,2.3,2.4,0.01,1.51,,,,,
1250,05/12/2026 13:23:05,23.52,2.2,2.3,0.01,1.44,,,,,
1251,05/12/2026 13:23:10,23.52,2.2,2.3,0.01,1.45,,,,,
1252,05/12/2026 13:23:15,23.52,2.2,2.3,0.01,1.46,,,,,
1253,05/12/2026 13:23:20,23.52,2.3,2.4,0.01,1.49,,,,,
1254,05/12/2026 13:23:25,23.52,2.2,2.3,0.01,1.46,,,,,
1255,05/12/2026 13:23:30,23.52,2.3,2.4,0.01,1.48,,,,,
1256,05/12/2026 13:23:35,23.51,2.3,2.4,0.01,1.50,,,,,
1257,05/12/2026 13:23:40,23.51,2.3,2.3,0.01,1.47,,,,,
1258,05/12/2026 13:23:45,23.51,2.3,2.3,0.01,1.46,,,,,
1259,05/12/2026 13:23:50,23.51,2.3,2.3,0.01,1.47,,,,,
1260,05/12/2026 13:23:55,23.50,2.3,2.4,0.01,1.48,,,,,
1261,05/12/2026 13:24:00,23.49,2.3,2.3,0.01,1.47,,,,,
1262,05/12/2026 13:24:05,23.49,2.3,2.4,0.01,1.49,,,,,
1263,05/12/2026 13:24:10,23.48,2.3,2.3,0.01,1.48,,,,,
1264,05/12/2026 13:24:15,23.48,2.3,2.3,0.01,1.47,,,,,
1265,05/12/2026 13:24:20,23.48,2.2,2.3,0.01,1.46,,,,,
1266,05/12/2026 13:24:25,23.47,2.4,2.5,0.01,1.56,,,,,
1267,05/12/2026 13:24:30,23.46,2.4,2.5,0.01,1.57,,,,,
1268,05/12/2026 13:24:35,23.46,2.4,2.5,0.01,1.56,,,,,
1269,05/12/2026 13:24:40,23.45,2.4,2.5,0.01,1.56,,,,,
1270,05/12/2026 13:24:45,23.44,2.4,2.5,0.01,1.58,,,,,
1271,05/12/2026 13:24:50,23.44,2.4,2.5,0.01,1.57,,,,,
1272,05/12/2026 13:24:55,23.43,2.4,2.5,0.01,1.56,,,,,
1273,05/12/2026 13:25:00,23.43,2.4,2.5,0.01,1.57,,,,,
1274,05/12/2026 13:25:05,23.42,2.4,2.5,0.01,1.57,,,,,
1275,05/12/2026 13:25:10,23.42,2.4,2.5,0.01,1.58,,,,,
1276,05/12/2026 13:25:15,23.41,2.4,2.5,0.01,1.56,,,,,
1277,05/12/2026 13:25:20,23.41,2.4,2.5,0.01,1.54,,,,,
1278,05/12/2026 13:25:25,23.40,2.4,2.5,0.01,1.56,,,,,
1279,05/12/2026 13:25:30,23.40,2.4,2.4,0.01,1.54,,,,,
1280,05/12/2026 13:25:35,23.40,2.4,2.5,0.01,1.56,,,,,
1281,05/12/2026 13:25:40,23.40,2.4,2.5,0.01,1.54,,,,,
1282,05/12/2026 13:25:45,23.39,2.4,2.4,0.01,1.53,,,,,
1283,05/12/2026 13:25:50,23.39,2.4,2.4,0.01,1.54,,,,,
1284,05/12/2026 13:25:55,23.39,2.4,2.4,0.01,1.53,,,,,
1285,05/12/2026 13:26:00,23.39,2.4,2.4,0.01,1.53,,,,,
1286,05/12/2026 13:26:05,23.39,2.4,2.5,0.01,1.55,,,,,
1287,05/12/2026 13:26:10,23.39,2.4,2.4,0.01,1.53,,,,,
1288,05/12/2026 13:26:15,23.38,2.4,2.5,0.01,1.55,,,,,
1289,05/12/2026 13:26:20,23.38,2.4,2.5,0.01,1.54,,,,,
1290,05/12/2026 13:26:25,23.37,2.4,2.5,0.01,1.55,,,,,
1291,05/12/2026 13:26:30,23.37,2.4,2.5,0.01,1.55,,,,,
1292,05/12/2026 13:26:35,23.36,2.4,2.5,0.01,1.56,,,,,
1293,05/12/2026 13:26:40,23.36,2.4,2.5,0.01,1.56,,,,,
1294,05/12/2026 13:26:45,23.35,2.4,2.5,0.01,1.54,,,,,
1295,05/12/2026 13:26:50,23.35,2.4,2.5,0.01,1.55,,,,,
1296,05/12/2026 13:26:55,23.34,2.4,2.5,0.01,1.58,,,,,
1297,05/12/2026 13:27:00,23.33,2.4,2.5,0.01,1.54,,,,,
1298,05/12/2026 13:27:05,23.33,2.5,2.6,0.01,1.61,,,,,
1299,05/12/2026 13:27:10,23.32,2.6,2.7,0.01,1.66,,,,,
1300,05/12/2026 13:27:15,23.32,2.5,2.6,0.01,1.63,,,,,
1301,05/12/2026 13:27:20,23.31,2.5,2.6,0.01,1.62,,,,,
1302,05/12/2026 13:27:25,23.31,2.5,2.5,0.01,1.60,,,,,
1303,05/12/2026 13:27:30,23.31,2.5,2.6,0.01,1.62,,,,,
1304,05/12/2026 13:27:35,23.31,2.5,2.6,0.01,1.64,,,,,
1305,05/12/2026 13:27:40,23.31,2.5,2.5,0.01,1.60,,,,,
1306,05/12/2026 13:27:45,23.31,2.5,2.6,0.01,1.62,,,,,
1307,05/12/2026 13:27:50,23.31,2.5,2.6,0.01,1.61,,,,,
1308,05/12/2026 13:27:55,23.31,2.5,2.6,0.01,1.61,,,,,
1309,05/12/2026 13:28:00,23.32,2.2,2.3,0.01,1.46,,,,,
1310,05/12/2026 13:28:05,23.32,2.5,2.5,0.01,1.60,,,,,
1311,05/12/2026 13:28:10,23.33,2.5,2.6,0.01,1.64,,,,,
1312,05/12/2026 13:28:15,23.33,2.5,2.6,0.01,1.64,,,,,
1313,05/12/2026 13:28:20,23.33,2.5,2.6,0.01,1.64,,,,,
1314,05/12/2026 13:28:25,23.34,2.5,2.6,0.01,1.64,,,,,
1315,05/12/2026 13:28:30,23.34,2.5,2.6,0.01,1.66,,,,,
1316,05/12/2026 13:28:35,23.34,2.6,2.6,0.01,1.66,,,,,
1317,05/12/2026 13:28:40,23.35,2.5,2.6,0.01,1.65,,,,,
1318,05/12/2026 13:28:45,23.35,2.6,2.7,0.01,1.66,,,,,
1319,05/12/2026 13:28:50,23.36,2.6,2.7,0.01,1.67,,,,,
1320,05/12/2026 13:28:55,23.36,2.6,2.7,0.01,1.67,,,,,
1321,05/12/2026 13:29:00,23.36,2.6,2.7,0.01,1.67,,,,,
1322,05/12/2026 13:29:05,23.37,2.6,2.6,0.01,1.66,,,,,
1323,05/12/2026 13:29:10,23.37,2.6,2.6,0.01,1.66,,,,,
1324,05/12/2026 13:29:15,23.38,2.5,2.6,0.01,1.65,,,,,
1325,05/12/2026 13:29:20,23.38,2.6,2.6,0.01,1.66,,,,,
1326,05/12/2026 13:29:25,23.39,2.6,2.7,0.01,1.67,,,,,
1327,05/12/2026 13:29:30,23.39,2.6,2.7,0.01,1.67,,,,,
1328,05/12/2026 13:29:35,23.39,2.6,2.6,0.01,1.66,,,,,
1329,05/12/2026 13:29:40,23.39,2.5,2.6,0.01,1.64,,,,,
1330,05/12/2026 13:29:45,23.40,2.5,2.6,0.01,1.65,,,,,
1331,05/12/2026 13:29:50,23.41,2.5,2.6,0.01,1.66,,,,,
1332,05/12/2026 13:29:55,23.41,2.5,2.6,0.01,1.65,,,,,
1333,05/12/2026 13:30:00,23.41,2.6,2.7,0.01,1.68,,,,,
1334,05/12/2026 13:30:05,23.42,2.5,2.6,0.01,1.66,,,,,
1335,05/12/2026 13:30:10,23.42,2.6,2.6,0.01,1.66,,,,,
1336,05/12/2026 13:30:15,23.42,2.5,2.6,0.01,1.65,,,,,
1337,05/12/2026 13:30:20,23.43,2.6,2.7,0.01,1.67,,,,,
1338,05/12/2026 13:30:25,23.43,2.6,2.7,0.01,1.67,,,,,
1339,05/12/2026 13:30:30,23.44,2.5,2.6,0.01,1.66,,,,,
1340,05/12/2026 13:30:35,23.44,2.5,2.6,0.01,1.65,,,,,
1341,05/12/2026 13:30:40,23.44,2.5,2.6,0.01,1.65,,,,,
1342,05/12/2026 13:30:45,23.45,2.5,2.6,0.01,1.65,,,,,
1343,05/12/2026 13:30:50,23.45,2.5,2.6,0.01,1.65,,,,,
1344,05/12/2026 13:30:55,23.46,2.5,2.6,0.01,1.65,,,,,
1345,05/12/2026 13:31:00,23.46,2.5,2.6,0.01,1.65,,,,,
1346,05/12/2026 13:31:05,23.46,2.6,2.6,0.01,1.66,,,,,
1347,05/12/2026 13:31:10,23.47,2.5,2.6,0.01,1.64,,,,,
1348,05/12/2026 13:31:15,23.47,2.5,2.6,0.01,1.64,,,,,
1349,05/12/2026 13:31:20,23.48,2.5,2.6,0.01,1.65,,,,,
1350,05/12/2026 13:31:25,23.48,2.5,2.6,0.01,1.64,,,,,
1351,05/12/2026 13:31:30,23.49,2.6,2.6,0.01,1.66,,,,,
1352,05/12/2026 13:31:35,23.49,2.6,2.6,0.01,1.66,,,,,
1353,05/12/2026 13:31:40,23.50,2.5,2.6,0.01,1.65,,,,,
1354,05/12/2026 13:31:45,23.50,2.6,2.6,0.01,1.66,,,,,
1355,05/12/2026 13:31:50,23.50,2.5,2.6,0.01,1.63,,,,,
1356,05/12/2026 13:31:55,23.51,2.6,2.6,0.01,1.66,,,,,
1357,05/12/2026 13:32:00,23.51,2.5,2.6,0.01,1.66,,,,,
1358,05/12/2026 13:32:05,23.52,2.5,2.6,0.01,1.64,,,,,
1359,05/12/2026 13:32:10,23.52,2.5,2.6,0.01,1.63,,,,,
1360,05/12/2026 13:32:15,23.53,2.5,2.6,0.01,1.64,,,,,
1361,05/12/2026 13:32:20,23.53,2.5,2.6,0.01,1.65,,,,,
1362,05/12/2026 13:32:25,23.54,2.6,2.6,0.01,1.66,,,,,
1363,05/12/2026 13:32:30,23.54,2.5,2.6,0.01,1.65,,,,,
1364,05/12/2026 13:32:35,23.54,2.5,2.6,0.01,1.64,,,,,
1365,05/12/2026 13:32:40,23.55,2.5,2.6,0.01,1.65,,,,,
1366,05/12/2026 13:32:45,23.55,2.5,2.6,0.01,1.65,,,,,
1367,05/12/2026 13:32:50,23.55,2.5,2.6,0.01,1.63,,,,,
1368,05/12/2026 13:32:55,23.56,2.5,2.6,0.01,1.65,,,,,
1369,05/12/2026 13:33:00,23.56,2.5,2.6,0.01,1.65,,,,,
1370,05/12/2026 13:33:05,23.57,2.5,2.6,0.01,1.65,,,,,
1371,05/12/2026 13:33:10,23.57,2.5,2.6,0.01,1.66,,,,,
1372,05/12/2026 13:33:15,23.57,2.5,2.6,0.01,1.65,,,,,
1373,05/12/2026 13:33:20,23.58,2.5,2.6,0.01,1.64,,,,,
1374,05/12/2026 13:33:25,23.58,2.5,2.6,0.01,1.64,,,,,
1375,05/12/2026 13:33:30,23.59,2.5,2.6,0.01,1.64,,,,,
1376,05/12/2026 13:33:35,23.59,2.5,2.6,0.01,1.65,,,,,
1377,05/12/2026 13:33:40,23.60,2.5,2.6,0.01,1.64,,,,,
1378,05/12/2026 13:33:45,23.60,2.5,2.6,0.01,1.64,,,,,
1379,05/12/2026 13:33:50,23.60,2.5,2.6,0.01,1.64,,,,,
1380,05/12/2026 13:33:55,23.61,2.5,2.6,0.01,1.65,,,,,
1381,05/12/2026 13:34:00,23.62,2.5,2.6,0.01,1.64,,,,,
1382,05/12/2026 13:34:05,23.62,2.5,2.6,0.01,1.64,,,,,
1383,05/12/2026 13:34:10,23.63,2.5,2.6,0.01,1.65,,,,,
1384,05/12/2026 13:34:15,23.63,2.5,2.6,0.01,1.65,,,,,
1385,05/12/2026 13:34:20,23.63,2.5,2.6,0.01,1.63,,,,,
1386,05/12/2026 13:34:25,23.64,2.5,2.6,0.01,1.63,,,,,
1387,05/12/2026 13:34:30,23.64,2.5,2.6,0.01,1.65,,,,,
1388,05/12/2026 13:34:35,23.64,2.5,2.6,0.01,1.66,,,,,
1389,05/12/2026 13:34:40,23.65,2.5,2.6,0.01,1.64,,,,,
1390,05/12/2026 13:34:45,23.66,2.5,2.6,0.01,1.64,,,,,
1391,05/12/2026 13:34:50,23.66,2.5,2.6,0.01,1.65,,,,,
1392,05/12/2026 13:34:55,23.66,2.5,2.6,0.01,1.64,,,,,
1393,05/12/2026 13:35:00,23.67,2.5,2.6,0.01,1.63,,,,,
1394,05/12/2026 13:35:05,23.67,2.5,2.6,0.01,1.65,,,,,
1395,05/12/2026 13:35:10,23.68,2.5,2.6,0.01,1.64,,,,,
1396,05/12/2026 13:35:15,23.68,2.5,2.6,0.01,1.64,,,,,
1397,05/12/2026 13:35:20,23.68,2.5,2.6,0.01,1.65,,,,,
1398,05/12/2026 13:35:25,23.69,2.5,2.6,0.01,1.65,,,,,
1399,05/12/2026 13:35:30,23.69,2.5,2.6,0.01,1.65,,,,,
1400,05/12/2026 13:35:35,23.70,2.5,2.6,0.01,1.64,,,,,
1401,05/12/2026 13:35:40,23.70,2.5,2.6,0.01,1.63,,,,,
1402,05/12/2026 13:35:45,23.71,2.5,2.6,0.01,1.64,,,,,
1403,05/12/2026 13:35:50,23.71,2.5,2.6,0.01,1.63,,,,,
1404,05/12/2026 13:35:55,23.71,2.5,2.6,0.01,1.63,,,,,
1405,05/12/2026 13:36:00,23.72,2.5,2.6,0.01,1.64,,,,,
1406,05/12/2026 13:36:05,23.72,2.5,2.6,0.01,1.65,,,,,
1407,05/12/2026 13:36:10,23.73,2.5,2.6,0.01,1.64,,,,,
1408,05/12/2026 13:36:15,23.73,2.5,2.6,0.01,1.64,,,,,
1409,05/12/2026 13:36:20,23.73,2.5,2.6,0.01,1.62,,,,,
1410,05/12/2026 13:36:25,23.74,2.5,2.6,0.01,1.64,,,,,
1411,05/12/2026 13:36:30,23.74,2.5,2.6,0.01,1.66,,,,,
1412,05/12/2026 13:36:35,23.75,2.5,2.6,0.01,1.64,,,,,
1413,05/12/2026 13:36:40,23.75,2.5,2.6,0.01,1.62,,,,,
1414,05/12/2026 13:36:45,23.76,2.5,2.6,0.01,1.63,,,,,
1415,05/12/2026 13:36:50,23.76,2.5,2.6,0.01,1.63,,,,,
1416,05/12/2026 13:36:55,23.77,2.5,2.6,0.01,1.64,,,,,
1417,05/12/2026 13:37:00,23.77,2.5,2.6,0.01,1.65,,,,,
1418,05/12/2026 13:37:05,23.77,2.5,2.6,0.01,1.63,,,,,
1419,05/12/2026 13:37:10,23.78,2.5,2.6,0.01,1.63,,,,,
1420,05/12/2026 13:37:15,23.78,2.5,2.6,0.01,1.63,,,,,
1421,05/12/2026 13:37:20,23.79,2.5,2.6,0.01,1.64,,,,,
1422,05/12/2026 13:37:25,23.79,2.5,2.6,0.01,1.63,,,,,
1423,05/12/2026 13:37:30,23.79,2.5,2.6,0.01,1.64,,,,,
1424,05/12/2026 13:37:35,23.80,2.5,2.6,0.01,1.63,,,,,
1425,05/12/2026 13:37:40,23.80,2.5,2.6,0.01,1.63,,,,,
1426,05/12/2026 13:37:45,23.81,2.5,2.6,0.01,1.64,,,,,
1427,05/12/2026 13:37:50,23.81,2.5,2.6,0.01,1.63,,,,,
1428,05/12/2026 13:37:55,23.82,2.5,2.6,0.01,1.64,,,,,
1429,05/12/2026 13:38:00,23.82,2.5,2.6,0.01,1.63,,,,,
1430,05/12/2026 13:38:05,23.82,2.5,2.6,0.01,1.64,,,,,
1431,05/12/2026 13:38:10,23.83,2.5,2.6,0.01,1.63,,,,,
1432,05/12/2026 13:38:15,23.83,2.5,2.6,0.01,1.63,,,,,
1433,05/12/2026 13:38:20,23.84,2.5,2.6,0.01,1.63,,,,,
1434,05/12/2026 13:38:25,23.84,2.5,2.6,0.01,1.62,,,,,
1435,05/12/2026 13:38:30,23.84,2.5,2.6,0.01,1.62,,,,,
1436,05/12/2026 13:38:35,23.85,2.5,2.6,0.01,1.64,,,,,
1437,05/12/2026 13:38:40,23.85,2.5,2.6,0.01,1.62,,,,,
1438,05/12/2026 13:38:45,23.85,2.5,2.6,0.01,1.64,,,,,
1439,05/12/2026 13:38:50,23.86,2.5,2.6,0.01,1.65,,,,,
1440,05/12/2026 13:38:55,23.86,2.5,2.6,0.01,1.63,,,,,
1441,05/12/2026 13:39:00,23.87,2.5,2.6,0.01,1.64,,,,,
1442,05/12/2026 13:39:05,23.87,2.5,2.6,0.01,1.63,,,,,
1443,05/12/2026 13:39:10,23.88,2.5,2.6,0.01,1.62,,,,,
1444,05/12/2026 13:39:15,23.88,2.5,2.6,0.01,1.64,,,,,
1445,05/12/2026 13:39:20,23.89,2.5,2.5,0.01,1.62,,,,,
1446,05/12/2026 13:39:25,23.89,2.5,2.6,0.01,1.65,,,,,
1447,05/12/2026 13:39:30,23.89,2.5,2.5,0.01,1.62,,,,,
1448,05/12/2026 13:39:35,23.90,2.5,2.6,0.01,1.63,,,,,
1449,05/12/2026 13:39:40,23.90,2.5,2.6,0.01,1.63,,,,,
1450,05/12/2026 13:39:45,23.91,2.5,2.6,0.01,1.63,,,,,
1451,05/12/2026 13:39:50,23.91,2.5,2.5,0.01,1.61,,,,,
1452,05/12/2026 13:39:55,23.92,2.5,2.6,0.01,1.63,,,,,
1453,05/12/2026 13:40:00,23.92,2.5,2.6,0.01,1.63,,,,,
1454,05/12/2026 13:40:05,23.93,2.5,2.6,0.01,1.64,,,,,
1455,05/12/2026 13:40:10,23.93,2.5,2.6,0.01,1.63,,,,,
1456,05/12/2026 13:40:15,23.94,2.5,2.6,0.01,1.62,,,,,
1457,05/12/2026 13:40:20,23.94,2.5,2.6,0.01,1.64,,,,,
1458,05/12/2026 13:40:25,23.94,2.5,2.6,0.01,1.63,,,,,
1459,05/12/2026 13:40:30,23.95,2.5,2.5,0.01,1.62,,,,,
1460,05/12/2026 13:40:35,23.95,2.5,2.6,0.01,1.62,,,,,
1461,05/12/2026 13:40:40,23.96,2.5,2.6,0.01,1.63,,,,,
1462,05/12/2026 13:40:45,23.96,2.5,2.6,0.01,1.65,,,,,
1463,05/12/2026 13:40:50,23.97,2.5,2.6,0.01,1.64,,,,,
1464,05/12/2026 13:40:55,23.97,2.5,2.6,0.01,1.63,,,,,
1465,05/12/2026 13:41:00,23.97,2.5,2.6,0.01,1.63,,,,,
1466,05/12/2026 13:41:05,23.98,2.5,2.6,0.01,1.63,,,,,
1467,05/12/2026 13:41:10,23.98,2.5,2.6,0.01,1.63,,,,,
1468,05/12/2026 13:41:15,23.98,2.5,2.6,0.01,1.63,,,,,
1469,05/12/2026 13:41:20,23.99,2.5,2.6,0.01,1.63,,,,,
1470,05/12/2026 13:41:25,24.00,2.5,2.6,0.01,1.63,,,,,
1471,05/12/2026 13:41:30,24.00,2.5,2.6,0.01,1.63,,,,,
1472,05/12/2026 13:41:35,24.00,2.5,2.6,0.01,1.63,,,,,
1473,05/12/2026 13:41:40,24.01,2.5,2.6,0.01,1.64,,,,,
1474,05/12/2026 13:41:45,24.01,2.5,2.6,0.01,1.62,,,,,
1475,05/12/2026 13:41:50,24.02,2.5,2.6,0.01,1.64,,,,,
1476,05/12/2026 13:41:55,24.02,2.5,2.6,0.01,1.64,,,,,
1477,05/12/2026 13:42:00,24.03,2.5,2.6,0.01,1.63,,,,,
1478,05/12/2026 13:42:05,24.03,2.5,2.6,0.01,1.63,,,,,
1479,05/12/2026 13:42:10,24.03,2.5,2.6,0.01,1.63,,,,,
1480,05/12/2026 13:42:15,24.04,2.5,2.5,0.01,1.62,,,,,
1481,05/12/2026 13:42:20,24.04,2.5,2.6,0.01,1.65,,,,,
1482,05/12/2026 13:42:25,24.05,2.5,2.6,0.01,1.63,,,,,
1483,05/12/2026 13:42:30,24.05,2.5,2.6,0.01,1.63,,,,,
1484,05/12/2026 13:42:35,24.06,2.5,2.5,0.01,1.62,,,,,
1485,05/12/2026 13:42:40,24.06,2.5,2.5,0.01,1.62,,,,,
1486,05/12/2026 13:42:45,24.06,2.5,2.6,0.01,1.63,,,,,
1487,05/12/2026 13:42:50,24.07,2.5,2.5,0.01,1.60,,,,,
1488,05/12/2026 13:42:55,24.07,2.5,2.6,0.01,1.63,,,,,
1489,05/12/2026 13:43:00,24.08,2.5,2.5,0.01,1.62,,,,,
1490,05/12/2026 13:43:05,24.08,2.5,2.6,0.01,1.63,,,,,
1491,05/12/2026 13:43:10,24.09,2.5,2.5,0.01,1.62,,,,,
1492,05/12/2026 13:43:15,24.09,2.5,2.5,0.01,1.61,,,,,
1493,05/12/2026 13:43:20,24.10,2.5,2.5,0.01,1.62,,,,,
1494,05/12/2026 13:43:25,24.10,2.5,2.6,0.01,1.63,,,,,
1495,05/12/2026 13:43:30,24.10,2.5,2.5,0.01,1.62,,,,,
1496,05/12/2026 13:43:35,24.11,2.5,2.5,0.01,1.62,,,,,
1497,05/12/2026 13:43:40,24.11,2.5,2.6,0.01,1.63,,,,,
1498,05/12/2026 13:43:45,24.12,2.5,2.5,0.01,1.62,,,,,
1499,05/12/2026 13:43:50,24.12,2.5,2.5,0.01,1.61,,,,,
1500,05/12/2026 13:43:55,24.13,2.5,2.5,0.01,1.60,,,,,
1501,05/12/2026 13:44:00,24.13,2.5,2.5,0.01,1.61,,,,,
1502,05/12/2026 13:44:05,24.13,2.5,2.6,0.01,1.63,,,,,
1503,05/12/2026 13:44:10,24.14,2.5,2.5,0.01,1.62,,,,,
1504,05/12/2026 13:44:15,24.14,2.5,2.6,0.01,1.63,,,,,
1505,05/12/2026 13:44:20,24.15,2.5,2.5,0.01,1.62,,,,,
1506,05/12/2026 13:44:25,24.15,2.5,2.5,0.01,1.62,,,,,
1507,05/12/2026 13:44:30,24.16,2.5,2.6,0.01,1.63,,,,,
1508,05/12/2026 13:44:35,24.16,2.5,2.5,0.01,1.60,,,,,
1509,05/12/2026 13:44:40,24.16,2.5,2.5,0.01,1.63,,,,,
1510,05/12/2026 13:44:45,24.17,2.5,2.5,0.01,1.62,,,,,
1511,05/12/2026 13:44:50,24.17,2.5,2.5,0.01,1.61,,,,,
1512,05/12/2026 13:44:55,24.18,2.5,2.5,0.01,1.62,,,,,
1513,05/12/2026 13:45:00,24.18,2.5,2.5,0.01,1.60,,,,,
1514,05/12/2026 13:45:05,24.19,2.5,2.5,0.01,1.61,,,,,
1515,05/12/2026 13:45:10,24.19,2.5,2.5,0.01,1.60,,,,,
1516,05/12/2026 13:45:15,24.19,2.5,2.5,0.01,1.62,,,,,
1517,05/12/2026 13:45:20,24.20,2.5,2.5,0.01,1.61,,,,,
1518,05/12/2026 13:45:25,24.20,2.5,2.5,0.01,1.60,,,,,
1519,05/12/2026 13:45:30,24.21,2.5,2.5,0.01,1.61,,,,,
1520,05/12/2026 13:45:35,24.21,2.5,2.5,0.01,1.62,,,,,
1521,05/12/2026 13:45:40,24.21,2.5,2.5,0.01,1.61,,,,,
1522,05/12/2026 13:45:45,24.22,2.5,2.5,0.01,1.61,,,,,
1523,05/12/2026 13:45:50,24.22,2.5,2.5,0.01,1.60,,,,,
1524,05/12/2026 13:45:55,24.22,2.5,2.5,0.01,1.62,,,,,
1525,05/12/2026 13:46:00,24.23,2.5,2.5,0.01,1.63,,,,,
1526,05/12/2026 13:46:05,24.23,2.5,2.5,0.01,1.62,,,,,
1527,05/12/2026 13:46:10,24.24,2.5,2.5,0.01,1.63,,,,,
1528,05/12/2026 13:46:15,24.24,2.5,2.5,0.01,1.62,,,,,
1529,05/12/2026 13:46:20,24.25,2.5,2.5,0.01,1.61,,,,,
1530,05/12/2026 13:46:25,24.25,2.5,2.5,0.01,1.60,,,,,
1531,05/12/2026 13:46:30,24.26,2.5,2.5,0.01,1.60,,,,,
1532,05/12/2026 13:46:35,24.26,2.5,2.5,0.01,1.61,,,,,
1533,05/12/2026 13:46:40,24.27,2.5,2.5,0.01,1.61,,,,,
1534,05/12/2026 13:46:45,24.27,2.5,2.5,0.01,1.63,,,,,
1535,05/12/2026 13:46:50,24.27,2.5,2.5,0.01,1.62,,,,,
1536,05/12/2026 13:46:55,24.28,2.5,2.5,0.01,1.62,,,,,
1537,05/12/2026 13:47:00,24.28,2.5,2.5,0.01,1.60,,,,,
1538,05/12/2026 13:47:05,24.29,2.5,2.5,0.01,1.60,,,,,
1539,05/12/2026 13:47:10,24.29,2.5,2.5,0.01,1.60,,,,,
1540,05/12/2026 13:47:15,24.29,2.5,2.5,0.01,1.63,,,,,
1541,05/12/2026 13:47:20,24.30,2.5,2.5,0.01,1.62,,,,,
1542,05/12/2026 13:47:25,24.30,2.5,2.5,0.01,1.61,,,,,
1543,05/12/2026 13:47:30,24.31,2.5,2.5,0.01,1.62,,,,,
1544,05/12/2026 13:47:35,24.31,2.5,2.5,0.01,1.60,,,,,
1545,05/12/2026 13:47:40,24.32,2.5,2.5,0.01,1.60,,,,,
1546,05/12/2026 13:47:45,24.32,2.4,2.5,0.01,1.58,,,,,
1547,05/12/2026 13:47:50,24.33,2.4,2.5,0.01,1.59,,,,,
1548,05/12/2026 13:47:55,24.33,2.5,2.5,0.01,1.60,,,,,
1549,05/12/2026 13:48:00,24.33,2.5,2.5,0.01,1.60,,,,,
1550,05/12/2026 13:48:05,24.34,2.5,2.5,0.01,1.61,,,,,
1551,05/12/2026 13:48:10,24.34,2.5,2.5,0.01,1.60,,,,,
1552,05/12/2026 13:48:15,24.35,2.5,2.5,0.01,1.60,,,,,
1553,05/12/2026 13:48:20,24.35,2.5,2.5,0.01,1.62,,,,,
1554,05/12/2026 13:48:25,24.36,2.5,2.5,0.01,1.60,,,,,
1555,05/12/2026 13:48:30,24.36,2.5,2.5,0.01,1.62,,,,,
1556,05/12/2026 13:48:35,24.37,2.5,2.5,0.01,1.60,,,,,
1557,05/12/2026 13:48:40,24.37,2.5,2.5,0.01,1.61,,,,,
1558,05/12/2026 13:48:45,24.38,2.5,2.5,0.01,1.61,,,,,
1559,05/12/2026 13:48:50,24.38,2.5,2.5,0.01,1.60,,,,,
1560,05/12/2026 13:48:55,24.38,2.4,2.5,0.01,1.59,,,,,
1561,05/12/2026 13:49:00,24.39,2.5,2.5,0.01,1.60,,,,,
1562,05/12/2026 13:49:05,24.39,2.4,2.5,0.01,1.59,,,,,
1563,05/12/2026 13:49:10,24.40,2.5,2.5,0.01,1.60,,,,,
1564,05/12/2026 13:49:15,24.40,2.5,2.5,0.01,1.60,,,,,
1565,05/12/2026 13:49:20,24.41,2.5,2.5,0.01,1.63,,,,,
1566,05/12/2026 13:49:25,24.41,2.5,2.5,0.01,1.61,,,,,
1567,05/12/2026 13:49:30,24.42,2.5,2.5,0.01,1.60,,,,,
1568,05/12/2026 13:49:35,24.42,2.5,2.5,0.01,1.59,,,,,
1569,05/12/2026 13:49:40,24.42,2.5,2.5,0.01,1.60,,,,,
1570,05/12/2026 13:49:45,24.43,2.5,2.5,0.01,1.60,,,,,
1571,05/12/2026 13:49:50,24.44,2.4,2.5,0.01,1.59,,,,,
1572,05/12/2026 13:49:55,24.44,2.4,2.5,0.01,1.59,,,,,
1573,05/12/2026 13:50:00,24.44,2.5,2.5,0.01,1.60,,,,,
1574,05/12/2026 13:50:05,24.45,2.5,2.5,0.01,1.59,,,,,
1575,05/12/2026 13:50:10,24.45,2.5,2.5,0.01,1.60,,,,,
1576,05/12/2026 13:50:15,24.46,2.4,2.5,0.01,1.59,,,,,
1577,05/12/2026 13:50:20,24.46,2.5,2.5,0.01,1.60,,,,,
1578,05/12/2026 13:50:25,24.47,2.5,2.5,0.01,1.60,,,,,
1579,05/12/2026 13:50:30,24.47,2.4,2.5,0.01,1.59,,,,,
1580,05/12/2026 13:50:35,24.48,2.5,2.5,0.01,1.61,,,,,
1581,05/12/2026 13:50:40,24.48,2.5,2.5,0.01,1.61,,,,,
1582,05/12/2026 13:50:45,24.48,2.5,2.5,0.01,1.60,,,,,
1583,05/12/2026 13:50:50,24.49,2.4,2.5,0.01,1.59,,,,,
1584,05/12/2026 13:50:55,24.50,2.5,2.5,0.01,1.60,,,,,
1585,05/12/2026 13:51:00,24.50,2.4,2.5,0.01,1.59,,,,,
1586,05/12/2026 13:51:05,24.50,2.4,2.5,0.01,1.58,,,,,
1587,05/12/2026 13:51:10,24.51,2.4,2.5,0.01,1.59,,,,,
1588,05/12/2026 13:51:15,24.51,2.4,2.5,0.01,1.59,,,,,
1589,05/12/2026 13:51:20,24.52,2.5,2.5,0.01,1.60,,,,,
1590,05/12/2026 13:51:25,24.52,2.5,2.5,0.01,1.60,,,,,
1591,05/12/2026 13:51:30,24.53,2.4,2.5,0.01,1.59,,,,,
1592,05/12/2026 13:51:35,24.53,2.5,2.5,0.01,1.59,,,,,
1593,05/12/2026 13:51:40,24.54,2.4,2.5,0.01,1.59,,,,,
1594,05/12/2026 13:51:45,24.54,2.5,2.5,0.01,1.60,,,,,
1595,05/12/2026 13:51:50,24.54,2.5,2.5,0.01,1.60,,,,,
1596,05/12/2026 13:51:55,24.55,2.4,2.5,0.01,1.58,,,,,
1597,05/12/2026 13:52:00,24.55,2.4,2.4,0.01,1.57,,,,,
1598,05/12/2026 13:52:05,24.56,2.4,2.5,0.01,1.59,,,,,
1599,05/12/2026 13:52:10,24.56,2.4,2.5,0.01,1.59,,,,,
1600,05/12/2026 13:52:15,24.57,2.5,2.5,0.01,1.60,,,,,
1601,05/12/2026 13:52:20,24.57,2.5,2.5,0.01,1.60,,,,,
1602,05/12/2026 13:52:25,24.58,2.4,2.5,0.01,1.58,,,,,
1603,05/12/2026 13:52:30,24.58,2.4,2.5,0.01,1.59,,,,,
1604,05/12/2026 13:52:35,24.58,2.4,2.4,0.01,1.58,,,,,
1605,05/12/2026 13:52:40,24.59,2.5,2.5,0.01,1.60,,,,,
1606,05/12/2026 13:52:45,24.59,2.5,2.5,0.01,1.60,,,,,
1607,05/12/2026 13:52:50,24.60,2.4,2.5,0.01,1.58,,,,,
1608,05/12/2026 13:52:55,24.60,2.5,2.5,0.01,1.59,,,,,
1609,05/12/2026 13:53:00,24.61,2.5,2.5,0.01,1.61,,,,,
1610,05/12/2026 13:53:05,24.61,2.4,2.5,0.01,1.58,,,,,
1611,05/12/2026 13:53:10,24.61,2.4,2.5,0.01,1.59,,,,,
1612,05/12/2026 13:53:15,24.62,2.5,2.5,0.01,1.60,,,,,
1613,05/12/2026 13:53:20,24.62,2.5,2.5,0.01,1.60,,,,,
1614,05/12/2026 13:53:25,24.63,2.4,2.5,0.01,1.58,,,,,
1615,05/12/2026 13:53:30,24.63,2.4,2.5,0.01,1.59,,,,,
1616,05/12/2026 13:53:35,24.64,2.4,2.4,0.01,1.58,,,,,
1617,05/12/2026 13:53:40,24.64,2.4,2.5,0.01,1.59,,,,,
1618,05/12/2026 13:53:45,24.65,2.4,2.4,0.01,1.58,,,,,
1619,05/12/2026 13:53:50,24.65,2.4,2.5,0.01,1.59,,,,,
1620,05/12/2026 13:53:55,24.66,2.4,2.5,0.01,1.59,,,,,
1621,05/12/2026 13:54:00,24.66,2.4,2.5,0.01,1.58,,,,,
1622,05/12/2026 13:54:05,24.67,2.5,2.5,0.01,1.60,,,,,
1623,05/12/2026 13:54:10,24.67,2.4,2.4,0.01,1.57,,,,,
1624,05/12/2026 13:54:15,24.67,2.4,2.5,0.01,1.59,,,,,
1625,05/12/2026 13:54:20,24.68,2.4,2.5,0.01,1.59,,,,,
1626,05/12/2026 13:54:25,24.68,2.4,2.4,0.01,1.57,,,,,
1627,05/12/2026 13:54:30,24.69,2.4,2.4,0.01,1.57,,,,,
1628,05/12/2026 13:54:35,24.69,2.4,2.5,0.01,1.59,,,,,
1629,05/12/2026 13:54:40,24.70,2.4,2.5,0.01,1.58,,,,,
1630,05/12/2026 13:54:45,24.70,2.4,2.5,0.01,1.59,,,,,
1631,05/12/2026 13:54:50,24.71,2.5,2.5,0.01,1.60,,,,,
1632,05/12/2026 13:54:55,24.71,2.4,2.4,0.01,1.58,,,,,
1633,05/12/2026 13:55:00,24.72,2.4,2.4,0.01,1.58,,,,,
1634,05/12/2026 13:55:05,24.72,2.4,2.4,0.01,1.57,,,,,
1635,05/12/2026 13:55:10,24.73,2.4,2.4,0.01,1.57,,,,,
1636,05/12/2026 13:55:15,24.73,2.4,2.4,0.01,1.57,,,,,
1637,05/12/2026 13:55:20,24.74,2.4,2.4,0.01,1.57,,,,,
1638,05/12/2026 13:55:25,24.74,2.4,2.4,0.01,1.57,,,,,
1639,05/12/2026 13:55:30,24.74,2.4,2.4,0.01,1.58,,,,,
1640,05/12/2026 13:55:35,24.75,2.4,2.5,0.01,1.59,,,,,
1641,05/12/2026 13:55:40,24.75,2.4,2.4,0.01,1.58,,,,,
1642,05/12/2026 13:55:45,24.76,2.4,2.5,0.01,1.59,,,,,
1643,05/12/2026 13:55:50,24.76,2.4,2.4,0.01,1.58,,,,,
1644,05/12/2026 13:55:55,24.77,2.5,2.5,0.01,1.60,,,,,
1645,05/12/2026 13:56:00,24.77,2.5,2.5,0.01,1.60,,,,,
1646,05/12/2026 13:56:05,24.77,2.4,2.4,0.01,1.58,,,,,
1647,05/12/2026 13:56:10,24.78,2.4,2.5,0.01,1.59,,,,,
1648,05/12/2026 13:56:15,24.78,2.4,2.4,0.01,1.57,,,,,
1649,05/12/2026 13:56:20,24.79,2.4,2.4,0.01,1.58,,,,,
1650,05/12/2026 13:56:25,24.79,2.4,2.4,0.01,1.57,,,,,
1651,05/12/2026 13:56:30,24.80,2.5,2.5,0.01,1.60,,,,,
1652,05/12/2026 13:56:35,24.80,2.4,2.4,0.01,1.58,,,,,
1653,05/12/2026 13:56:40,24.81,2.4,2.4,0.01,1.57,,,,,
1654,05/12/2026 13:56:45,24.81,2.4,2.4,0.01,1.57,,,,,
1655,05/12/2026 13:56:50,24.82,2.4,2.4,0.01,1.57,,,,,
1656,05/12/2026 13:56:55,24.82,2.4,2.4,0.01,1.56,,,,,
1657,05/12/2026 13:57:00,24.83,2.4,2.4,0.01,1.58,,,,,
1658,05/12/2026 13:57:05,24.83,2.4,2.4,0.01,1.57,,,,,
1659,05/12/2026 13:57:10,24.83,2.4,2.4,0.01,1.58,,,,,
1660,05/12/2026 13:57:15,24.84,2.4,2.4,0.01,1.56,,,,,
1661,05/12/2026 13:57:20,24.84,2.4,2.4,0.01,1.59,,,,,
1662,05/12/2026 13:57:25,24.85,2.4,2.4,0.01,1.58,,,,,
1663,05/12/2026 13:57:30,24.85,2.4,2.4,0.01,1.57,,,,,
1664,05/12/2026 13:57:35,24.86,2.4,2.4,0.01,1.58,,,,,
1665,05/12/2026 13:57:40,24.86,2.4,2.4,0.01,1.58,,,,,
1666,05/12/2026 13:57:45,24.87,2.4,2.4,0.01,1.59,,,,,
1667,05/12/2026 13:57:50,24.87,2.4,2.4,0.01,1.58,,,,,
1668,05/12/2026 13:57:55,24.88,2.5,2.5,0.01,1.60,,,,,
1669,05/12/2026 13:58:00,24.88,2.5,2.5,0.01,1.59,,,,,
1670,05/12/2026 13:58:05,24.89,2.4,2.4,0.01,1.58,,,,,
1671,05/12/2026 13:58:10,24.89,2.4,2.4,0.01,1.58,,,,,
1672,05/12/2026 13:58:15,24.89,2.4,2.4,0.01,1.57,,,,,
1673,05/12/2026 13:58:20,24.90,2.4,2.4,0.01,1.58,,,,,
1674,05/12/2026 13:58:25,24.90,2.4,2.4,0.01,1.58,,,,,
1675,05/12/2026 13:58:30,24.91,2.4,2.4,0.01,1.58,,,,,
1676,05/12/2026 13:58:35,24.91,2.4,2.4,0.01,1.58,,,,,
1677,05/12/2026 13:58:40,24.92,2.4,2.4,0.01,1.58,,,,,
1678,05/12/2026 13:58:45,24.92,2.5,2.5,0.01,1.60,,,,,
1679,05/12/2026 13:58:50,24.93,2.4,2.4,0.01,1.58,,,,,
1680,05/12/2026 13:58:55,24.93,2.4,2.4,0.01,1.58,,,,,
1681,05/12/2026 13:59:00,24.94,2.4,2.4,0.01,1.58,,,,,
1682,05/12/2026 13:59:05,24.94,2.4,2.4,0.01,1.58,,,,,
1683,05/12/2026 13:59:10,24.95,2.4,2.4,0.01,1.57,,,,,
1684,05/12/2026 13:59:15,24.95,2.4,2.4,0.01,1.56,,,,,
1685,05/12/2026 13:59:20,24.96,2.4,2.4,0.01,1.57,,,,,
1686,05/12/2026 13:59:25,24.96,2.4,2.4,0.01,1.57,,,,,
1687,05/12/2026 13:59:30,24.97,2.4,2.4,0.01,1.57,,,,,
1688,05/12/2026 13:59:35,24.97,2.4,2.4,0.01,1.57,,,,,
1689,05/12/2026 13:59:40,24.98,2.4,2.4,0.01,1.55,,,,,
1690,05/12/2026 13:59:45,24.98,2.4,2.4,0.01,1.56,,,,,
1691,05/12/2026 13:59:50,24.99,2.4,2.4,0.01,1.55,,,,,
1692,05/12/2026 13:59:55,25.00,2.5,2.5,0.01,1.60,,,,,
1693,05/12/2026 14:00:00,25.00,2.4,2.4,0.01,1.58,,,,,
1694,05/12/2026 14:00:05,25.00,2.4,2.4,0.01,1.59,,,,,
1695,05/12/2026 14:00:10,25.01,2.4,2.4,0.01,1.57,,,,,
1696,05/12/2026 14:00:15,25.01,2.4,2.4,0.01,1.58,,,,,
1697,05/12/2026 14:00:20,25.02,2.4,2.4,0.01,1.56,,,,,
1698,05/12/2026 14:00:25,25.02,2.4,2.4,0.01,1.59,,,,,
1699,05/12/2026 14:00:30,25.03,2.4,2.4,0.01,1.57,,,,,
1700,05/12/2026 14:00:35,25.03,2.4,2.4,0.01,1.59,,,,,
1701,05/12/2026 14:00:40,25.03,2.4,2.4,0.01,1.56,,,,,
1702,05/12/2026 14:00:45,25.04,2.4,2.4,0.01,1.56,,,,,
1703,05/12/2026 14:00:50,25.05,2.4,2.4,0.01,1.57,,,,,
1704,05/12/2026 14:00:55,25.05,2.4,2.4,0.01,1.55,,,,,
1705,05/12/2026 14:01:00,25.06,2.4,2.4,0.01,1.57,,,,,
1706,05/12/2026 14:01:05,25.06,2.4,2.4,0.01,1.57,,,,,
1707,05/12/2026 14:01:10,25.07,2.4,2.4,0.01,1.53,,,,,
1708,05/12/2026 14:01:15,25.07,2.4,2.4,0.01,1.58,,,,,
1709,05/12/2026 14:01:20,25.08,2.4,2.4,0.01,1.55,,,,,
1710,05/12/2026 14:01:25,25.08,2.4,2.4,0.01,1.59,,,,,
1711,05/12/2026 14:01:30,25.09,2.4,2.4,0.01,1.56,,,,,
1712,05/12/2026 14:01:35,25.09,2.4,2.4,0.01,1.56,,,,,
1713,05/12/2026 14:01:40,25.10,2.4,2.4,0.01,1.58,,,,,
1714,05/12/2026 14:01:45,25.10,2.4,2.4,0.01,1.58,,,,,
1715,05/12/2026 14:01:50,25.10,2.4,2.4,0.01,1.57,,,,,
1716,05/12/2026 14:01:55,25.11,2.4,2.4,0.01,1.57,,,,,
1717,05/12/2026 14:02:00,25.12,2.4,2.4,0.01,1.57,,,,,
1718,05/12/2026 14:02:05,25.12,2.4,2.4,0.01,1.58,,,,,
1719,05/12/2026 14:02:10,25.13,2.4,2.4,0.01,1.58,,,,,
1720,05/12/2026 14:02:15,25.13,2.4,2.4,0.01,1.56,,,,,
1721,05/12/2026 14:02:20,25.14,2.4,2.4,0.01,1.55,,,,,
1722,05/12/2026 14:02:25,25.14,2.4,2.4,0.01,1.56,,,,,
1723,05/12/2026 14:02:30,25.14,2.4,2.4,0.01,1.55,,,,,
1724,05/12/2026 14:02:35,25.15,2.4,2.4,0.01,1.56,,,,,
1725,05/12/2026 14:02:40,25.16,2.4,2.4,0.01,1.56,,,,,
1726,05/12/2026 14:02:45,25.16,2.4,2.4,0.01,1.56,,,,,
1727,05/12/2026 14:02:50,25.17,2.4,2.4,0.01,1.55,,,,,
1728,05/12/2026 14:02:55,25.17,2.4,2.4,0.01,1.57,,,,,
1729,05/12/2026 14:03:00,25.18,2.4,2.4,0.01,1.58,,,,,
1730,05/12/2026 14:03:05,25.18,2.4,2.4,0.01,1.57,,,,,
1731,05/12/2026 14:03:10,25.19,2.4,2.4,0.01,1.54,,,,,
1732,05/12/2026 14:03:15,25.20,2.4,2.4,0.01,1.59,,,,,
1733,05/12/2026 14:03:20,25.20,2.4,2.4,0.01,1.57,,,,,
1734,05/12/2026 14:03:25,25.20,2.4,2.4,0.01,1.57,,,,,
1735,05/12/2026 14:03:30,25.21,2.4,2.4,0.01,1.54,,,,,
1736,05/12/2026 14:03:35,25.21,2.4,2.4,0.01,1.54,,,,,
1737,05/12/2026 14:03:40,25.22,2.4,2.4,0.01,1.57,,,,,
1738,05/12/2026 14:03:45,25.23,2.4,2.4,0.01,1.55,,,,,
1739,05/12/2026 14:03:50,25.23,2.4,2.4,0.01,1.55,,,,,
1740,05/12/2026 14:03:55,25.23,2.4,2.4,0.01,1.57,,,,,
1741,05/12/2026 14:04:00,25.24,2.4,2.4,0.01,1.58,,,,,
1742,05/12/2026 14:04:05,25.24,2.4,2.4,0.01,1.56,,,,,
1743,05/12/2026 14:04:10,25.25,2.4,2.4,0.01,1.55,,,,,
1744,05/12/2026 14:04:15,25.26,2.4,2.4,0.01,1.56,,,,,
1745,05/12/2026 14:04:20,25.26,2.4,2.4,0.01,1.57,,,,,
1746,05/12/2026 14:04:25,25.27,2.4,2.4,0.01,1.56,,,,,
1747,05/12/2026 14:04:30,25.27,2.4,2.4,0.01,1.57,,,,,
1748,05/12/2026 14:04:35,25.28,2.4,2.4,0.01,1.56,,,,,
1749,05/12/2026 14:04:40,25.28,2.4,2.4,0.01,1.56,,,,,
1750,05/12/2026 14:04:45,25.29,2.4,2.3,0.01,1.53,,,,,
1751,05/12/2026 14:04:50,25.30,2.4,2.4,0.01,1.56,,,,,
1752,05/12/2026 14:04:55,25.30,2.4,2.4,0.01,1.56,,,,,
1753,05/12/2026 14:05:00,25.30,2.4,2.4,0.01,1.55,,,,,
1754,05/12/2026 14:05:05,25.31,2.4,2.4,0.01,1.57,,,,,
1755,05/12/2026 14:05:10,25.31,2.4,2.4,0.01,1.56,,,,,
1756,05/12/2026 14:05:15,25.32,2.4,2.4,0.01,1.56,,,,,
1757,05/12/2026 14:05:20,25.32,2.4,2.4,0.01,1.55,,,,,
1758,05/12/2026 14:05:25,25.33,2.4,2.4,0.01,1.55,,,,,
1759,05/12/2026 14:05:30,25.33,2.4,2.4,0.01,1.56,,,,,
1760,05/12/2026 14:05:35,25.34,2.4,2.4,0.01,1.54,,,,,
1761,05/12/2026 14:05:40,25.34,2.4,2.4,0.01,1.55,,,,,
1762,05/12/2026 14:05:45,25.34,2.4,2.4,0.01,1.56,,,,,
1763,05/12/2026 14:05:50,25.35,2.4,2.4,0.01,1.55,,,,,
1764,05/12/2026 14:05:55,25.35,2.4,2.4,0.01,1.56,,,,,
1765,05/12/2026 14:06:00,25.36,2.4,2.3,0.01,1.54,,,,,
1766,05/12/2026 14:06:05,25.36,2.4,2.4,0.01,1.55,,,,,
1767,05/12/2026 14:06:10,25.37,2.4,2.4,0.01,1.55,,,,,
1768,05/12/2026 14:06:15,25.37,2.4,2.4,0.01,1.56,,,,,
1769,05/12/2026 14:06:20,25.37,2.4,2.4,0.01,1.55,,,,,
1770,05/12/2026 14:06:25,25.38,2.4,2.4,0.01,1.57,,,,,
1771,05/12/2026 14:06:30,25.38,2.4,2.3,0.01,1.54,,,,,
1772,05/12/2026 14:06:35,25.38,2.4,2.4,0.01,1.56,,,,,
1773,05/12/2026 14:06:40,25.38,2.4,2.3,0.01,1.54,,,,,
1774,05/12/2026 14:06:45,25.39,2.4,2.4,0.01,1.55,,,,,
1775,05/12/2026 14:06:50,25.39,2.4,2.4,0.01,1.56,,,,,
1776,05/12/2026 14:06:55,25.39,2.4,2.4,0.01,1.56,,,,,
1777,05/12/2026 14:07:00,25.39,2.4,2.3,0.01,1.53,,,,,
1778,05/12/2026 14:07:05,25.40,2.4,2.4,0.01,1.56,,,,,
1779,05/12/2026 14:07:10,25.40,2.4,2.4,0.01,1.54,,,,,
1780,05/12/2026 14:07:15,25.40,2.4,2.4,0.01,1.56,,,,,
1781,05/12/2026 14:07:20,25.40,2.4,2.4,0.01,1.56,,,,,
1782,05/12/2026 14:07:25,25.39,2.4,2.4,0.01,1.57,,,,,
1783,05/12/2026 14:07:30,25.40,2.4,2.4,0.01,1.55,,,,,
1784,05/12/2026 14:07:35,25.40,2.4,2.4,0.01,1.55,,,,,
1785,05/12/2026 14:07:40,25.40,2.4,2.4,0.01,1.58,,,,,
1786,05/12/2026 14:07:45,25.40,2.3,2.3,0.01,1.52,,,,,
1787,05/12/2026 14:07:50,25.40,2.4,2.3,0.01,1.53,,,,,
1788,05/12/2026 14:07:55,25.41,2.4,2.4,0.01,1.54,,,,,
1789,05/12/2026 14:08:00,25.40,2.4,2.3,0.01,1.54,,,,,
1790,05/12/2026 14:08:05,25.41,2.4,2.4,0.01,1.54,,,,,
1791,05/12/2026 14:08:10,25.41,2.4,2.4,0.01,1.56,,,,,
1792,05/12/2026 14:08:15,25.41,2.4,2.4,0.01,1.59,,,,,
1793,05/12/2026 14:08:20,25.42,2.4,2.4,0.01,1.54,,,,,
1794,05/12/2026 14:08:25,25.42,2.3,2.3,0.01,1.49,,,,,
1795,05/12/2026 14:08:30,25.42,2.4,2.4,0.01,1.54,,,,,
1796,05/12/2026 14:08:35,25.42,2.4,2.4,0.01,1.56,,,,,
1797,05/12/2026 14:08:40,25.42,2.4,2.4,0.01,1.55,,,,,
1798,05/12/2026 14:08:45,25.42,2.4,2.4,0.01,1.56,,,,,
1799,05/12/2026 14:08:50,25.42,2.4,2.4,0.01,1.58,,,,,
1800,05/12/2026 14:08:55,25.42,2.4,2.4,0.01,1.57,,,,,
1801,05/12/2026 14:09:00,25.42,2.4,2.4,0.01,1.57,,,,,
1802,05/12/2026 14:09:05,25.42,2.4,2.4,0.01,1.58,,,,,
1803,05/12/2026 14:09:10,25.42,2.4,2.4,0.01,1.57,,,,,
1804,05/12/2026 14:09:15,25.42,2.5,2.5,0.01,1.61,,,,,
1805,05/12/2026 14:09:20,25.42,2.5,2.4,0.01,1.60,,,,,
1806,05/12/2026 14:09:25,25.42,2.4,2.4,0.01,1.56,,,,,
1807,05/12/2026 14:09:30,25.43,2.4,2.4,0.01,1.57,,,,,
1808,05/12/2026 14:09:35,25.43,2.4,2.4,0.01,1.56,,,,,
1809,05/12/2026 14:09:40,25.43,2.5,2.4,0.01,1.60,,,,,
1810,05/12/2026 14:09:45,25.43,2.4,2.4,0.01,1.59,,,,,
1811,05/12/2026 14:09:50,25.43,2.4,2.4,0.01,1.56,,,,,
1812,05/12/2026 14:09:55,25.43,2.4,2.4,0.01,1.57,,,,,
1813,05/12/2026 14:10:00,25.43,2.4,2.4,0.01,1.59,,,,,
1814,05/12/2026 14:10:05,25.43,2.4,2.4,0.01,1.58,,,,,
1815,05/12/2026 14:10:10,25.44,2.5,2.4,0.01,1.61,,,,,
1816,05/12/2026 14:10:15,25.44,2.5,2.4,0.01,1.60,,,,,
1817,05/12/2026 14:10:20,25.44,2.5,2.5,0.01,1.61,,,,,
1818,05/12/2026 14:10:25,25.44,2.4,2.4,0.01,1.57,,,,,
1819,05/12/2026 14:10:30,25.44,2.4,2.4,0.01,1.55,,,,,
1820,05/12/2026 14:10:35,25.45,2.4,2.3,0.01,1.54,,,,,
1821,05/12/2026 14:10:40,25.45,2.4,2.4,0.01,1.56,,,,,
1822,05/12/2026 14:10:45,25.45,2.4,2.4,0.01,1.58,,,,,
1823,05/12/2026 14:10:50,25.45,2.4,2.4,0.01,1.57,,,,,
1824,05/12/2026 14:10:55,25.45,2.4,2.4,0.01,1.57,,,,,
1825,05/12/2026 14:11:00,25.45,2.4,2.4,0.01,1.58,,,,,
1826,05/12/2026 14:11:05,25.45,2.4,2.4,0.01,1.58,,,,,
1827,05/12/2026 14:11:10,25.46,2.5,2.4,0.01,1.60,,,,,
1828,05/12/2026 14:11:15,25.46,2.5,2.5,0.01,1.62,,,,,
1829,05/12/2026 14:11:20,25.46,2.4,2.4,0.01,1.58,,,,,
1830,05/12/2026 14:11:25,25.46,2.4,2.4,0.01,1.59,,,,,
1831,05/12/2026 14:11:30,25.47,2.4,2.4,0.01,1.58,,,,,
1832,05/12/2026 14:11:35,25.47,2.5,2.5,0.01,1.62,,,,,
1833,05/12/2026 14:11:40,25.46,2.4,2.4,0.01,1.58,,,,,
1834,05/12/2026 14:11:45,25.46,2.5,2.4,0.01,1.60,,,,,
1835,05/12/2026 14:11:50,25.46,2.5,2.4,0.01,1.61,,,,,
1836,05/12/2026 14:11:55,25.46,2.4,2.4,0.01,1.58,,,,,
1837,05/12/2026 14:12:00,25.47,2.5,2.4,0.01,1.59,,,,,
1838,05/12/2026 14:12:05,25.46,2.4,2.4,0.01,1.58,,,,,
1839,05/12/2026 14:12:10,25.47,2.4,2.4,0.01,1.57,,,,,
1840,05/12/2026 14:12:15,25.46,2.5,2.4,0.01,1.59,,,,,
1841,05/12/2026 14:12:20,25.47,2.4,2.4,0.01,1.59,,,,,
1842,05/12/2026 14:12:25,25.46,2.4,2.4,0.01,1.58,,,,,
1843,05/12/2026 14:12:30,25.46,2.4,2.4,0.01,1.57,,,,,
1844,05/12/2026 14:12:35,25.46,2.4,2.4,0.01,1.57,,,,,
1845,05/12/2026 14:12:40,25.46,2.4,2.4,0.01,1.58,,,,,
1846,05/12/2026 14:12:45,25.46,2.4,2.4,0.01,1.59,,,,,
1847,05/12/2026 14:12:50,25.46,2.5,2.4,0.01,1.59,,,,,
1848,05/12/2026 14:12:55,25.46,2.5,2.5,0.01,1.63,,,,,
1849,05/12/2026 14:13:00,25.46,2.5,2.4,0.01,1.60,,,,,
1850,05/12/2026 14:13:05,25.45,2.5,2.5,0.01,1.63,,,,,
1851,05/12/2026 14:13:10,25.45,2.5,2.5,0.01,1.62,,,,,
1852,05/12/2026 14:13:15,25.46,2.5,2.5,0.01,1.62,,,,,
1853,05/12/2026 14:13:20,25.45,2.4,2.4,0.01,1.59,,,,,
1854,05/12/2026 14:13:25,25.46,2.4,2.4,0.01,1.59,,,,,
1855,05/12/2026 14:13:30,25.45,2.5,2.5,0.01,1.64,,,,,
1856,05/12/2026 14:13:35,25.45,2.5,2.4,0.01,1.60,,,,,
1857,05/12/2026 14:13:40,25.45,2.5,2.4,0.01,1.59,,,,,
1858,05/12/2026 14:13:45,25.44,2.4,2.4,0.01,1.58,,,,,
1859,05/12/2026 14:13:50,25.45,2.4,2.4,0.01,1.55,,,,,
1860,05/12/2026 14:13:55,25.44,2.5,2.4,0.01,1.60,,,,,
1861,05/12/2026 14:14:00,25.44,2.5,2.4,0.01,1.59,,,,,
1862,05/12/2026 14:14:05,25.44,2.4,2.4,0.01,1.56,,,,,
1863,05/12/2026 14:14:10,25.44,2.4,2.4,0.01,1.55,,,,,
1864,05/12/2026 14:14:15,25.44,2.4,2.4,0.01,1.55,,,,,
1865,05/12/2026 14:14:20,25.43,2.5,2.4,0.01,1.60,,,,,
1866,05/12/2026 14:14:25,25.43,2.4,2.4,0.01,1.58,,,,,
1867,05/12/2026 14:14:30,25.43,2.5,2.4,0.01,1.60,,,,,
1868,05/12/2026 14:14:35,25.44,2.4,2.4,0.01,1.59,,,,,
1869,05/12/2026 14:14:40,25.43,2.4,2.4,0.01,1.58,,,,,
1870,05/12/2026 14:14:45,25.43,2.4,2.4,0.01,1.56,,,,,
1871,05/12/2026 14:14:50,25.43,2.4,2.4,0.01,1.56,,,,,
1872,05/12/2026 14:14:55,25.43,2.4,2.4,0.01,1.57,,,,,
1873,05/12/2026 14:15:00,25.43,2.4,2.4,0.01,1.59,,,,,
1874,05/12/2026 14:15:05,25.42,2.4,2.4,0.01,1.57,,,,,
1875,05/12/2026 14:15:10,25.43,2.4,2.4,0.01,1.59,,,,,
1876,05/12/2026 14:15:15,25.42,2.4,2.4,0.01,1.57,,,,,
1877,05/12/2026 14:15:20,25.42,2.4,2.4,0.01,1.57,,,,,
1878,05/12/2026 14:15:25,25.42,2.4,2.4,0.01,1.58,,,,,
1879,05/12/2026 14:15:30,25.42,2.4,2.4,0.01,1.55,,,,,
1880,05/12/2026 14:15:35,25.41,2.4,2.4,0.01,1.59,,,,,
1881,05/12/2026 14:15:40,25.41,2.4,2.4,0.01,1.57,,,,,
1882,05/12/2026 14:15:45,25.41,2.4,2.4,0.01,1.59,,,,,
1883,05/12/2026 14:15:50,25.41,2.4,2.4,0.01,1.54,,,,,
1884,05/12/2026 14:15:55,25.41,2.4,2.4,0.01,1.55,,,,,
1885,05/12/2026 14:16:00,25.41,2.4,2.4,0.01,1.57,,,,,
1886,05/12/2026 14:16:05,25.41,2.4,2.4,0.01,1.56,,,,,
1887,05/12/2026 14:16:10,25.40,2.4,2.4,0.01,1.55,,,,,
1888,05/12/2026 14:16:15,25.40,2.4,2.4,0.01,1.56,,,,,
1889,05/12/2026 14:16:20,25.41,2.5,2.4,0.01,1.59,,,,,
1890,05/12/2026 14:16:25,25.40,2.4,2.4,0.01,1.56,,,,,
1891,05/12/2026 14:16:30,25.40,2.4,2.4,0.01,1.56,,,,,
1892,05/12/2026 14:16:35,25.40,2.4,2.4,0.01,1.54,,,,,
1893,05/12/2026 14:16:40,25.40,2.4,2.4,0.01,1.54,,,,,
1894,05/12/2026 14:16:45,25.40,2.4,2.4,0.01,1.58,,,,,
1895,05/12/2026 14:16:50,25.40,2.3,2.3,0.01,1.51,,,,,
1896,05/12/2026 14:16:55,25.40,2.4,2.3,0.01,1.54,,,,,
1897,05/12/2026 14:17:00,25.40,2.4,2.4,0.01,1.55,,,,,
1898,05/12/2026 14:17:05,25.40,2.4,2.4,0.01,1.56,,,,,
1899,05/12/2026 14:17:10,25.40,2.4,2.4,0.01,1.56,,,,,
1900,05/12/2026 14:17:15,25.40,2.4,2.4,0.01,1.56,,,,,
1901,05/12/2026 14:17:20,25.40,2.4,2.4,0.01,1.58,,,,,
1902,05/12/2026 14:17:25,25.40,2.4,2.4,0.01,1.55,,,,,
1903,05/12/2026 14:17:30,25.40,2.4,2.4,0.01,1.57,,,,,
1904,05/12/2026 14:17:35,25.40,2.4,2.3,0.01,1.54,,,,,
1905,05/12/2026 14:17:40,25.39,2.4,2.4,0.01,1.55,,,,,
1906,05/12/2026 14:17:45,25.40,2.4,2.4,0.01,1.55,,,,,
1907,05/12/2026 14:17:50,25.40,2.4,2.4,0.01,1.58,,,,,
1908,05/12/2026 14:17:55,25.40,2.4,2.3,0.01,1.53,,,,,
1909,05/12/2026 14:18:00,25.39,2.4,2.4,0.01,1.54,,,,,
1910,05/12/2026 14:18:05,25.40,2.4,2.4,0.01,1.56,,,,,
1911,05/12/2026 14:18:10,25.39,2.4,2.3,0.01,1.54,,,,,
1912,05/12/2026 14:18:15,25.39,2.4,2.4,0.01,1.57,,,,,
1913,05/12/2026 14:18:20,25.39,2.4,2.4,0.01,1.54,,,,,
1914,05/12/2026 14:18:25,25.39,2.3,2.3,0.01,1.53,,,,,
1915,05/12/2026 14:18:30,25.39,2.4,2.3,0.01,1.53,,,,,
1916,05/12/2026 14:18:35,25.39,2.3,2.3,0.01,1.51,,,,,
1917,05/12/2026 14:18:40,25.39,2.3,2.3,0.01,1.53,,,,,
1918,05/12/2026 14:18:45,25.39,2.3,2.3,0.01,1.52,,,,,
1919,05/12/2026 14:18:50,25.39,2.3,2.3,0.01,1.52,,,,,
1920,05/12/2026 14:18:55,25.39,2.4,2.4,0.01,1.56,,,,,
1921,05/12/2026 14:19:00,25.39,2.3,2.3,0.01,1.52,,,,,
1922,05/12/2026 14:19:05,25.39,2.4,2.4,0.01,1.56,,,,,
1923,05/12/2026 14:19:10,25.39,2.3,2.3,0.01,1.51,,,,,
1924,05/12/2026 14:19:15,25.39,2.4,2.3,0.01,1.53,,,,,
1925,05/12/2026 14:19:20,25.39,2.4,2.3,0.01,1.53,,,,,
1926,05/12/2026 14:19:25,25.38,2.4,2.4,0.01,1.55,,,,,
1927,05/12/2026 14:19:30,25.39,2.4,2.3,0.01,1.53,,,,,
1928,05/12/2026 14:19:35,25.38,2.4,2.3,0.01,1.53,,,,,
1929,05/12/2026 14:19:40,25.39,2.4,2.3,0.01,1.53,,,,,
1930,05/12/2026 14:19:45,25.38,2.4,2.3,0.01,1.54,,,,,
1931,05/12/2026 14:19:50,25.38,2.3,2.3,0.01,1.52,,,,,
1932,05/12/2026 14:19:55,25.37,2.4,2.3,0.01,1.54,,,,,
1933,05/12/2026 14:20:00,25.37,2.4,2.3,0.01,1.54,,,,,
1934,05/12/2026 14:20:05,25.38,2.4,2.4,0.01,1.55,,,,,
1935,05/12/2026 14:20:10,25.37,2.4,2.4,0.01,1.54,,,,,
1936,05/12/2026 14:20:15,25.37,2.3,2.3,0.01,1.52,,,,,
1937,05/12/2026 14:20:20,25.37,2.4,2.3,0.01,1.53,,,,,
1938,05/12/2026 14:20:25,25.37,2.3,2.3,0.01,1.51,,,,,
1939,05/12/2026 14:20:30,25.37,2.3,2.3,0.01,1.50,,,,,
1940,05/12/2026 14:20:35,25.37,2.3,2.3,0.01,1.48,,,,,
1941,05/12/2026 14:20:40,25.36,2.3,2.3,0.01,1.50,,,,,
1942,05/12/2026 14:20:45,25.37,2.3,2.3,0.01,1.48,,,,,
1943,05/12/2026 14:20:50,25.37,2.3,2.3,0.01,1.51,,,,,
1944,05/12/2026 14:20:55,25.36,2.3,2.3,0.01,1.52,,,,,
1945,05/12/2026 14:21:00,25.37,2.3,2.3,0.01,1.51,,,,,
1946,05/12/2026 14:21:05,25.36,2.4,2.4,0.01,1.54,,,,,
1947,05/12/2026 14:21:10,25.36,2.4,2.3,0.01,1.53,,,,,
1948,05/12/2026 14:21:15,25.36,2.3,2.3,0.01,1.53,,,,,
1949,05/12/2026 14:21:20,25.36,2.3,2.3,0.01,1.52,,,,,
1950,05/12/2026 14:21:25,25.35,2.3,2.3,0.01,1.50,,,,,
1951,05/12/2026 14:21:30,25.35,2.3,2.3,0.01,1.49,,,,,
1952,05/12/2026 14:21:35,25.34,2.3,2.3,0.01,1.49,,,,,
1953,05/12/2026 14:21:40,25.34,2.3,2.2,0.01,1.47,,,,,
1954,05/12/2026 14:21:45,25.34,2.3,2.3,0.01,1.49,,,,,
1955,05/12/2026 14:21:50,25.34,2.3,2.3,0.01,1.51,,,,,
1956,05/12/2026 14:21:55,25.34,2.3,2.3,0.01,1.51,,,,,
1957,05/12/2026 14:22:00,25.33,2.3,2.3,0.01,1.50,,,,,
1958,05/12/2026 14:22:05,25.33,2.3,2.3,0.01,1.49,,,,,
1959,05/12/2026 14:22:10,25.33,2.3,2.3,0.01,1.49,,,,,
1960,05/12/2026 14:22:15,25.33,2.3,2.3,0.01,1.48,,,,,
1961,05/12/2026 14:22:20,25.33,2.3,2.2,0.01,1.47,,,,,
1962,05/12/2026 14:22:25,25.33,2.4,2.3,0.01,1.53,,,,,
1963,05/12/2026 14:22:30,25.33,2.3,2.3,0.01,1.51,,,,,
1964,05/12/2026 14:22:35,25.32,2.3,2.3,0.01,1.50,,,,,
1965,05/12/2026 14:22:40,25.32,2.3,2.3,0.01,1.50,,,,,
1966,05/12/2026 14:22:45,25.32,2.3,2.3,0.01,1.50,,,,,
1967,05/12/2026 14:22:50,25.31,1.1,1.1,0.01,0.71,,,,,
1968,05/12/2026 14:22:55,25.32,0.7,0.7,0.01,0.47,,,,,
1969,05/12/2026 14:23:00,25.31,0.6,0.6,0.01,0.37,,,,,
1970,05/12/2026 14:23:05,25.31,0.5,0.5,0.01,0.32,,,,,
1971,05/12/2026 14:23:10,25.31,0.5,0.4,0.01,0.29,,,,,
1972,05/12/2026 14:23:15,25.31,0.4,0.4,0.01,0.26,,,,,
1973,05/12/2026 14:23:20,25.31,0.3,0.3,0.01,0.21,,,,,
1974,05/12/2026 14:23:25,25.30,0.3,0.3,0.01,0.19,,,,,
1975,05/12/2026 14:23:30,25.31,0.3,0.3,0.01,0.18,,,,,
1976,05/12/2026 14:23:35,25.30,0.3,0.3,0.01,0.18,,,,,
1977,05/12/2026 14:23:40,25.30,0.3,0.3,0.01,0.19,,,,,
1978,05/12/2026 14:23:45,25.30,0.2,0.2,0.01,0.15,,,,,
1979,05/12/2026 14:23:50,25.30,0.2,0.2,0.01,0.15,,,,,
1980,05/12/2026 14:23:55,25.30,0.2,0.2,0.01,0.15,,,,,
1981,05/12/2026 14:24:00,25.30,0.2,0.2,0.01,0.13,,,,,
1982,05/12/2026 14:24:05,25.30,0.2,0.2,0.01,0.13,,,,,
1983,05/12/2026 14:24:10,25.30,0.2,0.2,0.01,0.13,,,,,
1984,05/12/2026 14:24:15,25.30,0.2,0.2,0.01,0.13,,,,,
1985,05/12/2026 14:24:20,25.30,0.2,0.2,0.01,0.12,,,,,
1986,05/12/2026 14:24:25,25.30,0.2,0.2,0.01,0.14,,,,,
1987,05/12/2026 14:24:30,25.30,0.2,0.2,0.01,0.11,,,,,
1988,05/12/2026 14:24:35,25.29,0.1,0.1,0.01,0.08,,,,,
1989,05/12/2026 14:24:40,25.29,0.2,0.2,0.01,0.10,,,,,
1990,05/12/2026 14:24:45,25.29,0.2,0.2,0.01,0.10,,,,,
1991,05/12/2026 14:24:50,25.29,0.2,0.2,0.01,0.12,,,,,
1992,05/12/2026 14:24:55,25.29,0.2,0.2,0.01,0.10,,,,,
1993,05/12/2026 14:25:00,25.29,0.1,0.1,0.01,0.08,,,,,
1994,05/12/2026 14:25:05,25.28,0.1,0.1,0.01,0.08,,,,,
1995,05/12/2026 14:25:10,25.28,0.2,0.2,0.01,0.10,,,,,
1996,05/12/2026 14:25:15,25.28,0.2,0.2,0.01,0.10,,,,,
1997,05/12/2026 14:25:20,25.28,0.1,0.1,0.01,0.09,,,,,
1998,05/12/2026 14:25:25,25.27,0.1,0.1,0.01,0.05,,,,,
1999,05/12/2026 14:25:30,25.28,0.1,0.1,0.01,0.08,,,,,
2000,05/12/2026 14:25:35,25.27,0.1,0.1,0.01,0.08,,,,,
2001,05/12/2026 14:25:40,25.27,0.1,0.1,0.01,0.07,,,,,
2002,05/12/2026 14:25:45,25.27,0.1,0.1,0.01,0.09,,,,,
2003,05/12/2026 14:25:50,25.27,0.1,0.1,0.01,0.07,,,,,
2004,05/12/2026 14:25:55,25.27,0.1,0.1,0.01,0.07,,,,,
2005,05/12/2026 14:26:00,25.26,0.1,0.1,0.01,0.06,,,,,
2006,05/12/2026 14:26:05,25.26,0.1,0.1,0.01,0.08,,,,,
2007,05/12/2026 14:26:10,25.26,0.1,0.1,0.01,0.07,,,,,
2008,05/12/2026 14:26:15,25.25,0.1,0.1,0.01,0.09,,,,,
2009,05/12/2026 14:26:20,25.24,0.2,0.2,0.01,0.10,,,,,
2010,05/12/2026 14:26:25,25.23,0.2,0.2,0.01,0.11,,,,,
2011,05/12/2026 14:26:30,25.23,0.2,0.2,0.01,0.10,,,,,
2012,05/12/2026 14:26:35,25.23,0.2,0.2,0.01,0.10,,,,,
2013,05/12/2026 14:26:40,25.22,0.2,0.2,0.01,0.13,,,,,
2014,05/12/2026 14:26:45,25.21,0.2,0.2,0.01,0.11,,,,,
2015,05/12/2026 14:26:50,25.21,0.2,0.2,0.01,0.10,,,,,
2016,05/12/2026 14:26:55,25.21,0.1,0.1,0.01,0.09,,,,,
2017,05/12/2026 14:27:00,25.21,0.2,0.2,0.01,0.11,,,,,
2018,05/12/2026 14:27:05,25.20,0.2,0.2,0.01,0.10,,,,,
2019,05/12/2026 14:27:10,25.20,0.2,0.2,0.01,0.11,,,,,
2020,05/12/2026 14:27:15,25.19,0.1,0.1,0.01,0.10,,,,,
2021,05/12/2026 14:27:20,25.20,0.2,0.2,0.01,0.11,,,,,
2022,05/12/2026 14:27:25,25.19,0.2,0.2,0.01,0.11,,,,,
2023,05/12/2026 14:27:30,25.18,0.1,0.1,0.01,0.10,,,,,
2024,05/12/2026 14:27:35,25.18,0.2,0.2,0.01,0.11,,,,,
2025,05/12/2026 14:27:40,25.18,0.1,0.1,0.01,0.09,,,,,
2026,05/12/2026 14:27:45,25.18,0.2,0.2,0.01,0.12,,,,,
2027,05/12/2026 14:27:50,25.17,0.1,0.1,0.01,0.10,,,,,
2028,05/12/2026 14:27:55,25.17,0.1,0.1,0.01,0.09,,,,,
2029,05/12/2026 14:28:00,25.16,0.1,0.1,0.01,0.08,,,,,
2030,05/12/2026 14:28:05,25.16,0.1,0.1,0.01,0.09,,,,,
2031,05/12/2026 14:28:10,25.16,0.1,0.1,0.01,0.08,,,,,
2032,05/12/2026 14:28:15,25.15,0.1,0.1,0.01,0.06,,,,,
2033,05/12/2026 14:28:20,25.15,0.1,0.1,0.01,0.06,,,,,
2034,05/12/2026 14:28:25,25.14,0.1,0.1,0.01,0.10,,,,,
2035,05/12/2026 14:28:30,25.14,0.1,0.1,0.01,0.08,,,,,
2036,05/12/2026 14:28:35,25.14,0.1,0.1,0.01,0.06,,,,,
2037,05/12/2026 14:28:40,25.14,0.1,0.1,0.01,0.08,,,,,
2038,05/12/2026 14:28:45,25.14,0.1,0.1,0.01,0.09,,,,,
2039,05/12/2026 14:28:50,25.14,0.1,0.1,0.01,0.07,,,,,
2040,05/12/2026 14:28:55,25.13,0.1,0.1,0.01,0.06,,,,,
2041,05/12/2026 14:29:00,25.13,0.1,0.1,0.01,0.08,,,,,
2042,05/12/2026 14:29:05,25.13,0.1,0.1,0.01,0.08,,,,,
2043,05/12/2026 14:29:10,25.13,0.1,0.1,0.01,0.06,,,,,
2044,05/12/2026 14:29:15,25.13,0.1,0.1,0.01,0.09,,,,,
2045,05/12/2026 14:29:20,25.13,0.1,0.1,0.01,0.07,,,,,
2046,05/12/2026 14:29:25,25.12,0.1,0.1,0.01,0.06,,,,,
2047,05/12/2026 14:29:30,25.13,0.1,0.1,0.01,0.07,,,,,
2048,05/12/2026 14:29:35,25.13,0.1,0.1,0.01,0.05,,,,,
2049,05/12/2026 14:29:40,25.12,0.1,0.1,0.01,0.07,,,,,
2050,05/12/2026 14:29:45,25.12,0.1,0.1,0.01,0.06,,,,,
2051,05/12/2026 14:29:50,25.12,0.1,0.1,0.01,0.04,,,,,
2052,05/12/2026 14:29:55,25.13,0.1,0.1,0.01,0.06,,,,,
2053,05/12/2026 14:30:00,25.13,0.1,0.1,0.01,0.04,,,,,
2054,05/12/2026 14:30:05,25.13,0.1,0.1,0.01,0.03,,,,,
2055,05/12/2026 14:30:10,25.13,0.1,0.1,0.01,0.06,,,,,
2056,05/12/2026 14:30:15,25.13,0.1,0.1,0.01,0.05,,,,,
2057,05/12/2026 14:30:20,25.13,0.1,0.1,0.01,0.04,,,,,
2058,05/12/2026 14:30:25,25.13,0.1,0.1,0.01,0.05,,,,,
2059,05/12/2026 14:30:30,25.13,0.1,0.1,0.01,0.03,,,,,
2060,05/12/2026 14:30:35,25.13,0.1,0.1,0.01,0.05,,,,,
2061,05/12/2026 14:30:40,25.13,0.0,0.0,0.01,0.02,,,,,
2062,05/12/2026 14:30:45,25.13,0.1,0.1,0.01,0.04,,,,,
2063,05/12/2026 14:30:50,25.13,0.0,0.0,0.01,0.03,,,,,
2064,05/12/2026 14:30:55,25.14,0.1,0.1,0.01,0.05,,,,,
2065,05/12/2026 14:31:00,25.14,0.0,0.0,0.01,0.03,,,,,
2066,05/12/2026 14:31:05,25.14,0.1,0.1,0.01,0.03,,,,,
2067,05/12/2026 14:31:10,25.14,0.1,0.1,0.01,0.05,,,,,
2068,05/12/2026 14:31:15,25.15,0.1,0.1,0.01,0.05,,,,,
2069,05/12/2026 14:31:20,25.15,0.1,0.1,0.01,0.04,,,,,
2070,05/12/2026 14:31:25,25.15,0.0,0.0,0.01,0.01,,,,,
2071,05/12/2026 14:31:30,25.15,0.0,0.0,0.01,0.02,,,,,
2072,05/12/2026 14:31:35,25.15,0.0,0.0,0.01,0.03,,,,,
2073,05/12/2026 14:31:40,25.15,0.0,0.0,0.01,0.02,,,,,
2074,05/12/2026 14:31:45,25.15,0.0,0.0,0.01,0.01,,,,,
2075,05/12/2026 14:31:50,25.16,0.0,0.0,0.01,0.01,,,,,
2076,05/12/2026 14:31:55,25.16,0.1,0.1,0.01,0.04,,,,,
2077,05/12/2026 14:32:00,25.16,0.1,0.1,0.01,0.04,,,,,
2078,05/12/2026 14:32:05,25.16,0.0,0.0,0.01,0.03,,,,,
2079,05/12/2026 14:32:10,25.17,0.0,0.0,0.01,0.02,,,,,
2080,05/12/2026 14:32:15,25.17,0.1,0.1,0.01,0.03,,,,,
2081,05/12/2026 14:32:20,25.18,0.0,0.0,0.01,0.02,,,,,
2082,05/12/2026 14:32:25,25.18,0.0,0.0,0.01,0.01,,,,,
2083,05/12/2026 14:32:30,25.20,0.0,0.0,0.01,0.02,,,,,
2084,05/12/2026 14:32:35,25.20,0.0,0.0,0.01,0.02,,,,,
2085,05/12/2026 14:32:40,25.21,0.0,0.0,0.01,0.01,,,,,
2086,05/12/2026 14:32:45,25.21,0.0,0.0,0.01,0.02,,,,,
2087,05/12/2026 14:32:50,25.22,0.0,0.0,0.01,0.02,,,,,
2088,05/12/2026 14:32:55,25.23,0.0,0.0,0.01,0.02,,,,,
2089,05/12/2026 14:33:00,25.23,0.0,0.0,0.01,0.01,,,,,
2090,05/12/2026 14:33:05,25.24,0.0,0.0,0.01,0.02,,,,,
2091,05/12/2026 14:33:10,25.25,0.0,0.0,0.01,0.01,,,,,
2092,05/12/2026 14:33:15,25.25,0.0,0.0,0.01,0.01,,,,,
2093,05/12/2026 14:33:20,25.25,0.0,0.0,0.01,0.01,,,,,
2094,05/12/2026 14:33:25,25.27,0.0,0.0,0.01,0.02,,,,,
2095,05/12/2026 14:33:30,25.26,0.0,0.0,0.01,0.00,,,,,
2096,05/12/2026 14:33:35,25.27,0.0,0.0,0.01,0.03,,,,,
2097,05/12/2026 14:33:40,25.27,0.0,0.0,0.01,0.01,,,,,
2098,05/12/2026 14:33:45,25.28,0.0,0.0,0.01,0.00,,,,,
2099,05/12/2026 14:33:50,25.29,0.0,0.0,0.01,0.00,,,,,
2100,05/12/2026 14:33:55,25.30,0.0,0.0,0.01,0.02,,,,,
2101,05/12/2026 14:34:00,25.30,0.0,0.0,0.01,0.00,,,,,
2102,05/12/2026 14:34:05,25.31,0.1,0.1,0.01,0.03,,,,,
2103,05/12/2026 14:34:10,25.32,0.0,0.0,0.01,0.02,,,,,
2104,05/12/2026 14:34:15,25.32,0.0,0.0,0.01,0.00,,,,,
2105,05/12/2026 14:34:20,25.33,0.1,0.1,0.01,0.05,,,,,
2106,05/12/2026 14:34:25,25.33,0.0,0.0,0.01,0.00,,,,,
2107,05/12/2026 14:34:30,25.33,0.0,0.0,0.01,0.02,,,,,
2108,05/12/2026 14:34:35,25.33,0.0,0.0,0.01,0.01,,,,,
2109,05/12/2026 14:34:40,25.32,0.0,0.0,0.01,0.00,,,,,
2110,05/12/2026 14:34:45,25.32,0.0,0.0,0.01,0.00,,,,,
2111,05/12/2026 14:34:50,25.31,0.0,0.0,0.01,0.00,,,,,
2112,05/12/2026 14:34:55,25.31,0.0,0.0,0.01,0.00,,,,,
2113,05/12/2026 14:35:00,25.31,0.0,0.0,0.01,0.00,,,,,
2114,05/12/2026 14:35:05,25.31,0.0,0.0,0.01,0.00,,,,,
2115,05/12/2026 14:35:10,25.31,0.0,0.0,0.01,0.00,,,,,
2116,05/12/2026 14:35:15,25.32,0.0,0.0,0.01,0.00,,,,,
2117,05/12/2026 14:35:20,25.32,0.0,0.0,0.01,0.00,,,,,
2118,05/12/2026 14:35:25,25.33,0.0,0.0,0.01,0.00,,,,,
2119,05/12/2026 14:35:30,25.33,0.0,0.0,0.01,0.00,,,,,
2120,05/12/2026 14:35:35,25.33,0.0,0.0,0.01,0.00,,,,,
2121,05/12/2026 14:35:40,25.34,0.0,0.0,0.01,0.00,,,,,
2122,05/12/2026 14:35:45,25.35,0.0,0.0,0.01,0.00,,,,,
2123,05/12/2026 14:35:50,25.35,0.0,0.0,0.01,0.00,,,,,
2124,05/12/2026 14:35:55,25.36,0.0,0.0,0.01,0.00,,,,,
2125,05/12/2026 14:36:00,25.37,0.0,0.0,0.01,0.00,,,,,
2126,05/12/2026 14:36:05,25.37,0.0,0.0,0.01,0.00,,,,,
2127,05/12/2026 14:36:10,25.38,0.0,0.0,0.01,0.00,,,,,
2128,05/12/2026 14:36:15,25.39,0.0,0.0,0.01,0.00,,,,,
2129,05/12/2026 14:36:20,25.39,0.0,0.0,0.01,0.00,,,,,
2130,05/12/2026 14:36:25,25.40,0.0,0.0,0.01,0.00,,,,,
2131,05/12/2026 14:36:30,25.40,0.0,0.0,0.01,0.00,,,,,
2132,05/12/2026 14:36:35,25.40,0.0,0.0,0.01,0.00,,,,,
2133,05/12/2026 14:36:40,25.40,0.0,0.0,0.01,0.00,,,,,
2134,05/12/2026 14:36:45,25.40,0.0,0.0,0.01,0.00,,,,,
2135,05/12/2026 14:36:50,25.40,0.0,0.0,0.01,0.00,,,,,
2136,05/12/2026 14:36:55,25.41,0.0,0.0,0.01,0.00,,,,,
2137,05/12/2026 14:37:00,25.41,0.0,0.0,0.01,0.00,,,,,
2138,05/12/2026 14:37:05,25.42,0.0,0.0,0.01,0.00,,,,,
2139,05/12/2026 14:37:10,25.42,0.0,0.0,0.01,0.00,,,,,
2140,05/12/2026 14:37:15,25.43,0.0,0.0,0.01,0.00,,,,,
2141,05/12/2026 14:37:20,25.43,0.0,0.0,0.01,0.00,,,,,
2142,05/12/2026 14:37:25,25.43,0.0,0.0,0.01,0.00,,,,,
2143,05/12/2026 14:37:30,25.44,0.0,0.0,0.01,0.00,,,,,
2144,05/12/2026 14:37:35,25.44,0.0,0.0,0.01,0.00,,,,,
2145,05/12/2026 14:37:40,25.45,0.0,0.0,0.01,0.00,,,,,
2146,05/12/2026 14:37:45,25.47,0.0,0.0,0.01,0.00,,,,,
2147,05/12/2026 14:37:50,25.47,0.0,0.0,0.01,0.00,,,,,
2148,05/12/2026 14:37:55,25.48,0.0,0.0,0.01,0.00,,,,,
2149,05/12/2026 14:38:00,25.50,0.0,0.0,0.01,0.00,,,,,
2150,05/12/2026 14:38:05,25.52,0.0,0.0,0.01,0.00,,,,,
2151,05/12/2026 14:38:10,25.53,0.0,0.0,0.01,0.00,,,,,
2152,05/12/2026 14:38:15,25.55,0.0,0.0,0.01,0.00,,,,,
2153,05/12/2026 14:38:20,25.57,0.0,0.0,0.01,0.00,,,,,
2154,05/12/2026 14:38:25,25.59,0.0,0.0,0.01,0.00,,,,,
2155,05/12/2026 14:38:30,25.60,0.0,0.0,0.01,0.00,,,,,
2156,05/12/2026 14:38:35,25.62,0.0,0.0,0.01,0.00,,,,,
2157,05/12/2026 14:38:40,25.64,0.0,0.0,0.01,0.00,,,,,
2158,05/12/2026 14:38:45,25.66,0.0,0.0,0.01,0.00,,,,,
2159,05/12/2026 14:38:50,25.67,0.0,0.0,0.01,0.00,,,,,
2160,05/12/2026 14:38:55,25.68,0.0,0.0,0.01,0.00,,,,,
2161,05/12/2026 14:39:00,25.70,0.0,0.0,0.01,0.00,,,,,
2162,05/12/2026 14:39:05,25.72,0.0,0.0,0.01,0.00,,,,,
2163,05/12/2026 14:39:10,25.74,0.0,0.0,0.01,0.00,,,,,
2164,05/12/2026 14:39:15,25.76,0.0,0.0,0.01,0.00,,,,,
2165,05/12/2026 14:39:20,25.77,0.0,0.0,0.01,0.00,,,,,
2166,05/12/2026 14:39:25,25.78,0.0,0.0,0.01,0.00,,,,,
2167,05/12/2026 14:39:30,25.80,0.0,0.0,0.01,0.00,,,,,
2168,05/12/2026 14:39:35,25.82,0.0,0.0,0.01,0.00,,,,,
2169,05/12/2026 14:39:40,25.83,0.0,0.0,0.01,0.00,,,,,
2170,05/12/2026 14:39:45,25.85,0.0,0.0,0.01,0.00,,,,,
2171,05/12/2026 14:39:50,25.87,0.0,0.0,0.01,0.00,,,,,
2172,05/12/2026 14:39:55,25.88,0.0,0.0,0.01,0.00,,,,,
2173,05/12/2026 14:40:00,25.89,0.0,0.0,0.01,0.00,,,,,
2174,05/12/2026 14:40:05,25.91,0.0,0.0,0.01,0.00,,,,,
2175,05/12/2026 14:40:10,25.93,0.0,0.0,0.01,0.00,,,,,
2176,05/12/2026 14:40:15,25.94,0.0,0.0,0.01,0.00,,,,,
2177,05/12/2026 14:40:20,25.96,0.0,0.0,0.01,0.00,,,,,
2178,05/12/2026 14:40:25,25.98,0.0,0.0,0.01,0.00,,,,,
2179,05/12/2026 14:40:30,25.99,0.0,0.0,0.01,0.00,,,,,
2180,05/12/2026 14:40:35,26.01,0.0,0.0,0.01,0.00,,,,,
2181,05/12/2026 14:40:40,26.02,0.0,0.0,0.01,0.00,,,,,
2182,05/12/2026 14:40:45,26.04,0.0,0.0,0.01,0.00,,,,,
2183,05/12/2026 14:40:50,26.06,0.0,0.0,0.01,0.00,,,,,
2184,05/12/2026 14:40:55,26.08,0.0,0.0,0.01,0.00,,,,,
2185,05/12/2026 14:41:00,26.09,0.0,0.0,0.01,0.00,,,,,
2186,05/12/2026 14:41:05,26.11,0.0,0.0,0.01,0.00,,,,,
2187,05/12/2026 14:41:10,26.12,0.0,0.0,0.01,0.00,,,,,
2188,05/12/2026 14:41:15,26.14,0.0,0.0,0.01,0.00,,,,,
2189,05/12/2026 14:41:20,26.16,0.0,0.0,0.01,0.00,,,,,
2190,05/12/2026 14:41:25,26.18,0.0,0.0,0.01,0.00,,,,,
2191,05/12/2026 14:41:30,26.20,0.0,0.0,0.01,0.00,,,,,
2192,05/12/2026 14:41:35,26.21,0.0,0.0,0.01,0.00,,,,,
2193,05/12/2026 14:41:40,26.23,0.0,0.0,0.01,0.00,,,,,
2194,05/12/2026 14:41:45,26.24,0.0,0.0,0.01,0.00,,,,,
2195,05/12/2026 14:41:50,26.26,0.0,0.0,0.01,0.00,,,,,
2196,05/12/2026 14:41:55,26.28,0.0,0.0,0.01,0.00,,,,,
2197,05/12/2026 14:42:00,26.29,0.0,0.0,0.01,0.00,,,,,
2198,05/12/2026 14:42:05,26.31,0.0,0.0,0.01,0.00,,,,,
2199,05/12/2026 14:42:10,26.33,0.0,0.0,0.01,0.00,,,,,
2200,05/12/2026 14:42:15,26.34,0.0,0.0,0.01,0.00,,,,,
2201,05/12/2026 14:42:20,26.36,0.0,0.0,0.01,0.00,,,,,
2202,05/12/2026 14:42:25,26.39,0.0,0.0,0.01,0.00,,,,,
2203,05/12/2026 14:42:30,26.40,0.0,0.0,0.01,0.00,,,,,
2204,05/12/2026 14:42:35,26.42,0.0,0.0,0.01,0.00,,,,,
2205,05/12/2026 14:42:40,26.44,0.0,0.0,0.01,0.00,,,,,
2206,05/12/2026 14:42:45,26.45,0.0,0.0,0.01,0.00,,,,,
2207,05/12/2026 14:42:50,26.47,0.0,0.0,0.01,0.00,,,,,
2208,05/12/2026 14:42:55,26.49,0.0,0.0,0.01,0.00,,,,,
2209,05/12/2026 14:43:00,26.50,0.0,0.0,0.01,0.00,,,,,
2210,05/12/2026 14:43:05,26.52,0.0,0.0,0.01,0.00,,,,,
2211,05/12/2026 14:43:10,26.53,0.0,0.0,0.01,0.00,,,,,
2212,05/12/2026 14:43:15,26.55,0.0,0.0,0.01,0.00,,,,,
2213,05/12/2026 14:43:20,26.56,0.0,0.0,0.01,0.00,,,,,
2214,05/12/2026 14:43:25,26.58,0.0,0.0,0.01,0.00,,,,,
2215,05/12/2026 14:43:30,26.61,0.0,0.0,0.01,0.00,,,,,
2216,05/12/2026 14:43:35,26.62,0.0,0.0,0.01,0.00,,,,,
2217,05/12/2026 14:43:40,26.64,0.0,0.0,0.01,0.00,,,,,
2218,05/12/2026 14:43:45,26.66,0.0,0.0,0.01,0.00,,,,,
2219,05/12/2026 14:43:50,26.67,0.0,0.0,0.01,0.00,,,,,
2220,05/12/2026 14:43:55,26.70,0.0,0.0,0.01,0.00,,,,,
2221,05/12/2026 14:44:00,26.71,0.0,0.0,0.01,0.00,,,,,
2222,05/12/2026 14:44:05,26.73,0.0,0.0,0.01,0.00,,,,,
2223,05/12/2026 14:44:10,26.75,0.0,0.0,0.01,0.00,,,,,
2224,05/12/2026 14:44:15,26.76,0.0,0.0,0.01,0.00,,,,,
2225,05/12/2026 14:44:20,26.78,0.0,0.0,0.01,0.00,,,,,
2226,05/12/2026 14:44:25,26.80,0.0,0.0,0.01,0.00,,,,,
2227,05/12/2026 14:44:30,26.82,0.0,0.0,0.01,0.00,,,,,
2228,05/12/2026 14:44:35,26.83,0.0,0.0,0.01,0.00,,,,,
2229,05/12/2026 14:44:40,26.85,0.0,0.0,0.01,0.00,,,,,
2230,05/12/2026 14:44:45,26.86,0.0,0.0,0.01,0.00,,,,,
2231,05/12/2026 14:44:50,26.88,0.0,0.0,0.01,0.00,,,,,
2232,05/12/2026 14:44:55,26.90,0.0,0.0,0.01,0.00,,,,,
2233,05/12/2026 14:45:00,26.91,0.0,0.0,0.01,0.00,,,,,
2234,05/12/2026 14:45:05,26.93,0.0,0.0,0.01,0.00,,,,,
2235,05/12/2026 14:45:10,26.95,0.0,0.0,0.01,0.00,,,,,
2236,05/12/2026 14:45:15,26.98,0.0,0.0,0.01,0.00,,,,,
2237,05/12/2026 14:45:20,26.99,0.0,0.0,0.01,0.00,,,,,
2238,05/12/2026 14:45:25,27.01,0.0,0.0,0.01,0.00,,,,,
2239,05/12/2026 14:45:30,27.02,0.0,0.0,0.01,0.00,,,,,
2240,05/12/2026 14:45:35,27.05,0.0,0.0,0.01,0.00,,,,,
2241,05/12/2026 14:45:40,27.07,0.0,0.0,0.01,0.00,,,,,
2242,05/12/2026 14:45:45,27.09,0.0,0.0,0.01,0.00,,,,,
2243,05/12/2026 14:45:50,27.11,0.0,0.0,0.01,0.00,,,,,
2244,05/12/2026 14:45:55,27.13,0.0,0.0,0.01,0.00,,,,,
2245,05/12/2026 14:46:00,27.15,0.0,0.0,0.01,0.00,,,,,
2246,05/12/2026 14:46:05,27.17,0.0,0.0,0.01,0.00,,,,,
2247,05/12/2026 14:46:10,27.19,0.0,0.0,0.01,0.00,,,,,
2248,05/12/2026 14:46:15,27.22,0.0,0.0,0.01,0.00,,,,,
2249,05/12/2026 14:46:20,27.24,0.0,0.0,0.01,0.00,,,,,
2250,05/12/2026 14:46:25,27.26,0.0,0.0,0.01,0.00,,,,,
2251,05/12/2026 14:46:30,27.28,0.0,0.0,0.01,0.00,,,,,
2252,05/12/2026 14:46:35,27.30,0.0,0.0,0.01,0.00,,,,,
2253,05/12/2026 14:46:40,27.32,0.0,0.0,0.01,0.00,,,,,
2254,05/12/2026 14:46:45,27.34,0.0,0.0,0.01,0.00,,,,,
2255,05/12/2026 14:46:50,27.36,0.0,0.0,0.01,0.00,,,,,
2256,05/12/2026 14:46:55,27.38,0.0,0.0,0.01,0.00,,,,,
2257,05/12/2026 14:47:00,27.40,0.0,0.0,0.01,0.00,,,,,
2258,05/12/2026 14:47:05,27.42,0.0,0.0,0.01,0.00,,,,,
2259,05/12/2026 14:47:10,27.44,0.0,0.0,0.01,0.00,,,,,
2260,05/12/2026 14:47:15,27.46,0.0,0.0,0.01,0.00,,,,,
2261,05/12/2026 14:47:20,27.48,0.0,0.0,0.01,0.00,,,,,
2262,05/12/2026 14:47:25,27.50,0.0,0.0,0.01,0.00,,,,,
2263,05/12/2026 14:47:30,27.52,0.0,0.0,0.01,0.00,,,,,
2264,05/12/2026 14:47:35,27.54,0.0,0.0,0.01,0.00,,,,,
2265,05/12/2026 14:47:40,27.56,0.0,0.0,0.01,0.00,,,,,
2266,05/12/2026 14:47:45,27.58,0.0,0.0,0.01,0.00,,,,,
2267,05/12/2026 14:47:50,27.60,0.0,0.0,0.01,0.00,,,,,
2268,05/12/2026 14:47:55,27.62,0.0,0.0,0.01,0.00,,,,,
2269,05/12/2026 14:48:00,27.64,0.0,0.0,0.01,0.00,,,,,
2270,05/12/2026 14:48:05,27.66,0.0,0.0,0.01,0.00,,,,,
2271,05/12/2026 14:48:10,27.68,0.0,0.0,0.01,0.00,,,,,
2272,05/12/2026 14:48:15,27.70,0.0,0.0,0.01,0.00,,,,,
2273,05/12/2026 14:48:20,27.72,0.0,0.0,0.01,0.00,,,,,
2274,05/12/2026 14:48:25,27.74,0.0,0.0,0.01,0.00,,,,,
2275,05/12/2026 14:48:30,27.76,0.0,0.0,0.01,0.00,,,,,
2276,05/12/2026 14:48:35,27.78,0.0,0.0,0.01,0.00,,,,,
2277,05/12/2026 14:48:40,27.80,0.0,0.0,0.01,0.00,,,,,
2278,05/12/2026 14:48:45,27.82,0.0,0.0,0.01,0.00,,,,,
2279,05/12/2026 14:48:50,27.84,0.0,0.0,0.01,0.00,,,,,
2280,05/12/2026 14:48:55,27.86,0.0,0.0,0.01,0.00,,,,,
2281,05/12/2026 14:49:00,27.89,0.0,0.0,0.01,0.00,,,,,
2282,05/12/2026 14:49:05,27.90,0.0,0.0,0.01,0.00,,,,,
2283,05/12/2026 14:49:10,27.93,0.0,0.0,0.01,0.00,,,,,
2284,05/12/2026 14:49:15,27.95,0.0,0.0,0.01,0.00,,,,,
2285,05/12/2026 14:49:20,27.97,0.0,0.0,0.01,0.00,,,,,
2286,05/12/2026 14:49:25,27.99,0.0,0.0,0.01,0.00,,,,,
2287,05/12/2026 14:49:30,28.01,0.0,0.0,0.01,0.00,,,,,
2288,05/12/2026 14:49:35,28.03,0.0,0.0,0.01,0.00,,,,,
2289,05/12/2026 14:49:40,28.06,0.0,0.0,0.01,0.00,,,,,
2290,05/12/2026 14:49:45,28.08,0.0,0.0,0.01,0.00,,,,,
2291,05/12/2026 14:49:50,28.10,0.0,0.0,0.01,0.00,,,,,
2292,05/12/2026 14:49:55,28.12,0.0,0.0,0.01,0.00,,,,,
2293,05/12/2026 14:50:00,28.14,0.0,0.0,0.01,0.00,,,,,
2294,05/12/2026 14:50:05,28.15,0.0,0.0,0.01,0.00,,,,,
2295,05/12/2026 14:50:10,28.18,0.0,0.0,0.01,0.00,,,,,
2296,05/12/2026 14:50:15,28.19,0.0,0.0,0.01,0.00,,,,,
2297,05/12/2026 14:50:20,28.22,0.0,0.0,0.01,0.00,,,,,
2298,05/12/2026 14:50:25,28.24,0.0,0.0,0.01,0.00,,,,,
2299,05/12/2026 14:50:30,28.26,0.0,0.0,0.01,0.00,,,,,
2300,05/12/2026 14:50:35,28.28,0.0,0.0,0.01,0.00,,,,,
2301,05/12/2026 14:50:40,28.30,0.0,0.0,0.01,0.00,,,,,
2302,05/12/2026 14:50:45,28.32,0.0,0.0,0.01,0.00,,,,,
2303,05/12/2026 14:50:50,28.35,0.0,0.0,0.01,0.00,,,,,
2304,05/12/2026 14:50:55,28.36,0.0,0.0,0.01,0.00,,,,,
2305,05/12/2026 14:51:00,28.39,0.0,0.0,0.01,0.00,,,,,
2306,05/12/2026 14:51:05,28.41,0.0,0.0,0.01,0.00,,,,,
2307,05/12/2026 14:51:10,28.43,0.0,0.0,0.01,0.00,,,,,
2308,05/12/2026 14:51:15,28.45,0.0,0.0,0.01,0.00,,,,,
2309,05/12/2026 14:51:20,28.47,0.0,0.0,0.01,0.00,,,,,
2310,05/12/2026 14:51:25,28.49,0.0,0.0,0.01,0.00,,,,,
2311,05/12/2026 14:51:30,28.50,0.0,0.0,0.01,0.00,,,,,
2312,05/12/2026 14:51:35,28.52,0.0,0.0,0.01,0.00,,,,,
2313,05/12/2026 14:51:40,28.53,0.0,0.0,0.01,0.00,,,,,
2314,05/12/2026 14:51:45,28.54,0.0,0.0,0.01,0.00,,,,,
2315,05/12/2026 14:51:50,28.56,0.0,0.0,0.01,0.00,,,,,
2316,05/12/2026 14:51:55,28.57,0.0,0.0,0.01,0.00,,,,,
2317,05/12/2026 14:52:00,28.59,0.0,0.0,0.01,0.00,,,,,
2318,05/12/2026 14:52:05,28.61,0.0,0.0,0.01,0.00,,,,,
2319,05/12/2026 14:52:10,28.63,0.0,0.0,0.01,0.00,,,,,
2320,05/12/2026 14:52:15,28.65,0.0,0.0,0.01,0.00,,,,,
2321,05/12/2026 14:52:20,28.67,0.0,0.0,0.01,0.00,,,,,
2322,05/12/2026 14:52:25,28.69,0.0,0.0,0.01,0.00,,,,,
2323,05/12/2026 14:52:30,28.72,0.0,0.0,0.01,0.00,,,,,
2324,05/12/2026 14:52:35,28.74,0.0,0.0,0.01,0.00,,,,,
2325,05/12/2026 14:52:40,28.76,0.0,0.0,0.01,0.00,,,,,
2326,05/12/2026 14:52:45,28.78,0.0,0.0,0.01,0.00,,,,,
2327,05/12/2026 14:52:50,28.80,0.0,0.0,0.01,0.00,,,,,
2328,05/12/2026 14:52:55,28.82,0.0,0.0,0.01,0.00,,,,,
2329,05/12/2026 14:53:00,28.84,0.0,0.0,0.01,0.00,,,,,
2330,05/12/2026 14:53:05,28.86,0.0,0.0,0.01,0.00,,,,,
2331,05/12/2026 14:53:10,28.88,0.0,0.0,0.01,0.00,,,,,
2332,05/12/2026 14:53:15,28.90,0.0,0.0,0.01,0.00,,,,,
2333,05/12/2026 14:53:20,28.92,0.0,0.0,0.01,0.00,,,,,
2334,05/12/2026 14:53:25,28.95,0.0,0.0,0.01,0.00,,,,,
2335,05/12/2026 14:53:30,28.97,0.0,0.0,0.01,0.00,,,,,
2336,05/12/2026 14:53:35,28.99,0.0,0.0,0.01,0.00,,,,,
2337,05/12/2026 14:53:40,29.02,0.0,0.0,0.01,0.00,,,,,
2338,05/12/2026 14:53:45,29.04,0.0,0.0,0.01,0.00,,,,,
2339,05/12/2026 14:53:50,29.06,0.0,0.0,0.01,0.00,,,,,
2340,05/12/2026 14:53:55,29.09,0.0,0.0,0.01,0.00,,,,,
2341,05/12/2026 14:54:00,29.11,0.0,0.0,0.01,0.00,,,,,
2342,05/12/2026 14:54:05,29.13,0.0,0.0,0.01,0.00,,,,,
2343,05/12/2026 14:54:10,29.15,0.0,0.0,0.01,0.00,,,,,
2344,05/12/2026 14:54:15,29.18,0.0,0.0,0.01,0.00,,,,,
2345,05/12/2026 14:54:20,29.20,0.0,0.0,0.01,0.00,,,,,
2346,05/12/2026 14:54:25,29.22,0.0,0.0,0.01,0.00,,,,,
2347,05/12/2026 14:54:30,29.24,0.0,0.0,0.01,0.00,,,,,
2348,05/12/2026 14:54:35,29.27,0.0,0.0,0.01,0.00,,,,,
2349,05/12/2026 14:54:40,29.29,0.0,0.0,0.01,0.00,,,,,
2350,05/12/2026 14:54:45,29.31,0.0,0.0,0.01,0.00,,,,,
2351,05/12/2026 14:54:50,29.34,0.0,0.0,0.01,0.00,,,,,
2352,05/12/2026 14:54:55,29.36,0.0,0.0,0.01,0.00,,,,,
2353,05/12/2026 14:55:00,29.38,0.0,0.0,0.01,0.00,,,,,
2354,05/12/2026 14:55:05,29.40,0.0,0.0,0.01,0.00,,,,,
2355,05/12/2026 14:55:10,29.43,0.0,0.0,0.01,0.00,,,,,
2356,05/12/2026 14:55:15,29.45,0.0,0.0,0.01,0.00,,,,,
2357,05/12/2026 14:55:20,29.47,0.0,0.0,0.01,0.00,,,,,
2358,05/12/2026 14:55:25,29.50,0.0,0.0,0.01,0.00,,,,,
2359,05/12/2026 14:55:30,29.52,0.0,0.0,0.01,0.00,,,,,
2360,05/12/2026 14:55:35,29.54,0.0,0.0,0.01,0.00,,,,,
2361,05/12/2026 14:55:40,29.57,0.0,0.0,0.01,0.00,,,,,
2362,05/12/2026 14:55:45,29.59,0.0,0.0,0.01,0.00,,,,,
2363,05/12/2026 14:55:50,29.62,0.0,0.0,0.01,0.00,,,,,
2364,05/12/2026 14:55:55,29.64,0.0,0.0,0.01,0.00,,,,,
2365,05/12/2026 14:56:00,29.67,0.0,0.0,0.01,0.00,,,,,
2366,05/12/2026 14:56:05,29.69,0.0,0.0,0.01,0.00,,,,,
2367,05/12/2026 14:56:10,29.71,0.0,0.0,0.01,0.00,,,,,
2368,05/12/2026 14:56:15,29.74,0.0,0.0,0.01,0.00,,,,,
2369,05/12/2026 14:56:20,29.76,0.0,0.0,0.01,0.00,,,,,
2370,05/12/2026 14:56:25,29.79,0.0,0.0,0.01,0.00,,,,,
2371,05/12/2026 14:56:30,29.81,0.0,0.0,0.01,0.00,,,,,
2372,05/12/2026 14:56:35,29.84,0.0,0.0,0.01,0.00,,,,,
2373,05/12/2026 14:56:40,29.86,0.0,0.0,0.01,0.00,,,,,
2374,05/12/2026 14:56:45,29.88,0.0,0.0,0.01,0.00,,,,,
2375,05/12/2026 14:56:50,29.91,0.0,0.0,0.01,0.00,,,,,
2376,05/12/2026 14:56:55,29.93,0.0,0.0,0.01,0.00,,,,,
2377,05/12/2026 14:57:00,29.96,0.0,0.0,0.01,0.00,,,,,
2378,05/12/2026 14:57:05,29.98,0.0,0.0,0.01,0.00,,,,,
2379,05/12/2026 14:57:10,30.00,0.0,0.0,0.01,0.00,,,,,
2380,05/12/2026 14:57:15,30.03,0.0,0.0,0.01,0.00,,,,,
2381,05/12/2026 14:57:20,30.05,0.0,0.0,0.01,0.00,,,,,
2382,05/12/2026 14:57:25,30.08,0.0,0.0,0.01,0.00,,,,,
2383,05/12/2026 14:57:30,30.10,0.0,0.0,0.01,0.00,,,,,
2384,05/12/2026 14:57:35,30.13,0.0,0.0,0.01,0.00,,,,,
2385,05/12/2026 14:57:40,30.15,0.0,0.0,0.01,0.00,,,,,
2386,05/12/2026 14:57:45,30.18,0.0,0.0,0.01,0.00,,,,,
2387,05/12/2026 14:57:50,30.20,0.0,0.0,0.01,0.00,,,,,
2388,05/12/2026 14:57:55,30.23,0.0,0.0,0.01,0.00,,,,,
2389,05/12/2026 14:58:00,30.26,0.0,0.0,0.01,0.00,,,,,
2390,05/12/2026 14:58:05,30.28,0.0,0.0,0.01,0.00,,,,,
2391,05/12/2026 14:58:10,30.31,0.0,0.0,0.01,0.00,,,,,
2392,05/12/2026 14:58:15,30.34,0.0,0.0,0.01,0.00,,,,,
2393,05/12/2026 14:58:20,30.36,0.0,0.0,0.01,0.00,,,,,
2394,05/12/2026 14:58:25,30.39,0.0,0.0,0.01,0.00,,,,,
2395,05/12/2026 14:58:30,30.41,0.0,0.0,0.01,0.00,,,,,
2396,05/12/2026 14:58:35,30.44,0.0,0.0,0.01,0.00,,,,,
2397,05/12/2026 14:58:40,30.46,0.0,0.0,0.01,0.00,,,,,
2398,05/12/2026 14:58:45,30.49,0.0,0.0,0.01,0.00,,,,,
2399,05/12/2026 14:58:50,30.51,0.0,0.0,0.01,0.00,,,,,
2400,05/12/2026 14:58:55,30.54,0.0,0.0,0.01,0.00,,,,,
2401,05/12/2026 14:59:00,30.56,0.0,0.0,0.01,0.00,,,,,
2402,05/12/2026 14:59:05,30.59,0.0,0.0,0.01,0.00,,,,,
2403,05/12/2026 14:59:10,30.61,0.0,0.0,0.01,0.00,,,,,
2404,05/12/2026 14:59:15,30.64,0.0,0.0,0.01,0.00,,,,,
2405,05/12/2026 14:59:20,30.66,0.0,0.0,0.01,0.00,,,,,
2406,05/12/2026 14:59:25,30.69,0.0,0.0,0.01,0.00,,,,,
2407,05/12/2026 14:59:30,30.72,0.0,0.0,0.01,0.00,,,,,
2408,05/12/2026 14:59:35,30.74,0.0,0.0,0.01,0.00,,,,,
2409,05/12/2026 14:59:40,30.76,0.0,0.0,0.01,0.00,,,,,
2410,05/12/2026 14:59:45,30.79,0.0,0.0,0.01,0.00,,,,,
2411,05/12/2026 14:59:50,30.81,0.0,0.0,0.01,0.00,,,,,
2412,05/12/2026 14:59:55,30.84,0.0,0.0,0.01,0.00,,,,,
2413,05/12/2026 15:00:00,30.86,0.0,0.0,0.01,0.00,,,,,
2414,05/12/2026 15:00:05,30.88,0.0,0.0,0.01,0.00,,,,,
2415,05/12/2026 15:00:10,30.91,0.0,0.0,0.01,0.00,,,,,
2416,05/12/2026 15:00:15,30.93,0.0,0.0,0.01,0.00,,,,,
2417,05/12/2026 15:00:20,30.96,0.0,0.0,0.01,0.00,,,,,
2418,05/12/2026 15:00:25,30.98,0.0,0.0,0.01,0.00,,,,,
2419,05/12/2026 15:00:30,31.00,0.0,0.0,0.01,0.00,,,,,
2420,05/12/2026 15:00:35,31.03,0.0,0.0,0.01,0.00,,,,,
2421,05/12/2026 15:00:40,31.05,0.0,0.0,0.01,0.00,,,,,
2422,05/12/2026 15:00:45,31.08,0.0,0.0,0.01,0.00,,,,,
2423,05/12/2026 15:00:50,31.10,0.0,0.0,0.01,0.00,,,,,
2424,05/12/2026 15:00:55,31.12,0.0,0.0,0.01,0.00,,,,,
2425,05/12/2026 15:01:00,31.15,0.0,0.0,0.01,0.00,,,,,
2426,05/12/2026 15:01:05,31.17,0.0,0.0,0.01,0.00,,,,,
2427,05/12/2026 15:01:10,31.20,0.0,0.0,0.01,0.00,,,,,
2428,05/12/2026 15:01:15,31.22,0.0,0.0,0.01,0.00,,,,,
2429,05/12/2026 15:01:20,31.25,0.0,0.0,0.01,0.00,,,,,
2430,05/12/2026 15:01:25,31.27,0.0,0.0,0.01,0.00,,,,,
2431,05/12/2026 15:01:30,31.30,0.0,0.0,0.01,0.00,,,,,
2432,05/12/2026 15:01:35,31.32,0.0,0.0,0.01,0.00,,,,,
2433,05/12/2026 15:01:40,31.35,0.0,0.0,0.01,0.00,,,,,
2434,05/12/2026 15:01:45,31.37,0.0,0.0,0.01,0.00,,,,,
2435,05/12/2026 15:01:50,31.39,0.0,0.0,0.01,0.00,,,,,
2436,05/12/2026 15:01:55,31.41,0.0,0.0,0.01,0.00,,,,,
2437,05/12/2026 15:02:00,31.44,0.0,0.0,0.01,0.00,,,,,
2438,05/12/2026 15:02:05,31.46,0.0,0.0,0.01,0.00,,,,,
2439,05/12/2026 15:02:10,31.48,0.0,0.0,0.01,0.00,,,,,
2440,05/12/2026 15:02:15,31.51,0.0,0.0,0.01,0.00,,,,,
2441,05/12/2026 15:02:20,31.53,0.0,0.0,0.01,0.00,,,,,
2442,05/12/2026 15:02:25,31.55,0.0,0.0,0.01,0.00,,,,,
2443,05/12/2026 15:02:30,31.57,0.0,0.0,0.01,0.00,,,,,
2444,05/12/2026 15:02:35,31.60,0.0,0.0,0.01,0.00,,,,,
2445,05/12/2026 15:02:40,31.62,0.0,0.0,0.01,0.00,,,,,
2446,05/12/2026 15:02:45,31.64,0.0,0.0,0.01,0.00,,,,,
2447,05/12/2026 15:02:50,31.66,0.0,0.0,0.01,0.00,,,,,
2448,05/12/2026 15:02:55,31.68,0.0,0.0,0.01,0.00,,,,,
2449,05/12/2026 15:03:00,31.70,0.0,0.0,0.01,0.00,,,,,
2450,05/12/2026 15:03:05,31.73,0.0,0.0,0.01,0.00,,,,,
2451,05/12/2026 15:03:10,31.75,0.0,0.0,0.01,0.00,,,,,
2452,05/12/2026 15:03:15,31.77,0.0,0.0,0.01,0.00,,,,,
2453,05/12/2026 15:03:20,31.79,0.0,0.0,0.01,0.00,,,,,
2454,05/12/2026 15:03:25,31.81,0.0,0.0,0.01,0.00,,,,,
2455,05/12/2026 15:03:30,31.83,0.0,0.0,0.01,0.00,,,,,
2456,05/12/2026 15:03:35,31.85,0.0,0.0,0.01,0.00,,,,,
2457,05/12/2026 15:03:40,31.87,0.0,0.0,0.01,0.00,,,,,
2458,05/12/2026 15:03:45,31.89,0.0,0.0,0.01,0.00,,,,,
2459,05/12/2026 15:03:50,31.92,0.0,0.0,0.01,0.00,,,,,
2460,05/12/2026 15:03:55,31.93,0.0,0.0,0.01,0.00,,,,,
2461,05/12/2026 15:04:00,31.96,0.0,0.0,0.01,0.00,,,,,
2462,05/12/2026 15:04:05,31.98,0.0,0.0,0.01,0.00,,,,,
2463,05/12/2026 15:04:10,32.00,0.0,0.0,0.01,0.00,,,,,
2464,05/12/2026 15:04:15,32.02,0.0,0.0,0.01,0.00,,,,,
2465,05/12/2026 15:04:20,32.04,0.0,0.0,0.01,0.00,,,,,
2466,05/12/2026 15:04:25,32.06,0.0,0.0,0.01,0.00,,,,,
2467,05/12/2026 15:04:30,32.08,0.0,0.0,0.01,0.00,,,,,
2468,05/12/2026 15:04:35,32.10,0.0,0.0,0.01,0.00,,,,,
2469,05/12/2026 15:04:40,32.12,0.0,0.0,0.01,0.00,,,,,
2470,05/12/2026 15:04:45,32.14,0.0,0.0,0.01,0.00,,,,,
2471,05/12/2026 15:04:50,32.16,0.0,0.0,0.01,0.00,,,,,
2472,05/12/2026 15:04:55,32.18,0.0,0.0,0.01,0.00,,,,,
2473,05/12/2026 15:05:00,32.20,0.0,0.0,0.01,0.00,,,,,
2474,05/12/2026 15:05:05,32.22,0.0,0.0,0.01,0.00,,,,,
2475,05/12/2026 15:05:10,32.25,0.0,0.0,0.01,0.00,,,,,
2476,05/12/2026 15:05:15,32.27,0.0,0.0,0.01,0.00,,,,,
2477,05/12/2026 15:05:20,32.29,0.0,0.0,0.01,0.00,,,,,
2478,05/12/2026 15:05:25,32.31,0.0,0.0,0.01,0.00,,,,,
2479,05/12/2026 15:05:30,32.33,0.0,0.0,0.01,0.00,,,,,
2480,05/12/2026 15:05:35,32.35,0.0,0.0,0.01,0.00,,,,,
2481,05/12/2026 15:05:40,32.37,0.0,0.0,0.01,0.00,,,,,
2482,05/12/2026 15:05:45,32.39,0.0,0.0,0.01,0.00,,,,,
2483,05/12/2026 15:05:50,32.41,0.0,0.0,0.01,0.00,,,,,
2484,05/12/2026 15:05:55,32.44,0.0,0.0,0.01,0.00,,,,,
2485,05/12/2026 15:06:00,32.45,0.0,0.0,0.01,0.00,,,,,
2486,05/12/2026 15:06:05,32.47,0.0,0.0,0.01,0.00,,,,,
2487,05/12/2026 15:06:10,32.49,0.0,0.0,0.01,0.00,,,,,
2488,05/12/2026 15:06:15,32.52,0.0,0.0,0.01,0.00,,,,,
2489,05/12/2026 15:06:20,32.53,0.0,0.0,0.01,0.00,,,,,
2490,05/12/2026 15:06:25,32.55,0.0,0.0,0.01,0.00,,,,,
2491,05/12/2026 15:06:30,32.57,0.0,0.0,0.01,0.00,,,,,
2492,05/12/2026 15:06:35,32.59,0.0,0.0,0.01,0.00,,,,,
2493,05/12/2026 15:06:40,32.61,0.0,0.0,0.01,0.00,,,,,
2494,05/12/2026 15:06:45,32.63,0.0,0.0,0.01,0.00,,,,,
2495,05/12/2026 15:06:50,32.65,0.0,0.0,0.01,0.00,,,,,
2496,05/12/2026 15:06:55,32.67,0.0,0.0,0.01,0.00,,,,,
2497,05/12/2026 15:07:00,32.69,0.0,0.0,0.01,0.00,,,,,
2498,05/12/2026 15:07:05,32.71,0.0,0.0,0.01,0.00,,,,,
2499,05/12/2026 15:07:10,32.73,0.0,0.0,0.01,0.00,,,,,
2500,05/12/2026 15:07:15,32.75,0.0,0.0,0.01,0.00,,,,,
2501,05/12/2026 15:07:20,32.77,0.0,0.0,0.01,0.00,,,,,
2502,05/12/2026 15:07:25,32.79,0.0,0.0,0.01,0.00,,,,,
2503,05/12/2026 15:07:30,32.81,0.0,0.0,0.01,0.00,,,,,
2504,05/12/2026 15:07:35,32.82,0.0,0.0,0.01,0.00,,,,,
2505,05/12/2026 15:07:40,32.85,0.0,0.0,0.01,0.00,,,,,
2506,05/12/2026 15:07:45,32.87,0.0,0.0,0.01,0.00,,,,,
2507,05/12/2026 15:07:50,32.88,0.0,0.0,0.01,0.00,,,,,
2508,05/12/2026 15:07:55,32.91,0.0,0.0,0.01,0.00,,,,,
2509,05/12/2026 15:08:00,32.93,0.0,0.0,0.01,0.00,,,,,
2510,05/12/2026 15:08:05,32.94,0.0,0.0,0.01,0.00,,,,,
2511,05/12/2026 15:08:10,32.96,0.0,0.0,0.01,0.00,,,,,
2512,05/12/2026 15:08:15,32.98,0.0,0.0,0.01,0.00,,,,,
2513,05/12/2026 15:08:20,33.00,0.0,0.0,0.01,0.00,,,,,
2514,05/12/2026 15:08:25,33.02,0.0,0.0,0.01,0.00,,,,,
2515,05/12/2026 15:08:30,33.04,0.0,0.0,0.01,0.00,,,,,
2516,05/12/2026 15:08:35,33.06,0.0,0.0,0.01,0.00,,,,,
2517,05/12/2026 15:08:40,33.08,0.0,0.0,0.01,0.00,,,,,
2518,05/12/2026 15:08:45,33.10,0.0,0.0,0.01,0.00,,,,,
2519,05/12/2026 15:08:50,33.11,0.0,0.0,0.02,0.00,,,,,
2520,05/12/2026 15:08:55,33.13,0.0,0.0,0.02,0.00,,,,,
2521,05/12/2026 15:09:00,33.15,0.0,0.0,0.02,0.00,,,,,
2522,05/12/2026 15:09:05,33.17,0.0,0.0,0.02,0.00,,,,,
2523,05/12/2026 15:09:10,33.19,0.0,0.0,0.02,0.00,,,,,
2524,05/12/2026 15:09:15,33.21,0.0,0.0,0.02,0.00,,,,,
2525,05/12/2026 15:09:20,33.23,0.0,0.0,0.02,0.00,,,,,
2526,05/12/2026 15:09:25,33.24,0.0,0.0,0.02,0.00,,,,,
2527,05/12/2026 15:09:30,33.26,0.0,0.0,0.02,0.00,,,,,
2528,05/12/2026 15:09:35,33.28,0.0,0.0,0.02,0.00,,,,,
2529,05/12/2026 15:09:40,33.30,0.0,0.0,0.02,0.00,,,,,
2530,05/12/2026 15:09:45,33.32,0.0,0.0,0.02,0.00,,,,,
2531,05/12/2026 15:09:50,33.34,0.0,0.0,0.02,0.00,,,,,
2532,05/12/2026 15:09:55,33.35,0.0,0.0,0.02,0.00,,,,,
2533,05/12/2026 15:10:00,33.37,0.0,0.0,0.02,0.00,,,,,
2534,05/12/2026 15:10:05,33.38,0.0,0.0,0.02,0.00,,,,,
2535,05/12/2026 15:10:10,33.40,0.0,0.0,0.02,0.00,,,,,
2536,05/12/2026 15:10:15,33.42,0.0,0.0,0.02,0.00,,,,,
2537,05/12/2026 15:10:20,33.44,0.0,0.0,0.02,0.00,,,,,
2538,05/12/2026 15:10:25,33.46,0.0,0.0,0.02,0.00,,,,,
2539,05/12/2026 15:10:30,33.47,0.0,0.0,0.02,0.00,,,,,
2540,05/12/2026 15:10:35,33.49,0.0,0.0,0.02,0.00,,,,,
2541,05/12/2026 15:10:40,33.51,0.0,0.0,0.02,0.00,,,,,
2542,05/12/2026 15:10:45,33.53,0.0,0.0,0.02,0.00,,,,,
2543,05/12/2026 15:10:50,33.54,0.0,0.0,0.02,0.00,,,,,
2544,05/12/2026 15:10:55,33.56,0.0,0.0,0.02,0.00,,,,,
2545,05/12/2026 15:11:00,33.58,0.0,0.0,0.02,0.00,,,,,
2546,05/12/2026 15:11:05,33.60,0.0,0.0,0.02,0.00,,,,,
2547,05/12/2026 15:11:10,33.61,0.0,0.0,0.02,0.00,,,,,
2548,05/12/2026 15:11:15,33.63,0.0,0.0,0.02,0.00,,,,,
2549,05/12/2026 15:11:20,33.65,0.0,0.0,0.02,0.00,,,,,
2550,05/12/2026 15:11:25,33.67,0.0,0.0,0.02,0.00,,,,,
2551,05/12/2026 15:11:30,33.69,0.0,0.0,0.02,0.00,,,,,
2552,05/12/2026 15:11:35,33.71,0.0,0.0,0.02,0.00,,,,,
2553,05/12/2026 15:11:40,33.72,0.0,0.0,0.02,0.00,,,,,
2554,05/12/2026 15:11:45,33.74,0.0,0.0,0.02,0.00,,,,,
2555,05/12/2026 15:11:50,33.76,0.0,0.0,0.02,0.00,,,,,
2556,05/12/2026 15:11:55,33.78,0.0,0.0,0.02,0.00,,,,,
2557,05/12/2026 15:12:00,33.80,0.0,0.0,0.02,0.00,,,,,
2558,05/12/2026 15:12:05,33.81,0.0,0.0,0.02,0.00,,,,,
2559,05/12/2026 15:12:10,33.83,0.0,0.0,0.02,0.00,,,,,
2560,05/12/2026 15:12:15,33.85,0.0,0.0,0.02,0.00,,,,,
2561,05/12/2026 15:12:20,33.87,0.0,0.0,0.02,0.00,,,,,
2562,05/12/2026 15:12:25,33.88,0.0,0.0,0.02,0.00,,,,,
2563,05/12/2026 15:12:30,33.90,0.0,0.0,0.02,0.00,,,,,
2564,05/12/2026 15:12:35,33.92,0.0,0.0,0.02,0.00,,,,,
2565,05/12/2026 15:12:40,33.94,0.0,0.0,0.02,0.00,,,,,
2566,05/12/2026 15:12:45,33.96,0.0,0.0,0.02,0.00,,,,,
2567,05/12/2026 15:12:50,33.97,0.0,0.0,0.02,0.00,,,,,
2568,05/12/2026 15:12:55,33.99,0.0,0.0,0.02,0.00,,,,,
2569,05/12/2026 15:13:00,34.01,0.0,0.0,0.02,0.00,,,,,
2570,05/12/2026 15:13:05,34.03,0.0,0.0,0.02,0.00,,,,,
2571,05/12/2026 15:13:10,34.04,0.0,0.0,0.02,0.00,,,,,
2572,05/12/2026 15:13:15,34.06,0.0,0.0,0.02,0.00,,,,,
2573,05/12/2026 15:13:20,34.08,0.0,0.0,0.02,0.00,,,,,
2574,05/12/2026 15:13:25,34.10,0.0,0.0,0.02,0.00,,,,,
2575,05/12/2026 15:13:30,34.11,0.0,0.0,0.02,0.00,,,,,
2576,05/12/2026 15:13:35,34.13,0.0,0.0,0.02,0.00,,,,,
2577,05/12/2026 15:13:40,34.15,0.0,0.0,0.02,0.00,,,,,
2578,05/12/2026 15:13:45,34.16,0.0,0.0,0.02,0.00,,,,,
2579,05/12/2026 15:13:50,34.18,0.0,0.0,0.02,0.00,,,,,
2580,05/12/2026 15:13:55,34.19,0.0,0.0,0.02,0.00,,,,,
2581,05/12/2026 15:14:00,34.20,0.0,0.0,0.02,0.00,,,,,
2582,05/12/2026 15:14:05,34.21,0.0,0.0,0.02,0.00,,,,,
2583,05/12/2026 15:14:10,34.22,0.0,0.0,0.02,0.00,,,,,
2584,05/12/2026 15:14:15,34.23,0.0,0.0,0.02,0.00,,,,,
2585,05/12/2026 15:14:20,34.24,0.0,0.0,0.02,0.00,,,,,
2586,05/12/2026 15:14:25,34.25,0.0,0.0,0.02,0.00,,,,,
2587,05/12/2026 15:14:30,34.26,0.0,0.0,0.02,0.00,,,,,
2588,05/12/2026 15:14:35,34.27,0.0,0.0,0.02,0.00,,,,,
2589,05/12/2026 15:14:40,34.28,0.0,0.0,0.02,0.00,,,,,
2590,05/12/2026 15:14:45,34.28,0.0,0.0,0.02,0.00,,,,,
2591,05/12/2026 15:14:50,34.29,0.0,0.0,0.02,0.00,,,,,
2592,05/12/2026 15:14:55,34.30,0.0,0.0,0.02,0.00,,,,,
2593,05/12/2026 15:15:00,34.31,0.0,0.0,0.02,0.00,,,,,
2594,05/12/2026 15:15:05,34.32,0.0,0.0,0.02,0.00,,,,,
2595,05/12/2026 15:15:10,34.33,0.0,0.0,0.02,0.00,,,,,
2596,05/12/2026 15:15:15,34.35,0.0,0.0,0.02,0.00,,,,,
2597,05/12/2026 15:15:20,34.36,0.0,0.0,0.02,0.00,,,,,
2598,05/12/2026 15:15:25,34.37,0.0,0.0,0.02,0.00,,,,,
2599,05/12/2026 15:15:30,34.38,0.0,0.0,0.02,0.00,,,,,
2600,05/12/2026 15:15:35,34.39,0.0,0.0,0.02,0.00,,,,,
2601,05/12/2026 15:15:40,34.40,0.0,0.0,0.02,0.00,,,,,
2602,05/12/2026 15:15:45,34.41,0.0,0.0,0.02,0.00,,,,,
2603,05/12/2026 15:15:50,34.42,0.0,0.0,0.02,0.00,,,,,
2604,05/12/2026 15:15:55,34.43,0.0,0.0,0.02,0.00,,,,,
2605,05/12/2026 15:16:00,34.44,0.0,0.0,0.02,0.00,,,,,
2606,05/12/2026 15:16:05,34.45,0.0,0.0,0.02,0.00,,,,,
2607,05/12/2026 15:16:10,34.45,0.0,0.0,0.02,0.00,,,,,
2608,05/12/2026 15:16:15,34.46,0.0,0.0,0.02,0.00,,,,,
2609,05/12/2026 15:16:20,34.47,0.0,0.0,0.02,0.00,,,,,
2610,05/12/2026 15:16:25,34.48,0.0,0.0,0.02,0.00,,,,,
2611,05/12/2026 15:16:30,34.49,0.0,0.0,0.02,0.00,,,,,
2612,05/12/2026 15:16:35,34.49,0.0,0.0,0.02,0.00,,,,,
2613,05/12/2026 15:16:40,34.50,0.0,0.0,0.02,0.00,,,,,
2614,05/12/2026 15:16:45,34.51,0.0,0.0,0.02,0.00,,,,,
2615,05/12/2026 15:16:50,34.52,0.0,0.0,0.02,0.00,,,,,
2616,05/12/2026 15:16:55,34.52,0.0,0.0,0.02,0.00,,,,,
2617,05/12/2026 15:17:00,34.53,0.0,0.0,0.02,0.00,,,,,
2618,05/12/2026 15:17:05,34.54,0.0,0.0,0.02,0.00,,,,,
2619,05/12/2026 15:17:10,34.55,0.0,0.0,0.02,0.00,,,,,
2620,05/12/2026 15:17:15,34.56,0.0,0.0,0.02,0.00,,,,,
2621,05/12/2026 15:17:20,34.57,0.0,0.0,0.02,0.00,,,,,
2622,05/12/2026 15:17:25,34.57,0.0,0.0,0.02,0.00,,,,,
2623,05/12/2026 15:17:30,34.58,0.0,0.0,0.02,0.00,,,,,
2624,05/12/2026 15:17:35,34.59,0.0,0.0,0.02,0.00,,,,,
2625,05/12/2026 15:17:40,34.59,0.0,0.0,0.02,0.00,,,,,
2626,05/12/2026 15:17:45,34.60,0.0,0.0,0.02,0.00,,,,,
2627,05/12/2026 15:17:50,34.61,0.0,0.0,0.02,0.00,,,,,
2628,05/12/2026 15:17:55,34.62,0.0,0.0,0.02,0.00,,,,,
2629,05/12/2026 15:18:00,34.62,0.0,0.0,0.02,0.00,,,,,
2630,05/12/2026 15:18:05,34.63,0.0,0.0,0.02,0.00,,,,,
2631,05/12/2026 15:18:10,34.64,0.0,0.0,0.02,0.00,,,,,
2632,05/12/2026 15:18:15,34.64,0.0,0.0,0.02,0.00,,,,,
2633,05/12/2026 15:18:20,34.65,0.0,0.0,0.02,0.00,,,,,
2634,05/12/2026 15:18:25,34.66,0.0,0.0,0.02,0.00,,,,,
2635,05/12/2026 15:18:30,34.66,0.0,0.0,0.02,0.00,,,,,
2636,05/12/2026 15:18:35,34.67,0.0,0.0,0.02,0.00,,,,,
2637,05/12/2026 15:18:40,34.68,0.0,0.0,0.02,0.00,,,,,
2638,05/12/2026 15:18:45,34.69,0.0,0.0,0.02,0.00,,,,,
2639,05/12/2026 15:18:50,34.69,0.0,0.0,0.02,0.00,,,,,
2640,05/12/2026 15:18:55,34.70,0.0,0.0,0.02,0.00,,,,,
2641,05/12/2026 15:19:00,34.71,0.0,0.0,0.02,0.00,,,,,
2642,05/12/2026 15:19:05,34.72,0.0,0.0,0.02,0.00,,,,,
2643,05/12/2026 15:19:10,34.72,0.0,0.0,0.02,0.00,,,,,
2644,05/12/2026 15:19:15,34.73,0.0,0.0,0.02,0.00,,,,,
2645,05/12/2026 15:19:20,34.74,0.0,0.0,0.02,0.00,,,,,
2646,05/12/2026 15:19:25,34.75,0.0,0.0,0.02,0.00,,,,,
2647,05/12/2026 15:19:30,34.76,0.0,0.0,0.02,0.00,,,,,
2648,05/12/2026 15:19:35,34.76,0.0,0.0,0.02,0.00,,,,,
2649,05/12/2026 15:19:40,34.77,0.0,0.0,0.02,0.00,,,,,
2650,05/12/2026 15:19:45,34.78,0.0,0.0,0.02,0.00,,,,,
2651,05/12/2026 15:19:50,34.79,0.0,0.0,0.02,0.00,,,,,
2652,05/12/2026 15:19:55,34.79,0.0,0.0,0.02,0.00,,,,,
2653,05/12/2026 15:20:00,34.80,0.0,0.0,0.02,0.00,,,,,
2654,05/12/2026 15:20:05,34.81,0.0,0.0,0.02,0.00,,,,,
2655,05/12/2026 15:20:10,34.81,0.0,0.0,0.02,0.00,,,,,
2656,05/12/2026 15:20:15,34.82,0.0,0.0,0.02,0.00,,,,,
2657,05/12/2026 15:20:20,34.83,0.0,0.0,0.02,0.00,,,,,
2658,05/12/2026 15:20:25,34.84,0.0,0.0,0.02,0.00,,,,,
2659,05/12/2026 15:20:30,34.84,0.0,0.0,0.02,0.00,,,,,
2660,05/12/2026 15:20:35,34.85,0.0,0.0,0.02,0.00,,,,,
2661,05/12/2026 15:20:40,34.86,0.0,0.0,0.02,0.00,,,,,
2662,05/12/2026 15:20:45,34.86,0.0,0.0,0.02,0.00,,,,,
2663,05/12/2026 15:20:50,34.87,0.0,0.0,0.02,0.00,,,,,
2664,05/12/2026 15:20:55,34.87,0.0,0.0,0.02,0.00,,,,,
2665,05/12/2026 15:21:00,34.88,0.0,0.0,0.02,0.00,,,,,
2666,05/12/2026 15:21:05,34.89,0.0,0.0,0.02,0.00,,,,,
2667,05/12/2026 15:21:10,34.89,0.0,0.0,0.02,0.00,,,,,
2668,05/12/2026 15:21:15,34.90,0.0,0.0,0.02,0.00,,,,,
2669,05/12/2026 15:21:20,34.90,0.0,0.0,0.02,0.00,,,,,
2670,05/12/2026 15:21:25,34.91,0.0,0.0,0.02,0.00,,,,,
2671,05/12/2026 15:21:30,34.92,0.0,0.0,0.02,0.00,,,,,
2672,05/12/2026 15:21:35,34.92,0.0,0.0,0.02,0.00,,,,,
2673,05/12/2026 15:21:40,34.93,0.0,0.0,0.02,0.00,,,,,
2674,05/12/2026 15:21:45,34.93,0.0,0.0,0.02,0.00,,,,,
2675,05/12/2026 15:21:50,34.94,0.0,0.0,0.02,0.00,,,,,
2676,05/12/2026 15:21:55,34.95,0.0,0.0,0.02,0.00,,,,,
2677,05/12/2026 15:22:00,34.95,0.0,0.0,0.02,0.00,,,,,
2678,05/12/2026 15:22:05,34.95,0.0,0.0,0.02,0.00,,,,,
2679,05/12/2026 15:22:10,34.95,0.0,0.0,0.02,0.00,,,,,
2680,05/12/2026 15:22:15,34.95,0.0,0.0,0.02,0.00,,,,,
2681,05/12/2026 15:22:20,34.96,0.0,0.0,0.02,0.00,,,,,
2682,05/12/2026 15:22:25,34.96,0.0,0.0,0.02,0.00,,,,,
2683,05/12/2026 15:22:30,34.96,0.0,0.0,0.02,0.00,,,,,
2684,05/12/2026 15:22:35,34.96,0.0,0.0,0.02,0.00,,,,,
2685,05/12/2026 15:22:40,34.97,0.0,0.0,0.02,0.00,,,,,
2686,05/12/2026 15:22:45,34.97,0.0,0.0,0.02,0.00,,,,,
2687,05/12/2026 15:22:50,34.97,0.0,0.0,0.02,0.00,,,,,
2688,05/12/2026 15:22:55,34.98,0.0,0.0,0.02,0.00,,,,,
2689,05/12/2026 15:23:00,34.98,0.0,0.0,0.02,0.00,,,,,
2690,05/12/2026 15:23:05,34.98,0.0,0.0,0.02,0.00,,,,,
2691,05/12/2026 15:23:10,34.99,0.0,0.0,0.02,0.00,,,,,
2692,05/12/2026 15:23:15,34.99,0.0,0.0,0.02,0.00,,,,,
2693,05/12/2026 15:23:20,35.00,0.0,0.0,0.02,0.00,,,,,
2694,05/12/2026 15:23:25,35.00,0.0,0.0,0.02,0.00,,,,,
2695,05/12/2026 15:23:30,35.01,0.0,0.0,0.02,0.00,,,,,
2696,05/12/2026 15:23:35,35.01,0.0,0.0,0.02,0.00,,,,,
2697,05/12/2026 15:23:40,35.01,0.0,0.0,0.02,0.00,,,,,
2698,05/12/2026 15:23:45,35.02,0.0,0.0,0.02,0.00,,,,,
2699,05/12/2026 15:23:50,35.02,0.0,0.0,0.02,0.00,,,,,
2700,05/12/2026 15:23:55,35.03,0.0,0.0,0.02,0.00,,,,,
2701,05/12/2026 15:24:00,35.03,0.0,0.0,0.02,0.00,,,,,
2702,05/12/2026 15:24:05,35.04,0.0,0.0,0.02,0.00,,,,,
2703,05/12/2026 15:24:10,35.04,0.0,0.0,0.02,0.00,,,,,
2704,05/12/2026 15:24:15,35.05,0.0,0.0,0.02,0.00,,,,,
2705,05/12/2026 15:24:20,35.05,0.0,0.0,0.02,0.00,,,,,
2706,05/12/2026 15:24:25,35.06,0.0,0.0,0.02,0.00,,,,,
2707,05/12/2026 15:24:30,35.06,0.0,0.0,0.02,0.00,,,,,
2708,05/12/2026 15:24:35,35.07,0.0,0.0,0.02,0.00,,,,,
2709,05/12/2026 15:24:40,35.07,0.0,0.0,0.02,0.00,,,,,
2710,05/12/2026 15:24:45,35.07,0.0,0.0,0.02,0.00,,,,,
2711,05/12/2026 15:24:50,35.08,0.0,0.0,0.02,0.00,,,,,
2712,05/12/2026 15:24:55,35.08,0.0,0.0,0.02,0.00,,,,,
2713,05/12/2026 15:25:00,35.09,0.0,0.0,0.02,0.00,,,,,
2714,05/12/2026 15:25:05,35.09,0.0,0.0,0.02,0.00,,,,,
2715,05/12/2026 15:25:10,35.09,0.0,0.0,0.02,0.00,,,,,
2716,05/12/2026 15:25:15,35.10,0.0,0.0,0.02,0.00,,,,,
2717,05/12/2026 15:25:20,35.10,0.0,0.0,0.02,0.00,,,,,
2718,05/12/2026 15:25:25,35.10,0.0,0.0,0.02,0.00,,,,,
2719,05/12/2026 15:25:30,35.10,0.0,0.0,0.02,0.00,,,,,
2720,05/12/2026 15:25:35,35.11,0.0,0.0,0.02,0.00,,,,,
2721,05/12/2026 15:25:40,35.11,0.0,0.0,0.02,0.00,,,,,
2722,05/12/2026 15:25:45,35.11,0.0,0.0,0.02,0.00,,,,,
2723,05/12/2026 15:25:50,35.11,0.0,0.0,0.02,0.00,,,,,
2724,05/12/2026 15:25:55,35.10,0.0,0.0,0.02,0.00,,,,,
2725,05/12/2026 15:26:00,35.10,0.0,0.0,0.02,0.00,,,,,
2726,05/12/2026 15:26:05,35.10,0.0,0.0,0.02,0.00,,,,,
2727,05/12/2026 15:26:10,35.10,0.0,0.0,0.02,0.00,,,,,
2728,05/12/2026 15:26:15,35.10,0.0,0.0,0.02,0.00,,,,,
2729,05/12/2026 15:26:20,35.09,0.0,0.0,0.02,0.00,,,,,
2730,05/12/2026 15:26:25,35.09,0.0,0.0,0.02,0.00,,,,,
2731,05/12/2026 15:26:30,35.09,0.0,0.0,0.02,0.00,,,,,
2732,05/12/2026 15:26:35,35.10,0.0,0.0,0.02,0.00,,,,,
2733,05/12/2026 15:26:40,35.10,0.0,0.0,0.02,0.00,,,,,
2734,05/12/2026 15:26:45,35.10,0.0,0.0,0.02,0.00,,,,,
2735,05/12/2026 15:26:50,35.10,0.0,0.0,0.02,0.00,,,,,
2736,05/12/2026 15:26:55,35.10,0.0,0.0,0.02,0.00,,,,,
2737,05/12/2026 15:27:00,35.10,0.0,0.0,0.02,0.00,,,,,
2738,05/12/2026 15:27:05,35.10,0.0,0.0,0.02,0.00,,,,,
2739,05/12/2026 15:27:10,35.10,0.0,0.0,0.02,0.00,,,,,
2740,05/12/2026 15:27:15,35.10,0.0,0.0,0.02,0.00,,,,,
2741,05/12/2026 15:27:20,35.10,0.0,0.0,0.02,0.00,,,,,
2742,05/12/2026 15:27:25,35.10,0.0,0.0,0.02,0.00,,,,,
2743,05/12/2026 15:27:30,35.10,0.0,0.0,0.02,0.00,,,,,
2744,05/12/2026 15:27:35,35.10,0.0,0.0,0.02,0.00,,,,,
2745,05/12/2026 15:27:40,35.10,0.0,0.0,0.02,0.00,,,,,
2746,05/12/2026 15:27:45,35.10,0.0,0.0,0.02,0.00,,,,,
2747,05/12/2026 15:27:50,35.10,0.0,0.0,0.02,0.00,,,,,
2748,05/12/2026 15:27:55,35.10,0.0,0.0,0.02,0.00,,,,,
2749,05/12/2026 15:28:00,35.10,0.0,0.0,0.02,0.00,,,,,
2750,05/12/2026 15:28:05,35.10,0.0,0.0,0.02,0.00,,,,,
2751,05/12/2026 15:28:10,35.10,0.0,0.0,0.02,0.00,,,,,
2752,05/12/2026 15:28:15,35.10,0.0,0.0,0.02,0.00,,,,,
2753,05/12/2026 15:28:20,35.10,0.0,0.0,0.02,0.00,,,,,
2754,05/12/2026 15:28:25,35.10,0.0,0.0,0.02,0.00,,,,,
2755,05/12/2026 15:28:30,35.10,0.0,0.0,0.02,0.00,,,,,
2756,05/12/2026 15:28:35,35.09,0.0,0.0,0.02,0.00,,,,,
2757,05/12/2026 15:28:40,35.09,0.0,0.0,0.02,0.00,,,,,
2758,05/12/2026 15:28:45,35.09,0.0,0.0,0.02,0.00,,,,,
2759,05/12/2026 15:28:50,35.09,0.0,0.0,0.02,0.00,,,,,
2760,05/12/2026 15:28:55,35.09,0.0,0.0,0.02,0.00,,,,,
2761,05/12/2026 15:29:00,35.08,0.0,0.0,0.02,0.00,,,,,
2762,05/12/2026 15:29:05,35.08,0.0,0.0,0.02,0.00,,,,,
2763,05/12/2026 15:29:10,35.08,0.0,0.0,0.02,0.00,,,,,
2764,05/12/2026 15:29:15,35.08,0.0,0.0,0.02,0.00,,,,,
2765,05/12/2026 15:29:20,35.08,0.0,0.0,0.02,0.00,,,,,
2766,05/12/2026 15:29:25,35.08,0.0,0.0,0.02,0.00,,,,,
2767,05/12/2026 15:29:30,35.08,0.0,0.0,0.02,0.00,,,,,
2768,05/12/2026 15:29:35,35.07,0.0,0.0,0.02,0.00,,,,,
2769,05/12/2026 15:29:40,35.07,0.0,0.0,0.02,0.00,,,,,
2770,05/12/2026 15:29:45,35.07,0.0,0.0,0.02,0.00,,,,,
2771,05/12/2026 15:29:50,35.07,0.0,0.0,0.02,0.00,,,,,
2772,05/12/2026 15:29:55,35.07,0.0,0.0,0.02,0.00,,,,,
2773,05/12/2026 15:30:00,35.07,0.0,0.0,0.02,0.00,,,,,
2774,05/12/2026 15:30:05,35.07,0.0,0.0,0.02,0.00,,,,,
2775,05/12/2026 15:30:10,35.07,0.0,0.0,0.02,0.00,,,,,
2776,05/12/2026 15:30:15,35.06,0.0,0.0,0.02,0.00,,,,,
2777,05/12/2026 15:30:20,35.06,0.0,0.0,0.02,0.00,,,,,
2778,05/12/2026 15:30:25,35.06,0.0,0.0,0.02,0.00,,,,,
2779,05/12/2026 15:30:30,35.06,0.0,0.0,0.02,0.00,,,,,
2780,05/12/2026 15:30:35,35.06,0.0,0.0,0.02,0.00,,,,,
2781,05/12/2026 15:30:40,35.06,0.0,0.0,0.02,0.00,,,,,
2782,05/12/2026 15:30:45,35.06,0.0,0.0,0.02,0.00,,,,,
2783,05/12/2026 15:30:50,35.06,0.0,0.0,0.02,0.00,,,,,
2784,05/12/2026 15:30:55,35.06,0.0,0.0,0.02,0.00,,,,,
2785,05/12/2026 15:31:00,35.06,0.0,0.0,0.02,0.00,,,,,
2786,05/12/2026 15:31:05,35.06,0.0,0.0,0.02,0.00,,,,,
2787,05/12/2026 15:31:10,35.05,0.0,0.0,0.02,0.00,,,,,
2788,05/12/2026 15:31:15,35.05,0.0,0.0,0.02,0.00,,,,,
2789,05/12/2026 15:31:20,35.05,0.0,0.0,0.02,0.00,,,,,
2790,05/12/2026 15:31:25,35.05,0.0,0.0,0.02,0.00,,,,,
2791,05/12/2026 15:31:30,35.05,0.0,0.0,0.02,0.00,,,,,
2792,05/12/2026 15:31:35,35.05,0.0,0.0,0.02,0.00,,,,,
2793,05/12/2026 15:31:40,35.05,0.0,0.0,0.02,0.00,,,,,
2794,05/12/2026 15:31:45,35.05,0.0,0.0,0.02,0.00,,,,,
2795,05/12/2026 15:31:50,35.05,0.0,0.0,0.02,0.00,,,,,
2796,05/12/2026 15:31:55,35.05,0.0,0.0,0.02,0.00,,,,,
2797,05/12/2026 15:32:00,35.05,0.0,0.0,0.02,0.00,,,,,
2798,05/12/2026 15:32:05,35.05,0.0,0.0,0.02,0.00,,,,,
2799,05/12/2026 15:32:10,35.05,0.0,0.0,0.02,0.00,,,,,
2800,05/12/2026 15:32:15,35.05,0.0,0.0,0.02,0.00,,,,,
2801,05/12/2026 15:32:20,35.05,0.0,0.0,0.02,0.00,,,,,
2802,05/12/2026 15:32:25,35.05,0.0,0.0,0.02,0.00,,,,,
2803,05/12/2026 15:32:30,35.05,0.0,0.0,0.02,0.00,,,,,
2804,05/12/2026 15:32:35,35.05,0.0,0.0,0.02,0.00,,,,,
2805,05/12/2026 15:32:40,35.05,0.0,0.0,0.02,0.00,,,,,
2806,05/12/2026 15:32:45,35.05,0.0,0.0,0.02,0.00,,,,,
2807,05/12/2026 15:32:50,35.05,0.0,0.0,0.02,0.00,,,,,
2808,05/12/2026 15:32:55,35.05,0.0,0.0,0.02,0.00,,,,,
2809,05/12/2026 15:33:00,35.05,0.0,0.0,0.02,0.00,,,,,
2810,05/12/2026 15:33:05,35.05,0.0,0.0,0.02,0.00,,,,,
2811,05/12/2026 15:33:10,35.05,0.0,0.0,0.02,0.00,,,,,
2812,05/12/2026 15:33:15,35.05,0.0,0.0,0.02,0.00,,,,,
2813,05/12/2026 15:33:20,35.05,0.0,0.0,0.02,0.00,,,,,
2814,05/12/2026 15:33:25,35.05,0.0,0.0,0.02,0.00,,,,,
2815,05/12/2026 15:33:30,35.05,0.0,0.0,0.02,0.00,,,,,
2816,05/12/2026 15:33:35,35.05,0.0,0.0,0.02,0.00,,,,,
2817,05/12/2026 15:33:40,35.05,0.0,0.0,0.02,0.00,,,,,
2818,05/12/2026 15:33:45,35.05,0.0,0.0,0.02,0.00,,,,,
2819,05/12/2026 15:33:50,35.05,0.0,0.0,0.02,0.00,,,,,
2820,05/12/2026 15:33:55,35.05,0.0,0.0,0.02,0.00,,,,,
2821,05/12/2026 15:34:00,35.05,0.0,0.0,0.02,0.00,,,,,
2822,05/12/2026 15:34:05,35.05,0.0,0.0,0.02,0.00,,,,,
2823,05/12/2026 15:34:10,35.05,0.0,0.0,0.02,0.00,,,,,
2824,05/12/2026 15:34:15,35.05,0.0,0.0,0.02,0.00,,,,,
2825,05/12/2026 15:34:20,35.05,0.0,0.0,0.02,0.00,,,,,
2826,05/12/2026 15:34:25,35.05,0.0,0.0,0.02,0.00,,,,,
2827,05/12/2026 15:34:30,35.05,0.0,0.0,0.02,0.00,,,,,
2828,05/12/2026 15:34:35,35.05,0.0,0.0,0.02,0.00,,,,,
2829,05/12/2026 15:34:40,35.05,0.0,0.0,0.02,0.00,,,,,
2830,05/12/2026 15:34:45,35.05,0.0,0.0,0.02,0.00,,,,,
2831,05/12/2026 15:34:50,35.05,0.0,0.0,0.02,0.00,,,,,
2832,05/12/2026 15:34:55,35.05,0.0,0.0,0.02,0.00,,,,,
2833,05/12/2026 15:35:00,35.05,0.0,0.0,0.02,0.00,,,,,
2834,05/12/2026 15:35:05,35.05,0.0,0.0,0.02,0.00,,,,,
2835,05/12/2026 15:35:10,35.05,0.0,0.0,0.02,0.00,,,,,
2836,05/12/2026 15:35:15,35.06,0.0,0.0,0.02,0.00,,,,,
2837,05/12/2026 15:35:20,35.06,0.0,0.0,0.02,0.00,,,,,
2838,05/12/2026 15:35:25,35.06,0.0,0.0,0.02,0.00,,,,,
2839,05/12/2026 15:35:30,35.06,0.0,0.0,0.02,0.00,,,,,
2840,05/12/2026 15:35:35,35.06,0.0,0.0,0.02,0.00,,,,,
2841,05/12/2026 15:35:40,35.06,0.0,0.0,0.02,0.00,,,,,
2842,05/12/2026 15:35:45,35.06,0.0,0.0,0.02,0.00,,,,,
2843,05/12/2026 15:35:50,35.06,0.0,0.0,0.02,0.00,,,,,
2844,05/12/2026 15:35:55,35.06,0.0,0.0,0.02,0.00,,,,,
2845,05/12/2026 15:36:00,35.06,0.0,0.0,0.02,0.00,,,,,
2846,05/12/2026 15:36:05,35.06,0.0,0.0,0.02,0.00,,,,,
2847,05/12/2026 15:36:10,35.06,0.0,0.0,0.02,0.00,,,,,
2848,05/12/2026 15:36:15,35.06,0.0,0.0,0.02,0.00,,,,,
2849,05/12/2026 15:36:20,35.06,0.0,0.0,0.02,0.00,,,,,
2850,05/12/2026 15:36:25,35.06,0.0,0.0,0.02,0.00,,,,,
2851,05/12/2026 15:36:30,35.07,0.0,0.0,0.02,0.00,,,,,
2852,05/12/2026 15:36:35,35.07,0.0,0.0,0.02,0.00,,,,,
2853,05/12/2026 15:36:40,35.07,0.0,0.0,0.02,0.00,,,,,
2854,05/12/2026 15:36:45,35.07,0.0,0.0,0.02,0.00,,,,,
2855,05/12/2026 15:36:50,35.07,0.0,0.0,0.02,0.00,,,,,
2856,05/12/2026 15:36:55,35.07,0.0,0.0,0.02,0.00,,,,,
2857,05/12/2026 15:37:00,35.07,0.0,0.0,0.02,0.00,,,,,
2858,05/12/2026 15:37:05,35.07,0.0,0.0,0.02,0.00,,,,,
2859,05/12/2026 15:37:10,35.07,0.0,0.0,0.02,0.00,,,,,
2860,05/12/2026 15:37:15,35.07,0.0,0.0,0.02,0.00,,,,,
2861,05/12/2026 15:37:20,35.07,0.0,0.0,0.02,0.00,,,,,
2862,05/12/2026 15:37:25,35.08,0.0,0.0,0.02,0.00,,,,,
2863,05/12/2026 15:37:30,35.08,0.0,0.0,0.02,0.00,,,,,
2864,05/12/2026 15:37:35,35.08,0.0,0.0,0.02,0.00,,,,,
2865,05/12/2026 15:37:40,35.08,0.0,0.0,0.02,0.00,,,,,
2866,05/12/2026 15:37:45,35.08,0.0,0.0,0.02,0.00,,,,,
2867,05/12/2026 15:37:50,35.08,0.0,0.0,0.02,0.00,,,,,
2868,05/12/2026 15:37:55,35.08,0.0,0.0,0.02,0.00,,,,,
2869,05/12/2026 15:38:00,35.08,0.0,0.0,0.02,0.00,,,,,
2870,05/12/2026 15:38:05,35.08,0.0,0.0,0.02,0.00,,,,,
2871,05/12/2026 15:38:10,35.08,0.0,0.0,0.02,0.00,,,,,
2872,05/12/2026 15:38:15,35.09,0.0,0.0,0.02,0.00,,,,,
2873,05/12/2026 15:38:20,35.09,0.0,0.0,0.02,0.00,,,,,
2874,05/12/2026 15:38:25,35.09,0.0,0.0,0.02,0.00,,,,,
2875,05/12/2026 15:38:30,35.09,0.0,0.0,0.02,0.00,,,,,
2876,05/12/2026 15:38:35,35.09,0.0,0.0,0.02,0.00,,,,,
2877,05/12/2026 15:38:40,35.09,0.0,0.0,0.02,0.00,,,,,
2878,05/12/2026 15:38:45,35.09,0.0,0.0,0.02,0.00,,,,,
2879,05/12/2026 15:38:50,35.09,0.0,0.0,0.02,0.00,,,,,
2880,05/12/2026 15:38:55,35.09,0.0,0.0,0.02,0.00,,,,,
2881,05/12/2026 15:39:00,35.09,0.0,0.0,0.02,0.00,,,,,
2882,05/12/2026 15:39:05,35.10,0.0,0.0,0.02,0.00,,,,,
2883,05/12/2026 15:39:10,35.10,0.0,0.0,0.02,0.00,,,,,
2884,05/12/2026 15:39:15,35.10,0.0,0.0,0.02,0.00,,,,,
2885,05/12/2026 15:39:20,35.10,0.0,0.0,0.02,0.00,,,,,
2886,05/12/2026 15:39:25,35.10,0.0,0.0,0.02,0.00,,,,,
2887,05/12/2026 15:39:30,35.10,0.0,0.0,0.02,0.00,,,,,
2888,05/12/2026 15:39:35,35.10,0.0,0.0,0.02,0.00,,,,,
2889,05/12/2026 15:39:40,35.11,0.0,0.0,0.02,0.00,,,,,
2890,05/12/2026 15:39:45,35.11,0.0,0.0,0.02,0.00,,,,,
2891,05/12/2026 15:39:50,35.11,0.0,0.0,0.02,0.00,,,,,
2892,05/12/2026 15:39:55,35.11,0.0,0.0,0.02,0.00,,,,,
2893,05/12/2026 15:40:00,35.11,0.0,0.0,0.02,0.00,,,,,
2894,05/12/2026 15:40:05,35.11,0.0,0.0,0.02,0.00,,,,,
2895,05/12/2026 15:40:10,35.11,0.0,0.0,0.02,0.00,,,,,
2896,05/12/2026 15:40:15,35.11,0.0,0.0,0.02,0.00,,,,,
2897,05/12/2026 15:40:20,35.11,0.0,0.0,0.02,0.00,,,,,
2898,05/12/2026 15:40:25,35.12,0.0,0.0,0.02,0.00,,,,,
2899,05/12/2026 15:40:30,35.12,0.0,0.0,0.02,0.00,,,,,
2900,05/12/2026 15:40:35,35.12,0.0,0.0,0.02,0.00,,,,,
2901,05/12/2026 15:40:40,35.12,0.0,0.0,0.02,0.00,,,,,
2902,05/12/2026 15:40:45,35.12,0.0,0.0,0.02,0.00,,,,,
2903,05/12/2026 15:40:50,35.12,0.0,0.0,0.02,0.00,,,,,
2904,05/12/2026 15:40:55,35.13,0.0,0.0,0.02,0.00,,,,,
2905,05/12/2026 15:41:00,35.13,0.0,0.0,0.02,0.00,,,,,
2906,05/12/2026 15:41:05,35.13,0.0,0.0,0.02,0.00,,,,,
2907,05/12/2026 15:41:10,35.13,0.0,0.0,0.02,0.00,,,,,
2908,05/12/2026 15:41:15,35.13,0.0,0.0,0.02,0.00,,,,,
2909,05/12/2026 15:41:20,35.13,0.0,0.0,0.02,0.00,,,,,
2910,05/12/2026 15:41:25,35.14,0.0,0.0,0.02,0.00,,,,,
2911,05/12/2026 15:41:30,35.14,0.0,0.0,0.02,0.00,,,,,
2912,05/12/2026 15:41:35,35.14,0.0,0.0,0.02,0.00,,,,,
2913,05/12/2026 15:41:40,35.14,0.0,0.0,0.02,0.00,,,,,
2914,05/12/2026 15:41:45,35.14,0.0,0.0,0.02,0.00,,,,,
2915,05/12/2026 15:41:50,35.14,0.0,0.0,0.02,0.00,,,,,
2916,05/12/2026 15:41:55,35.15,0.0,0.0,0.02,0.00,,,,,
2917,05/12/2026 15:42:00,35.15,0.0,0.0,0.02,0.00,,,,,
2918,05/12/2026 15:42:05,35.15,0.0,0.0,0.02,0.00,,,,,
2919,05/12/2026 15:42:10,35.15,0.0,0.0,0.02,0.00,,,,,
2920,05/12/2026 15:42:15,35.15,0.0,0.0,0.02,0.00,,,,,
2921,05/12/2026 15:42:20,35.15,0.0,0.0,0.02,0.00,,,,,
2922,05/12/2026 15:42:25,35.16,0.0,0.0,0.02,0.00,,,,,
2923,05/12/2026 15:42:30,35.16,0.0,0.0,0.02,0.00,,,,,
2924,05/12/2026 15:42:35,35.16,0.0,0.0,0.02,0.00,,,,,
2925,05/12/2026 15:42:40,35.16,0.0,0.0,0.02,0.00,,,,,
2926,05/12/2026 15:42:45,35.16,0.0,0.0,0.02,0.00,,,,,
2927,05/12/2026 15:42:50,35.17,0.0,0.0,0.02,0.00,,,,,
2928,05/12/2026 15:42:55,35.17,0.0,0.0,0.02,0.00,,,,,
2929,05/12/2026 15:43:00,35.17,0.0,0.0,0.02,0.00,,,,,
2930,05/12/2026 15:43:05,35.17,0.0,0.0,0.02,0.00,,,,,
2931,05/12/2026 15:43:10,35.17,0.0,0.0,0.02,0.00,,,,,
2932,05/12/2026 15:43:15,35.18,0.0,0.0,0.02,0.00,,,,,
2933,05/12/2026 15:43:20,35.18,0.0,0.0,0.02,0.00,,,,,
2934,05/12/2026 15:43:25,35.18,0.0,0.0,0.02,0.00,,,,,
2935,05/12/2026 15:43:30,35.18,0.0,0.0,0.02,0.00,,,,,
2936,05/12/2026 15:43:35,35.19,0.0,0.0,0.02,0.00,,,,,
2937,05/12/2026 15:43:40,35.19,0.0,0.0,0.02,0.00,,,,,
2938,05/12/2026 15:43:45,35.19,0.0,0.0,0.02,0.00,,,,,
2939,05/12/2026 15:43:50,35.19,0.0,0.0,0.02,0.00,,,,,
2940,05/12/2026 15:43:55,35.19,0.0,0.0,0.02,0.00,,,,,
2941,05/12/2026 15:44:00,35.20,0.0,0.0,0.02,0.00,,,,,
2942,05/12/2026 15:44:05,35.20,0.0,0.0,0.02,0.00,,,,,
2943,05/12/2026 15:44:10,35.20,0.0,0.0,0.02,0.00,,,,,
2944,05/12/2026 15:44:15,35.20,0.0,0.0,0.02,0.00,,,,,
2945,05/12/2026 15:44:20,35.21,0.0,0.0,0.02,0.00,,,,,
2946,05/12/2026 15:44:25,35.21,0.0,0.0,0.02,0.00,,,,,
2947,05/12/2026 15:44:30,35.21,0.0,0.0,0.02,0.00,,,,,
2948,05/12/2026 15:44:35,35.21,0.0,0.0,0.02,0.00,,,,,
2949,05/12/2026 15:44:40,35.22,0.0,0.0,0.02,0.00,,,,,
2950,05/12/2026 15:44:45,35.22,0.0,0.0,0.02,0.00,,,,,
2951,05/12/2026 15:44:50,35.22,0.0,0.0,0.02,0.00,,,,,
2952,05/12/2026 15:44:55,35.22,0.0,0.0,0.02,0.00,,,,,
2953,05/12/2026 15:45:00,35.22,0.0,0.0,0.02,0.00,,,,,
2954,05/12/2026 15:45:05,35.23,0.0,0.0,0.02,0.00,,,,,
2955,05/12/2026 15:45:10,35.23,0.0,0.0,0.02,0.00,,,,,
2956,05/12/2026 15:45:15,35.23,0.0,0.0,0.02,0.00,,,,,
2957,05/12/2026 15:45:20,35.24,0.0,0.0,0.02,0.00,,,,,
2958,05/12/2026 15:45:25,35.24,0.0,0.0,0.02,0.00,,,,,
2959,05/12/2026 15:45:30,35.24,0.0,0.0,0.02,0.00,,,,,
2960,05/12/2026 15:45:35,35.24,0.0,0.0,0.02,0.00,,,,,
2961,05/12/2026 15:45:40,35.25,0.0,0.0,0.02,0.00,,,,,
2962,05/12/2026 15:45:45,35.25,0.0,0.0,0.02,0.00,,,,,
2963,05/12/2026 15:45:50,35.25,0.0,0.0,0.02,0.00,,,,,
2964,05/12/2026 15:45:55,35.25,0.0,0.0,0.02,0.00,,,,,
2965,05/12/2026 15:46:00,35.26,0.0,0.0,0.02,0.00,,,,,
2966,05/12/2026 15:46:05,35.26,0.0,0.0,0.02,0.00,,,,,
2967,05/12/2026 15:46:10,35.26,0.0,0.0,0.02,0.00,,,,,
2968,05/12/2026 15:46:15,35.27,0.0,0.0,0.02,0.00,,,,,
2969,05/12/2026 15:46:20,35.27,0.0,0.0,0.02,0.00,,,,,
2970,05/12/2026 15:46:25,35.27,0.0,0.0,0.02,0.00,,,,,
2971,05/12/2026 15:46:30,35.27,0.0,0.0,0.02,0.00,,,,,
2972,05/12/2026 15:46:35,35.28,0.0,0.0,0.02,0.00,,,,,
2973,05/12/2026 15:46:40,35.28,0.0,0.0,0.02,0.00,,,,,
2974,05/12/2026 15:46:45,35.28,0.0,0.0,0.02,0.00,,,,,
2975,05/12/2026 15:46:50,35.29,0.0,0.0,0.02,0.00,,,,,
2976,05/12/2026 15:46:55,35.29,0.0,0.0,0.02,0.00,,,,,
2977,05/12/2026 15:47:00,35.29,0.0,0.0,0.02,0.00,,,,,
2978,05/12/2026 15:47:05,35.29,0.0,0.0,0.02,0.00,,,,,
2979,05/12/2026 15:47:10,35.30,0.0,0.0,0.02,0.00,,,,,
2980,05/12/2026 15:47:15,35.30,0.0,0.0,0.02,0.00,,,,,
2981,05/12/2026 15:47:20,35.30,0.0,0.0,0.02,0.00,,,,,
2982,05/12/2026 15:47:25,35.31,0.0,0.0,0.02,0.00,,,,,
2983,05/12/2026 15:47:30,35.31,0.0,0.0,0.02,0.00,,,,,
2984,05/12/2026 15:47:35,35.31,0.0,0.0,0.02,0.00,,,,,
2985,05/12/2026 15:47:40,35.31,0.0,0.0,0.02,0.00,,,,,
2986,05/12/2026 15:47:45,35.32,0.0,0.0,0.02,0.00,,,,,
2987,05/12/2026 15:47:50,35.32,0.0,0.0,0.02,0.00,,,,,
2988,05/12/2026 15:47:55,35.32,0.0,0.0,0.02,0.00,,,,,
2989,05/12/2026 15:48:00,35.33,0.0,0.0,0.02,0.00,,,,,
2990,05/12/2026 15:48:05,35.33,0.0,0.0,0.02,0.00,,,,,
2991,05/12/2026 15:48:10,35.33,0.0,0.0,0.02,0.00,,,,,
2992,05/12/2026 15:48:15,35.34,0.0,0.0,0.02,0.00,,,,,
2993,05/12/2026 15:48:20,35.34,0.0,0.0,0.02,0.00,,,,,
2994,05/12/2026 15:48:25,35.34,0.0,0.0,0.02,0.00,,,,,
2995,05/12/2026 15:48:30,35.34,0.0,0.0,0.02,0.00,,,,,
2996,05/12/2026 15:48:35,35.35,0.0,0.0,0.02,0.00,,,,,
2997,05/12/2026 15:48:40,35.35,0.0,0.0,0.02,0.00,,,,,
2998,05/12/2026 15:48:45,35.35,0.0,0.0,0.02,0.00,,,,,
2999,05/12/2026 15:48:50,35.36,0.0,0.0,0.02,0.00,,,,,
3000,05/12/2026 15:48:55,35.36,0.0,0.0,0.02,0.00,,,,,
3001,05/12/2026 15:49:00,35.36,0.0,0.0,0.02,0.00,,,,,
3002,05/12/2026 15:49:05,35.37,0.0,0.0,0.02,0.00,,,,,
3003,05/12/2026 15:49:10,35.37,0.0,0.0,0.02,0.00,,,,,
3004,05/12/2026 15:49:15,35.37,0.0,0.0,0.02,0.00,,,,,
3005,05/12/2026 15:49:20,35.37,0.0,0.0,0.02,0.00,,,,,
3006,05/12/2026 15:49:25,35.38,0.0,0.0,0.02,0.00,,,,,
3007,05/12/2026 15:49:30,35.38,0.0,0.0,0.02,0.00,,,,,
3008,05/12/2026 15:49:35,35.38,0.0,0.0,0.02,0.00,,,,,
3009,05/12/2026 15:49:40,35.39,0.0,0.0,0.02,0.00,,,,,
3010,05/12/2026 15:49:45,35.39,0.0,0.0,0.02,0.00,,,,,
3011,05/12/2026 15:49:50,35.39,0.0,0.0,0.02,0.00,,,,,
3012,05/12/2026 15:49:55,35.40,0.0,0.0,0.02,0.00,,,,,
3013,05/12/2026 15:50:00,35.40,0.0,0.0,0.02,0.00,,,,,
3014,05/12/2026 15:50:05,35.40,0.0,0.0,0.02,0.00,,,,,
3015,05/12/2026 15:50:10,35.40,0.0,0.0,0.02,0.00,,,,,
3016,05/12/2026 15:50:15,35.41,0.0,0.0,0.02,0.00,,,,,
3017,05/12/2026 15:50:20,35.41,0.0,0.0,0.02,0.00,,,,,
3018,05/12/2026 15:50:25,35.42,0.0,0.0,0.02,0.00,,,,,
3019,05/12/2026 15:50:30,35.42,0.0,0.0,0.02,0.00,,,,,
3020,05/12/2026 15:50:35,35.42,0.0,0.0,0.02,0.00,,,,,
3021,05/12/2026 15:50:40,35.42,0.0,0.0,0.02,0.00,,,,,
3022,05/12/2026 15:50:45,35.43,0.0,0.0,0.02,0.00,,,,,
3023,05/12/2026 15:50:50,35.43,0.0,0.0,0.02,0.00,,,,,
3024,05/12/2026 15:50:55,35.43,0.0,0.0,0.02,0.00,,,,,
3025,05/12/2026 15:51:00,35.44,0.0,0.0,0.02,0.00,,,,,
3026,05/12/2026 15:51:05,35.44,0.0,0.0,0.02,0.00,,,,,
3027,05/12/2026 15:51:10,35.44,0.0,0.0,0.02,0.00,,,,,
3028,05/12/2026 15:51:15,35.44,0.0,0.0,0.02,0.00,,,,,
3029,05/12/2026 15:51:20,35.45,0.0,0.0,0.02,0.00,,,,,
3030,05/12/2026 15:51:25,35.45,0.0,0.0,0.02,0.00,,,,,
3031,05/12/2026 15:51:30,35.45,0.0,0.0,0.02,0.00,,,,,
3032,05/12/2026 15:51:35,35.46,0.0,0.0,0.02,0.00,,,,,
3033,05/12/2026 15:51:40,35.46,0.0,0.0,0.02,0.00,,,,,
3034,05/12/2026 15:51:45,35.46,0.0,0.0,0.02,0.00,,,,,
3035,05/12/2026 15:51:50,35.47,0.0,0.0,0.02,0.00,,,,,
3036,05/12/2026 15:51:55,35.47,0.0,0.0,0.02,0.00,,,,,
3037,05/12/2026 15:52:00,35.47,0.0,0.0,0.02,0.00,,,,,
3038,05/12/2026 15:52:05,35.47,0.0,0.0,0.02,0.00,,,,,
3039,05/12/2026 15:52:10,35.48,0.0,0.0,0.02,0.00,,,,,
3040,05/12/2026 15:52:15,35.48,0.0,0.0,0.02,0.00,,,,,
3041,05/12/2026 15:52:20,35.48,0.0,0.0,0.02,0.00,,,,,
3042,05/12/2026 15:52:25,35.49,0.0,0.0,0.02,0.00,,,,,
3043,05/12/2026 15:52:30,35.49,0.0,0.0,0.02,0.00,,,,,
3044,05/12/2026 15:52:35,35.49,0.0,0.0,0.02,0.00,,,,,
3045,05/12/2026 15:52:40,35.50,0.0,0.0,0.02,0.00,,,,,
3046,05/12/2026 15:52:45,35.50,0.0,0.0,0.02,0.00,,,,,
3047,05/12/2026 15:52:50,35.50,0.0,0.0,0.02,0.00,,,,,
3048,05/12/2026 15:52:55,35.50,0.0,0.0,0.02,0.00,,,,,
3049,05/12/2026 15:53:00,35.51,0.0,0.0,0.02,0.00,,,,,
3050,05/12/2026 15:53:05,35.51,0.0,0.0,0.02,0.00,,,,,
3051,05/12/2026 15:53:10,35.51,0.0,0.0,0.02,0.00,,,,,
3052,05/12/2026 15:53:15,35.52,0.0,0.0,0.02,0.00,,,,,
3053,05/12/2026 15:53:20,35.52,0.0,0.0,0.02,0.00,,,,,
3054,05/12/2026 15:53:25,35.52,0.0,0.0,0.02,0.00,,,,,
3055,05/12/2026 15:53:30,35.53,0.0,0.0,0.02,0.00,,,,,
3056,05/12/2026 15:53:35,35.53,0.0,0.0,0.02,0.00,,,,,
3057,05/12/2026 15:53:40,35.54,0.0,0.0,0.02,0.00,,,,,
3058,05/12/2026 15:53:45,35.54,0.0,0.0,0.02,0.00,,,,,
3059,05/12/2026 15:53:50,35.54,0.0,0.0,0.02,0.00,,,,,
3060,05/12/2026 15:53:55,35.55,0.0,0.0,0.02,0.00,,,,,
3061,05/12/2026 15:54:00,35.55,0.0,0.0,0.02,0.00,,,,,
3062,05/12/2026 15:54:05,35.55,0.0,0.0,0.02,0.00,,,,,
3063,05/12/2026 15:54:10,35.56,0.0,0.0,0.02,0.00,,,,,
3064,05/12/2026 15:54:15,35.56,0.0,0.0,0.02,0.00,,,,,
3065,05/12/2026 15:54:20,35.56,0.0,0.0,0.02,0.00,,,,,
3066,05/12/2026 15:54:25,35.56,0.0,0.0,0.02,0.00,,,,,
3067,05/12/2026 15:54:30,35.57,0.0,0.0,0.02,0.00,,,,,
3068,05/12/2026 15:54:35,35.57,0.0,0.0,0.02,0.00,,,,,
3069,05/12/2026 15:54:40,35.57,0.0,0.0,0.02,0.00,,,,,
3070,05/12/2026 15:54:45,35.57,0.0,0.0,0.02,0.00,,,,,
3071,05/12/2026 15:54:50,35.58,0.0,0.0,0.02,0.00,,,,,
3072,05/12/2026 15:54:55,35.58,0.0,0.0,0.02,0.00,,,,,
3073,05/12/2026 15:55:00,35.58,0.0,0.0,0.02,0.00,,,,,
3074,05/12/2026 15:55:05,35.58,0.0,0.0,0.02,0.00,,,,,
3075,05/12/2026 15:55:10,35.59,0.0,0.0,0.02,0.00,,,,,
3076,05/12/2026 15:55:15,35.59,0.0,0.0,0.02,0.00,,,,,
3077,05/12/2026 15:55:20,35.59,0.0,0.0,0.02,0.00,,,,,
3078,05/12/2026 15:55:25,35.59,0.0,0.0,0.02,0.00,,,,,
3079,05/12/2026 15:55:30,35.60,0.0,0.0,0.02,0.00,,,,,
3080,05/12/2026 15:55:35,35.60,0.0,0.0,0.02,0.00,,,,,
3081,05/12/2026 15:55:40,35.60,0.0,0.0,0.02,0.00,,,,,
3082,05/12/2026 15:55:45,35.60,0.0,0.0,0.02,0.00,,,,,
3083,05/12/2026 15:55:50,35.60,0.0,0.0,0.02,0.00,,,,,
3084,05/12/2026 15:55:55,35.60,0.0,0.0,0.02,0.00,,,,,
3085,05/12/2026 15:56:00,35.61,0.0,0.0,0.02,0.00,,,,,
3086,05/12/2026 15:56:05,35.61,0.0,0.0,0.02,0.00,,,,,
3087,05/12/2026 15:56:10,35.61,0.0,0.0,0.02,0.00,,,,,
3088,05/12/2026 15:56:15,35.61,0.0,0.0,0.02,0.00,,,,,
3089,05/12/2026 15:56:20,35.61,0.0,0.0,0.02,0.00,,,,,
3090,05/12/2026 15:56:25,35.61,0.0,0.0,0.02,0.00,,,,,
3091,05/12/2026 15:56:30,35.62,0.0,0.0,0.02,0.00,,,,,
3092,05/12/2026 15:56:35,35.62,0.0,0.0,0.02,0.00,,,,,
3093,05/12/2026 15:56:40,35.62,0.0,0.0,0.02,0.00,,,,,
3094,05/12/2026 15:56:45,35.62,0.0,0.0,0.02,0.00,,,,,
3095,05/12/2026 15:56:50,35.62,0.0,0.0,0.02,0.00,,,,,
3096,05/12/2026 15:56:55,35.62,0.0,0.0,0.02,0.00,,,,,
3097,05/12/2026 15:57:00,35.63,0.0,0.0,0.02,0.00,,,,,
3098,05/12/2026 15:57:05,35.63,0.0,0.0,0.02,0.00,,,,,
3099,05/12/2026 15:57:10,35.63,0.0,0.0,0.02,0.00,,,,,
3100,05/12/2026 15:57:15,35.63,0.0,0.0,0.02,0.00,,,,,
3101,05/12/2026 15:57:20,35.63,0.0,0.0,0.02,0.00,,,,,
3102,05/12/2026 15:57:25,35.64,0.0,0.0,0.02,0.00,,,,,
3103,05/12/2026 15:57:30,35.64,0.0,0.0,0.02,0.00,,,,,
3104,05/12/2026 15:57:35,35.64,0.0,0.0,0.02,0.00,,,,,
3105,05/12/2026 15:57:40,35.64,0.0,0.0,0.02,0.00,,,,,
3106,05/12/2026 15:57:45,35.64,0.0,0.0,0.02,0.00,,,,,
3107,05/12/2026 15:57:50,35.64,0.0,0.0,0.02,0.00,,,,,
3108,05/12/2026 15:57:55,35.65,0.0,0.0,0.02,0.00,,,,,
3109,05/12/2026 15:58:00,35.65,0.0,0.0,0.02,0.00,,,,,
3110,05/12/2026 15:58:05,35.65,0.0,0.0,0.02,0.00,,,,,
3111,05/12/2026 15:58:10,35.65,0.0,0.0,0.02,0.00,,,,,
3112,05/12/2026 15:58:15,35.65,0.0,0.0,0.02,0.00,,,,,
3113,05/12/2026 15:58:20,35.66,0.0,0.0,0.02,0.00,,,,,
3114,05/12/2026 15:58:25,35.66,0.0,0.0,0.02,0.00,,,,,
3115,05/12/2026 15:58:30,35.66,0.0,0.0,0.02,0.00,,,,,
3116,05/12/2026 15:58:35,35.66,0.0,0.0,0.02,0.00,,,,,
3117,05/12/2026 15:58:40,35.67,0.0,0.0,0.02,0.00,,,,,
3118,05/12/2026 15:58:45,35.67,0.0,0.0,0.02,0.00,,,,,
3119,05/12/2026 15:58:50,35.67,0.0,0.0,0.02,0.00,,,,,
3120,05/12/2026 15:58:55,35.67,0.0,0.0,0.02,0.00,,,,,
3121,05/12/2026 15:59:00,35.68,0.0,0.0,0.02,0.00,,,,,
3122,05/12/2026 15:59:05,35.68,0.0,0.0,0.02,0.00,,,,,
3123,05/12/2026 15:59:10,35.68,0.0,0.0,0.02,0.00,,,,,
3124,05/12/2026 15:59:15,35.68,0.0,0.0,0.02,0.00,,,,,
3125,05/12/2026 15:59:20,35.68,0.0,0.0,0.02,0.00,,,,,
3126,05/12/2026 15:59:25,35.68,0.0,0.0,0.02,0.00,,,,,
3127,05/12/2026 15:59:30,35.69,0.0,0.0,0.02,0.00,,,,,
3128,05/12/2026 15:59:35,35.69,0.0,0.0,0.02,0.00,,,,,
3129,05/12/2026 15:59:40,35.69,0.0,0.0,0.02,0.00,,,,,
3130,05/12/2026 15:59:45,35.69,0.0,0.0,0.02,0.00,,,,,
3131,05/12/2026 15:59:50,35.69,0.0,0.0,0.02,0.00,,,,,
3132,05/12/2026 15:59:55,35.70,0.0,0.0,0.02,0.00,,,,,
3133,05/12/2026 16:00:00,35.70,0.0,0.0,0.02,0.00,,,,,
3134,05/12/2026 16:00:05,35.70,0.0,0.0,0.02,0.00,,,,,
3135,05/12/2026 16:00:10,35.70,0.0,0.0,0.02,0.00,,,,,
3136,05/12/2026 16:00:15,35.70,0.0,0.0,0.02,0.00,,,,,
3137,05/12/2026 16:00:20,35.70,0.0,0.0,0.02,0.00,,,,,
3138,05/12/2026 16:00:25,35.70,0.0,0.0,0.02,0.00,,,,,
3139,05/12/2026 16:00:30,35.70,0.0,0.0,0.02,0.00,,,,,
3140,05/12/2026 16:00:35,35.70,0.0,0.0,0.02,0.00,,,,,
3141,05/12/2026 16:00:40,35.70,0.0,0.0,0.02,0.00,,,,,
3142,05/12/2026 16:00:45,35.70,0.0,0.0,0.02,0.00,,,,,
3143,05/12/2026 16:00:50,35.70,0.0,0.0,0.02,0.00,,,,,
3144,05/12/2026 16:00:55,35.70,0.0,0.0,0.02,0.00,,,,,
3145,05/12/2026 16:01:00,35.70,0.0,0.0,0.02,0.00,,,,,
3146,05/12/2026 16:01:05,35.70,0.0,0.0,0.02,0.00,,,,,
3147,05/12/2026 16:01:10,35.70,0.0,0.0,0.02,0.00,,,,,
3148,05/12/2026 16:01:15,35.70,0.0,0.0,0.02,0.00,,,,,
3149,05/12/2026 16:01:20,35.70,0.0,0.0,0.02,0.00,,,,,
3150,05/12/2026 16:01:25,35.70,0.0,0.0,0.02,0.00,,,,,
3151,05/12/2026 16:01:30,35.69,0.0,0.0,0.02,0.00,,,,,
3152,05/12/2026 16:01:35,35.69,0.0,0.0,0.02,0.00,,,,,
3153,05/12/2026 16:01:40,35.68,0.0,0.0,0.02,0.00,,,,,
3154,05/12/2026 16:01:45,35.68,0.0,0.0,0.02,0.00,,,,,
3155,05/12/2026 16:01:50,35.68,0.0,0.0,0.02,0.00,,,,,
3156,05/12/2026 16:01:55,35.68,0.0,0.0,0.02,0.00,,,,,
3157,05/12/2026 16:02:00,35.68,0.0,0.0,0.02,0.00,,,,,
3158,05/12/2026 16:02:05,35.68,0.0,0.0,0.02,0.00,,,,,
3159,05/12/2026 16:02:10,35.68,0.0,0.0,0.02,0.00,,,,,
3160,05/12/2026 16:02:15,35.68,0.0,0.0,0.02,0.00,,,,,
3161,05/12/2026 16:02:20,35.67,0.0,0.0,0.02,0.00,,,,,
3162,05/12/2026 16:02:25,35.68,0.0,0.0,0.02,0.00,,,,,
3163,05/12/2026 16:02:30,35.67,0.0,0.0,0.02,0.00,,,,,
3164,05/12/2026 16:02:35,35.67,0.0,0.0,0.02,0.00,,,,,
3165,05/12/2026 16:02:40,35.67,0.0,0.0,0.02,0.00,,,,,
3166,05/12/2026 16:02:45,35.67,0.0,0.0,0.02,0.00,,,,,
3167,05/12/2026 16:02:50,35.67,0.0,0.0,0.02,0.00,,,,,
3168,05/12/2026 16:02:55,35.67,0.0,0.0,0.02,0.00,,,,,
3169,05/12/2026 16:03:00,35.67,0.0,0.0,0.02,0.00,,,,,
3170,05/12/2026 16:03:05,35.67,0.0,0.0,0.02,0.00,,,,,
3171,05/12/2026 16:03:10,35.66,0.0,0.0,0.02,0.00,,,,,
3172,05/12/2026 16:03:15,35.66,0.0,0.0,0.02,0.00,,,,,
3173,05/12/2026 16:03:20,35.66,0.0,0.0,0.02,0.00,,,,,
3174,05/12/2026 16:03:25,35.66,0.0,0.0,0.02,0.00,,,,,
3175,05/12/2026 16:03:30,35.65,0.0,0.0,0.02,0.00,,,,,
3176,05/12/2026 16:03:35,35.64,0.0,0.0,0.02,0.00,,,,,
3177,05/12/2026 16:03:40,35.64,0.0,0.0,0.02,0.00,,,,,
3178,05/12/2026 16:03:45,35.63,0.0,0.0,0.02,0.00,,,,,
3179,05/12/2026 16:03:50,35.63,0.0,0.0,0.02,0.00,,,,,
3180,05/12/2026 16:03:55,35.62,0.0,0.0,0.02,0.00,,,,,
3181,05/12/2026 16:04:00,35.62,0.0,0.0,0.02,0.00,,,,,
3182,05/12/2026 16:04:05,35.62,0.0,0.0,0.02,0.00,,,,,
3183,05/12/2026 16:04:10,35.61,0.0,0.0,0.02,0.00,,,,,
3184,05/12/2026 16:04:15,35.61,0.0,0.0,0.02,0.00,,,,,
3185,05/12/2026 16:04:20,35.61,0.0,0.0,0.02,0.00,,,,,
3186,05/12/2026 16:04:25,35.60,0.0,0.0,0.02,0.00,,,,,
3187,05/12/2026 16:04:30,35.60,0.0,0.0,0.02,0.00,,,,,
3188,05/12/2026 16:04:35,35.60,0.0,0.0,0.02,0.00,,,,,
3189,05/12/2026 16:04:40,35.59,0.0,0.0,0.02,0.00,,,,,
3190,05/12/2026 16:04:45,35.59,0.0,0.0,0.02,0.00,,,,,
3191,05/12/2026 16:04:50,35.58,0.0,0.0,0.02,0.00,,,,,
3192,05/12/2026 16:04:55,35.58,0.0,0.0,0.02,0.00,,,,,
3193,05/12/2026 16:05:00,35.57,0.0,0.0,0.02,0.00,,,,,
3194,05/12/2026 16:05:05,35.57,0.0,0.0,0.02,0.00,,,,,
3195,05/12/2026 16:05:10,35.56,0.0,0.0,0.02,0.00,,,,,
3196,05/12/2026 16:05:15,35.56,0.0,0.0,0.02,0.00,,,,,
3197,05/12/2026 16:05:20,35.55,0.0,0.0,0.02,0.00,,,,,
3198,05/12/2026 16:05:25,35.55,0.0,0.0,0.02,0.00,,,,,
3199,05/12/2026 16:05:30,35.54,0.0,0.0,0.02,0.00,,,,,
3200,05/12/2026 16:05:35,35.54,0.0,0.0,0.02,0.00,,,,,
3201,05/12/2026 16:05:40,35.54,0.0,0.0,0.02,0.00,,,,,
3202,05/12/2026 16:05:45,35.53,0.0,0.0,0.02,0.00,,,,,
3203,05/12/2026 16:05:50,35.53,0.0,0.0,0.02,0.00,,,,,
3204,05/12/2026 16:05:55,35.52,0.0,0.0,0.02,0.00,,,,,
3205,05/12/2026 16:06:00,35.52,0.0,0.0,0.02,0.00,,,,,
3206,05/12/2026 16:06:05,35.51,0.0,0.0,0.02,0.00,,,,,
3207,05/12/2026 16:06:10,35.50,0.0,0.0,0.02,0.00,,,,,
3208,05/12/2026 16:06:15,35.50,0.0,0.0,0.02,0.00,,,,,
3209,05/12/2026 16:06:20,35.49,0.0,0.0,0.02,0.00,,,,,
3210,05/12/2026 16:06:25,35.48,0.0,0.0,0.02,0.00,,,,,
3211,05/12/2026 16:06:30,35.48,0.0,0.0,0.02,0.00,,,,,
3212,05/12/2026 16:06:35,35.47,0.0,0.0,0.02,0.00,,,,,
3213,05/12/2026 16:06:40,35.47,0.0,0.0,0.02,0.00,,,,,
3214,05/12/2026 16:06:45,35.46,0.0,0.0,0.02,0.00,,,,,
3215,05/12/2026 16:06:50,35.46,0.0,0.0,0.02,0.00,,,,,
3216,05/12/2026 16:06:55,35.45,0.0,0.0,0.02,0.00,,,,,
3217,05/12/2026 16:07:00,35.44,0.0,0.0,0.02,0.00,,,,,
3218,05/12/2026 16:07:05,35.44,0.0,0.0,0.02,0.00,,,,,
3219,05/12/2026 16:07:10,35.43,0.0,0.0,0.02,0.00,,,,,
3220,05/12/2026 16:07:15,35.42,0.0,0.0,0.02,0.00,,,,,
3221,05/12/2026 16:07:20,35.41,0.0,0.0,0.02,0.00,,,,,
3222,05/12/2026 16:07:25,35.41,0.0,0.0,0.02,0.00,,,,,
3223,05/12/2026 16:07:30,35.40,0.0,0.0,0.02,0.00,,,,,
3224,05/12/2026 16:07:35,35.39,0.0,0.0,0.02,0.00,,,,,
3225,05/12/2026 16:07:40,35.38,0.0,0.0,0.02,0.00,,,,,
3226,05/12/2026 16:07:45,35.38,0.0,0.0,0.02,0.00,,,,,
3227,05/12/2026 16:07:50,35.37,0.0,0.0,0.02,0.00,,,,,
3228,05/12/2026 16:07:55,35.36,0.0,0.0,0.02,0.00,,,,,
3229,05/12/2026 16:08:00,35.35,0.0,0.0,0.02,0.00,,,,,
3230,05/12/2026 16:08:05,35.34,0.0,0.0,0.02,0.00,,,,,
3231,05/12/2026 16:08:10,35.33,0.0,0.0,0.02,0.00,,,,,
3232,05/12/2026 16:08:15,35.32,0.0,0.0,0.02,0.00,,,,,
3233,05/12/2026 16:08:20,35.31,0.0,0.0,0.02,0.00,,,,,
3234,05/12/2026 16:08:25,35.31,0.0,0.0,0.02,0.00,,,,,
3235,05/12/2026 16:08:30,35.30,0.0,0.0,0.02,0.00,,,,,
3236,05/12/2026 16:08:35,35.29,0.0,0.0,0.02,0.00,,,,,
3237,05/12/2026 16:08:40,35.28,0.0,0.0,0.02,0.00,,,,,
3238,05/12/2026 16:08:45,35.27,0.0,0.0,0.02,0.00,,,,,
3239,05/12/2026 16:08:50,35.26,0.0,0.0,0.02,0.00,,,,,
3240,05/12/2026 16:08:55,35.25,0.0,0.0,0.02,0.00,,,,,
3241,05/12/2026 16:09:00,35.24,0.0,0.0,0.02,0.00,,,,,
3242,05/12/2026 16:09:05,35.23,0.0,0.0,0.02,0.00,,,,,
3243,05/12/2026 16:09:10,35.22,0.0,0.0,0.02,0.00,,,,,
3244,05/12/2026 16:09:15,35.22,0.0,0.0,0.02,0.00,,,,,
3245,05/12/2026 16:09:20,35.21,0.0,0.0,0.02,0.00,,,,,
3246,05/12/2026 16:09:25,35.20,0.0,0.0,0.02,0.00,,,,,
3247,05/12/2026 16:09:30,35.19,0.0,0.0,0.02,0.00,,,,,
3248,05/12/2026 16:09:35,35.18,0.0,0.0,0.02,0.00,,,,,
3249,05/12/2026 16:09:40,35.17,0.0,0.0,0.02,0.00,,,,,
3250,05/12/2026 16:09:45,35.16,0.0,0.0,0.02,0.00,,,,,
3251,05/12/2026 16:09:50,35.15,0.0,0.0,0.02,0.00,,,,,
3252,05/12/2026 16:09:55,35.14,0.0,0.0,0.02,0.00,,,,,
3253,05/12/2026 16:10:00,35.13,0.0,0.0,0.02,0.00,,,,,
3254,05/12/2026 16:10:05,35.12,0.0,0.0,0.02,0.00,,,,,
3255,05/12/2026 16:10:10,35.11,0.0,0.0,0.02,0.00,,,,,
3256,05/12/2026 16:10:15,35.10,0.0,0.0,0.02,0.00,,,,,
3257,05/12/2026 16:10:20,35.09,0.0,0.0,0.02,0.00,,,,,
3258,05/12/2026 16:10:25,35.08,0.0,0.0,0.02,0.00,,,,,
3259,05/12/2026 16:10:30,35.07,0.0,0.0,0.02,0.00,,,,,
3260,05/12/2026 16:10:35,35.06,0.0,0.0,0.02,0.00,,,,,
3261,05/12/2026 16:10:40,35.05,0.0,0.0,0.02,0.00,,,,,
3262,05/12/2026 16:10:45,35.04,0.0,0.0,0.02,0.00,,,,,
3263,05/12/2026 16:10:50,35.03,0.0,0.0,0.02,0.00,,,,,
3264,05/12/2026 16:10:55,35.02,0.0,0.0,0.02,0.00,,,,,
3265,05/12/2026 16:11:00,35.01,0.0,0.0,0.02,0.00,,,,,
3266,05/12/2026 16:11:05,35.00,0.0,0.0,0.02,0.00,,,,,
3267,05/12/2026 16:11:10,34.99,0.0,0.0,0.02,0.00,,,,,
3268,05/12/2026 16:11:15,34.98,0.0,0.0,0.02,0.00,,,,,
3269,05/12/2026 16:11:20,34.96,0.0,0.0,0.02,0.00,,,,,
3270,05/12/2026 16:11:25,34.95,0.0,0.0,0.02,0.00,,,,,
3271,05/12/2026 16:11:30,34.94,0.0,0.0,0.02,0.00,,,,,
3272,05/12/2026 16:11:35,34.93,0.0,0.0,0.02,0.00,,,,,
3273,05/12/2026 16:11:40,34.92,0.0,0.0,0.02,0.00,,,,,
3274,05/12/2026 16:11:45,34.91,0.0,0.0,0.02,0.00,,,,,
3275,05/12/2026 16:11:50,34.89,0.0,0.0,0.02,0.00,,,,,
3276,05/12/2026 16:11:55,34.88,0.0,0.0,0.02,0.00,,,,,
3277,05/12/2026 16:12:00,34.87,0.0,0.0,0.02,0.00,,,,,
3278,05/12/2026 16:12:05,34.86,0.0,0.0,0.02,0.00,,,,,
3279,05/12/2026 16:12:10,34.85,0.0,0.0,0.02,0.00,,,,,
3280,05/12/2026 16:12:15,34.84,0.0,0.0,0.02,0.00,,,,,
3281,05/12/2026 16:12:20,34.83,0.0,0.0,0.02,0.00,,,,,
3282,05/12/2026 16:12:25,34.82,0.0,0.0,0.02,0.00,,,,,
3283,05/12/2026 16:12:30,34.80,0.0,0.0,0.02,0.00,,,,,
3284,05/12/2026 16:12:35,34.79,0.0,0.0,0.02,0.00,,,,,
3285,05/12/2026 16:12:40,34.77,0.0,0.0,0.02,0.00,,,,,
3286,05/12/2026 16:12:45,34.76,0.0,0.0,0.02,0.00,,,,,
3287,05/12/2026 16:12:50,34.75,0.0,0.0,0.02,0.00,,,,,
3288,05/12/2026 16:12:55,34.74,0.0,0.0,0.02,0.00,,,,,
3289,05/12/2026 16:13:00,34.72,0.0,0.0,0.02,0.00,,,,,
3290,05/12/2026 16:13:05,34.71,0.0,0.0,0.02,0.00,,,,,
3291,05/12/2026 16:13:10,34.70,0.0,0.0,0.02,0.00,,,,,
3292,05/12/2026 16:13:15,34.69,0.0,0.0,0.02,0.00,,,,,
3293,05/12/2026 16:13:20,34.67,0.0,0.0,0.02,0.00,,,,,
3294,05/12/2026 16:13:25,34.66,0.0,0.0,0.02,0.00,,,,,
3295,05/12/2026 16:13:30,34.65,0.0,0.0,0.02,0.00,,,,,
3296,05/12/2026 16:13:35,34.63,0.0,0.0,0.02,0.00,,,,,
3297,05/12/2026 16:13:40,34.62,0.0,0.0,0.02,0.00,,,,,
3298,05/12/2026 16:13:45,34.61,0.0,0.0,0.02,0.00,,,,,
3299,05/12/2026 16:13:50,34.60,0.0,0.0,0.02,0.00,,,,,
3300,05/12/2026 16:13:55,34.59,0.0,0.0,0.02,0.00,,,,,
3301,05/12/2026 16:14:00,34.58,0.0,0.0,0.02,0.00,,,,,
3302,05/12/2026 16:14:05,34.58,0.0,0.0,0.02,0.00,,,,,
3303,05/12/2026 16:14:10,34.57,0.0,0.0,0.02,0.00,,,,,
3304,05/12/2026 16:14:15,34.56,0.0,0.0,0.02,0.00,,,,,
3305,05/12/2026 16:14:20,34.55,0.0,0.0,0.02,0.00,,,,,
3306,05/12/2026 16:14:25,34.54,0.0,0.0,0.02,0.00,,,,,
3307,05/12/2026 16:14:30,34.53,0.0,0.0,0.02,0.00,,,,,
3308,05/12/2026 16:14:35,34.53,0.0,0.0,0.02,0.00,,,,,
3309,05/12/2026 16:14:40,34.52,0.0,0.0,0.02,0.00,,,,,
3310,05/12/2026 16:14:45,34.51,0.0,0.0,0.02,0.00,,,,,
3311,05/12/2026 16:14:50,34.50,0.0,0.0,0.02,0.00,,,,,
3312,05/12/2026 16:14:55,34.49,0.0,0.0,0.02,0.00,,,,,
3313,05/12/2026 16:15:00,34.49,0.0,0.0,0.02,0.00,,,,,
3314,05/12/2026 16:15:05,34.48,0.0,0.0,0.02,0.00,,,,,
3315,05/12/2026 16:15:10,34.47,0.0,0.0,0.02,0.00,,,,,
3316,05/12/2026 16:15:15,34.47,0.0,0.0,0.02,0.00,,,,,
3317,05/12/2026 16:15:20,34.46,0.0,0.0,0.02,0.00,,,,,
3318,05/12/2026 16:15:25,34.45,0.0,0.0,0.02,0.00,,,,,
3319,05/12/2026 16:15:30,34.44,0.0,0.0,0.02,0.00,,,,,
3320,05/12/2026 16:15:35,34.44,0.0,0.0,0.02,0.00,,,,,
3321,05/12/2026 16:15:40,34.43,0.0,0.0,0.02,0.00,,,,,
3322,05/12/2026 16:15:45,34.42,0.0,0.0,0.02,0.00,,,,,
3323,05/12/2026 16:15:50,34.41,0.0,0.0,0.02,0.00,,,,,
3324,05/12/2026 16:15:55,34.41,0.0,0.0,0.02,0.00,,,,,
3325,05/12/2026 16:16:00,34.40,0.0,0.0,0.02,0.00,,,,,
3326,05/12/2026 16:16:05,34.39,0.0,0.0,0.02,0.00,,,,,
3327,05/12/2026 16:16:10,34.39,0.0,0.0,0.02,0.00,,,,,
3328,05/12/2026 16:16:15,34.38,0.0,0.0,0.02,0.00,,,,,
3329,05/12/2026 16:16:20,34.38,0.0,0.0,0.02,0.00,,,,,
3330,05/12/2026 16:16:25,34.37,0.0,0.0,0.02,0.00,,,,,
3331,05/12/2026 16:16:30,34.36,0.0,0.0,0.02,0.00,,,,,
3332,05/12/2026 16:16:35,34.36,0.0,0.0,0.02,0.00,,,,,
3333,05/12/2026 16:16:40,34.35,0.0,0.0,0.02,0.00,,,,,
3334,05/12/2026 16:16:45,34.34,0.0,0.0,0.02,0.00,,,,,
3335,05/12/2026 16:16:50,34.34,0.0,0.0,0.02,0.00,,,,,
3336,05/12/2026 16:16:55,34.33,0.0,0.0,0.02,0.00,,,,,
3337,05/12/2026 16:17:00,34.33,0.0,0.0,0.02,0.00,,,,,
3338,05/12/2026 16:17:05,34.32,0.0,0.0,0.02,0.00,,,,,
3339,05/12/2026 16:17:10,34.32,0.0,0.0,0.02,0.00,,,,,
3340,05/12/2026 16:17:15,34.31,0.0,0.0,0.02,0.00,,,,,
3341,05/12/2026 16:17:20,34.31,0.0,0.0,0.02,0.00,,,,,
3342,05/12/2026 16:17:25,34.30,0.0,0.0,0.02,0.00,,,,,
3343,05/12/2026 16:17:30,34.30,0.0,0.0,0.02,0.00,,,,,
3344,05/12/2026 16:17:35,34.30,0.0,0.0,0.02,0.00,,,,,
3345,05/12/2026 16:17:40,34.29,0.0,0.0,0.02,0.00,,,,,
3346,05/12/2026 16:17:45,34.29,0.0,0.0,0.02,0.00,,,,,
3347,05/12/2026 16:17:50,34.28,0.0,0.0,0.02,0.00,,,,,
3348,05/12/2026 16:17:55,34.28,0.0,0.0,0.02,0.00,,,,,
3349,05/12/2026 16:18:00,34.28,0.0,0.0,0.02,0.00,,,,,
3350,05/12/2026 16:18:05,34.28,0.0,0.0,0.02,0.00,,,,,
3351,05/12/2026 16:18:10,34.27,0.0,0.0,0.02,0.00,,,,,
3352,05/12/2026 16:18:15,34.27,0.0,0.0,0.02,0.00,,,,,
3353,05/12/2026 16:18:20,34.27,0.0,0.0,0.02,0.00,,,,,
3354,05/12/2026 16:18:25,34.26,0.0,0.0,0.02,0.00,,,,,
3355,05/12/2026 16:18:30,34.26,0.0,0.0,0.02,0.00,,,,,
3356,05/12/2026 16:18:35,34.26,0.0,0.0,0.02,0.00,,,,,
3357,05/12/2026 16:18:40,34.25,0.0,0.0,0.02,0.00,,,,,
3358,05/12/2026 16:18:45,34.25,0.0,0.0,0.02,0.00,,,,,
3359,05/12/2026 16:18:50,34.25,0.0,0.0,0.02,0.00,,,,,
3360,05/12/2026 16:18:55,34.25,0.0,0.0,0.02,0.00,,,,,
3361,05/12/2026 16:19:00,34.24,0.0,0.0,0.02,0.00,,,,,
3362,05/12/2026 16:19:05,34.24,0.0,0.0,0.02,0.00,,,,,
3363,05/12/2026 16:19:10,34.23,0.0,0.0,0.02,0.00,,,,,
3364,05/12/2026 16:19:15,34.22,0.0,0.0,0.02,0.00,,,,,
3365,05/12/2026 16:19:20,34.22,0.0,0.0,0.02,0.00,,,,,
3366,05/12/2026 16:19:25,34.21,0.0,0.0,0.02,0.00,,,,,
3367,05/12/2026 16:19:30,34.21,0.0,0.0,0.02,0.00,,,,,
3368,05/12/2026 16:19:35,34.20,0.0,0.0,0.02,0.00,,,,,
3369,05/12/2026 16:19:40,34.20,0.0,0.0,0.02,0.00,,,,,
3370,05/12/2026 16:19:45,34.19,0.0,0.0,0.02,0.00,,,,,
3371,05/12/2026 16:19:50,34.19,0.0,0.0,0.02,0.00,,,,,
3372,05/12/2026 16:19:55,34.19,0.0,0.0,0.02,0.00,,,,,
3373,05/12/2026 16:20:00,34.18,0.0,0.0,0.02,0.00,,,,,
3374,05/12/2026 16:20:05,34.18,0.0,0.0,0.02,0.00,,,,,
3375,05/12/2026 16:20:10,34.17,0.0,0.0,0.02,0.00,,,,,
3376,05/12/2026 16:20:15,34.17,0.0,0.0,0.02,0.00,,,,,
3377,05/12/2026 16:20:20,34.17,0.0,0.0,0.02,0.00,,,,,
3378,05/12/2026 16:20:25,34.16,0.0,0.0,0.02,0.00,,,,,
3379,05/12/2026 16:20:30,34.16,0.0,0.0,0.02,0.00,,,,,
3380,05/12/2026 16:20:35,34.16,0.0,0.0,0.02,0.00,,,,,
3381,05/12/2026 16:20:40,34.15,0.0,0.0,0.02,0.00,,,,,
3382,05/12/2026 16:20:45,34.15,0.0,0.0,0.02,0.00,,,,,
3383,05/12/2026 16:20:50,34.15,0.0,0.0,0.02,0.00,,,,,
3384,05/12/2026 16:20:55,34.14,0.0,0.0,0.02,0.00,,,,,
3385,05/12/2026 16:21:00,34.14,0.0,0.0,0.02,0.00,,,,,
3386,05/12/2026 16:21:05,34.14,0.0,0.0,0.02,0.00,,,,,
3387,05/12/2026 16:21:10,34.13,0.0,0.0,0.02,0.00,,,,,
3388,05/12/2026 16:21:15,34.13,0.0,0.0,0.02,0.00,,,,,
3389,05/12/2026 16:21:20,34.13,0.0,0.0,0.02,0.00,,,,,
3390,05/12/2026 16:21:25,34.12,0.0,0.0,0.02,0.00,,,,,
3391,05/12/2026 16:21:30,34.12,0.0,0.0,0.02,0.00,,,,,
3392,05/12/2026 16:21:35,34.12,0.0,0.0,0.02,0.00,,,,,
3393,05/12/2026 16:21:40,34.11,0.0,0.0,0.02,0.00,,,,,
3394,05/12/2026 16:21:45,34.11,0.0,0.0,0.02,0.00,,,,,
3395,05/12/2026 16:21:50,34.11,0.0,0.0,0.02,0.00,,,,,
3396,05/12/2026 16:21:55,34.10,0.0,0.0,0.02,0.00,,,,,
3397,05/12/2026 16:22:00,34.10,0.0,0.0,0.02,0.00,,,,,
3398,05/12/2026 16:22:05,34.10,0.0,0.0,0.02,0.00,,,,,
3399,05/12/2026 16:22:10,34.10,0.0,0.0,0.02,0.00,,,,,
3400,05/12/2026 16:22:15,34.10,0.0,0.0,0.02,0.00,,,,,
3401,05/12/2026 16:22:20,34.09,0.0,0.0,0.02,0.00,,,,,
3402,05/12/2026 16:22:25,34.09,0.0,0.0,0.02,0.00,,,,,
3403,05/12/2026 16:22:30,34.09,0.0,0.0,0.02,0.00,,,,,
3404,05/12/2026 16:22:35,34.09,0.0,0.0,0.02,0.00,,,,,
3405,05/12/2026 16:22:40,34.08,0.0,0.0,0.02,0.00,,,,,
3406,05/12/2026 16:22:45,34.08,0.0,0.0,0.02,0.00,,,,,
3407,05/12/2026 16:22:50,34.08,0.0,0.0,0.02,0.00,,,,,
3408,05/12/2026 16:22:55,34.07,0.0,0.0,0.02,0.00,,,,,
3409,05/12/2026 16:23:00,34.07,0.0,0.0,0.02,0.00,,,,,
3410,05/12/2026 16:23:05,34.07,0.0,0.0,0.02,0.00,,,,,
3411,05/12/2026 16:23:10,34.06,0.0,0.0,0.02,0.00,,,,,
3412,05/12/2026 16:23:15,34.06,0.0,0.0,0.02,0.00,,,,,
3413,05/12/2026 16:23:20,34.05,0.0,0.0,0.02,0.00,,,,,
3414,05/12/2026 16:23:25,34.05,0.0,0.0,0.02,0.00,,,,,
3415,05/12/2026 16:23:30,34.05,0.0,0.0,0.02,0.00,,,,,
3416,05/12/2026 16:23:35,34.04,0.0,0.0,0.02,0.00,,,,,
3417,05/12/2026 16:23:40,34.04,0.0,0.0,0.02,0.00,,,,,
3418,05/12/2026 16:23:45,34.04,0.0,0.0,0.02,0.00,,,,,
3419,05/12/2026 16:23:50,34.03,0.0,0.0,0.02,0.00,,,,,
3420,05/12/2026 16:23:55,34.03,0.0,0.0,0.02,0.00,,,,,
3421,05/12/2026 16:24:00,34.03,0.0,0.0,0.02,0.00,,,,,
3422,05/12/2026 16:24:05,34.02,0.0,0.0,0.02,0.00,,,,,
3423,05/12/2026 16:24:10,34.02,0.0,0.0,0.02,0.00,,,,,
3424,05/12/2026 16:24:15,34.02,0.0,0.0,0.02,0.00,,,,,
3425,05/12/2026 16:24:20,34.01,0.0,0.0,0.02,0.00,,,,,
3426,05/12/2026 16:24:25,34.01,0.0,0.0,0.02,0.00,,,,,
3427,05/12/2026 16:24:30,34.01,0.0,0.0,0.02,0.00,,,,,
3428,05/12/2026 16:24:35,34.00,0.0,0.0,0.02,0.00,,,,,
3429,05/12/2026 16:24:40,34.00,0.0,0.0,0.02,0.00,,,,,
3430,05/12/2026 16:24:45,33.99,0.0,0.0,0.02,0.00,,,,,
3431,05/12/2026 16:24:50,33.98,0.0,0.0,0.02,0.00,,,,,
3432,05/12/2026 16:24:55,33.97,0.0,0.0,0.02,0.00,,,,,
3433,05/12/2026 16:25:00,33.96,0.0,0.0,0.02,0.00,,,,,
3434,05/12/2026 16:25:05,33.95,0.0,0.0,0.02,0.00,,,,,
3435,05/12/2026 16:25:10,33.95,0.0,0.0,0.02,0.00,,,,,
3436,05/12/2026 16:25:15,33.94,0.0,0.0,0.02,0.00,,,,,
3437,05/12/2026 16:25:20,33.93,0.0,0.0,0.02,0.00,,,,,
3438,05/12/2026 16:25:25,33.93,0.0,0.0,0.02,0.00,,,,,
3439,05/12/2026 16:25:30,33.92,0.0,0.0,0.02,0.00,,,,,
3440,05/12/2026 16:25:35,33.91,0.0,0.0,0.02,0.00,,,,,
3441,05/12/2026 16:25:40,33.91,0.0,0.0,0.02,0.00,,,,,
3442,05/12/2026 16:25:45,33.90,0.0,0.0,0.02,0.00,,,,,
3443,05/12/2026 16:25:50,33.89,0.0,0.0,0.02,0.00,,,,,
3444,05/12/2026 16:25:55,33.89,0.0,0.0,0.02,0.00,,,,,
3445,05/12/2026 16:26:00,33.88,0.0,0.0,0.02,0.00,,,,,
3446,05/12/2026 16:26:05,33.87,0.0,0.0,0.02,0.00,,,,,
3447,05/12/2026 16:26:10,33.87,0.0,0.0,0.02,0.00,,,,,
3448,05/12/2026 16:26:15,33.86,0.0,0.0,0.02,0.00,,,,,
3449,05/12/2026 16:26:20,33.86,0.0,0.0,0.02,0.00,,,,,
3450,05/12/2026 16:26:25,33.85,0.0,0.0,0.02,0.00,,,,,
3451,05/12/2026 16:26:30,33.85,0.0,0.0,0.02,0.00,,,,,
3452,05/12/2026 16:26:35,33.84,0.0,0.0,0.02,0.00,,,,,
3453,05/12/2026 16:26:40,33.84,0.0,0.0,0.02,0.00,,,,,
3454,05/12/2026 16:26:45,33.83,0.0,0.0,0.02,0.00,,,,,
3455,05/12/2026 16:26:50,33.82,0.0,0.0,0.02,0.00,,,,,
3456,05/12/2026 16:26:55,33.82,0.0,0.0,0.02,0.00,,,,,
3457,05/12/2026 16:27:00,33.81,0.0,0.0,0.02,0.00,,,,,
3458,05/12/2026 16:27:05,33.80,0.0,0.0,0.02,0.00,,,,,
3459,05/12/2026 16:27:10,33.80,0.0,0.0,0.02,0.00,,,,,
3460,05/12/2026 16:27:15,33.79,0.0,0.0,0.02,0.00,,,,,
3461,05/12/2026 16:27:20,33.78,0.0,0.0,0.02,0.00,,,,,
3462,05/12/2026 16:27:25,33.77,0.0,0.0,0.02,0.00,,,,,
3463,05/12/2026 16:27:30,33.77,0.0,0.0,0.02,0.00,,,,,
3464,05/12/2026 16:27:35,33.76,0.0,0.0,0.02,0.00,,,,,
3465,05/12/2026 16:27:40,33.75,0.0,0.0,0.02,0.00,,,,,
3466,05/12/2026 16:27:45,33.74,0.0,0.0,0.02,0.00,,,,,
3467,05/12/2026 16:27:50,33.73,0.0,0.0,0.02,0.00,,,,,
3468,05/12/2026 16:27:55,33.73,0.0,0.0,0.02,0.00,,,,,
3469,05/12/2026 16:28:00,33.72,0.0,0.0,0.02,0.00,,,,,
3470,05/12/2026 16:28:05,33.70,0.0,0.0,0.02,0.00,,,,,
3471,05/12/2026 16:28:10,33.68,0.0,0.0,0.02,0.00,,,,,
3472,05/12/2026 16:28:15,33.66,0.0,0.0,0.02,0.00,,,,,
3473,05/12/2026 16:28:20,33.63,0.0,0.0,0.02,0.00,,,,,
3474,05/12/2026 16:28:25,33.60,0.0,0.0,0.02,0.00,,,,,
3475,05/12/2026 16:28:30,33.57,0.0,0.0,0.02,0.00,,,,,
3476,05/12/2026 16:28:35,33.55,0.0,0.0,0.02,0.00,,,,,
3477,05/12/2026 16:28:40,33.52,0.0,0.0,0.02,0.00,,,,,
3478,05/12/2026 16:28:45,33.50,0.0,0.0,0.02,0.00,,,,,
3479,05/12/2026 16:28:50,33.47,0.0,0.0,0.02,0.00,,,,,
3480,05/12/2026 16:28:55,33.45,0.0,0.0,0.02,0.00,,,,,
3481,05/12/2026 16:29:00,33.43,0.0,0.0,0.02,0.00,,,,,
3482,05/12/2026 16:29:05,33.40,0.0,0.0,0.02,0.00,,,,,
3483,05/12/2026 16:29:10,33.38,0.0,0.0,0.02,0.00,,,,,
3484,05/12/2026 16:29:15,33.35,0.0,0.0,0.02,0.00,,,,,
3485,05/12/2026 16:29:20,33.33,0.0,0.0,0.02,0.00,,,,,
3486,05/12/2026 16:29:25,33.30,0.0,0.0,0.02,0.00,,,,,
3487,05/12/2026 16:29:30,33.28,0.0,0.0,0.02,0.00,,,,,
3488,05/12/2026 16:29:35,33.25,0.0,0.0,0.02,0.00,,,,,
3489,05/12/2026 16:29:40,33.23,0.0,0.0,0.02,0.00,,,,,
3490,05/12/2026 16:29:45,33.21,0.0,0.0,0.02,0.00,,,,,
3491,05/12/2026 16:29:50,33.19,0.0,0.0,0.02,0.00,,,,,
3492,05/12/2026 16:29:55,33.16,0.0,0.0,0.02,0.00,,,,,
3493,05/12/2026 16:30:00,33.14,0.0,0.0,0.02,0.00,,,,,
3494,05/12/2026 16:30:05,33.12,0.0,0.0,0.02,0.00,,,,,
3495,05/12/2026 16:30:10,33.09,0.0,0.0,0.01,0.00,,,,,
3496,05/12/2026 16:30:15,33.06,0.0,0.0,0.01,0.00,,,,,
3497,05/12/2026 16:30:20,33.03,0.0,0.0,0.01,0.00,,,,,
3498,05/12/2026 16:30:25,33.00,0.0,0.0,0.01,0.00,,,,,
3499,05/12/2026 16:30:30,32.98,0.0,0.0,0.01,0.00,,,,,
3500,05/12/2026 16:30:35,32.95,0.0,0.0,0.01,0.00,,,,,
3501,05/12/2026 16:30:40,32.93,0.0,0.0,0.01,0.00,,,,,
3502,05/12/2026 16:30:45,32.90,0.0,0.0,0.01,0.00,,,,,
3503,05/12/2026 16:30:50,32.87,0.0,0.0,0.01,0.00,,,,,
3504,05/12/2026 16:30:55,32.84,0.0,0.0,0.01,0.00,,,,,
3505,05/12/2026 16:31:00,32.81,0.0,0.0,0.01,0.00,,,,,
3506,05/12/2026 16:31:05,32.78,0.0,0.0,0.01,0.00,,,,,
3507,05/12/2026 16:31:10,32.76,0.0,0.0,0.01,0.00,,,,,
3508,05/12/2026 16:31:15,32.73,0.0,0.0,0.01,0.00,,,,,
3509,05/12/2026 16:31:20,32.70,0.0,0.0,0.01,0.00,,,,,
3510,05/12/2026 16:31:25,32.67,0.0,0.0,0.01,0.00,,,,,
3511,05/12/2026 16:31:30,32.65,0.0,0.0,0.01,0.00,,,,,
3512,05/12/2026 16:31:35,32.62,0.0,0.0,0.01,0.00,,,,,
3513,05/12/2026 16:31:40,32.60,0.0,0.0,0.01,0.00,,,,,
3514,05/12/2026 16:31:45,32.57,0.0,0.0,0.01,0.00,,,,,
3515,05/12/2026 16:31:50,32.55,0.0,0.0,0.01,0.00,,,,,
3516,05/12/2026 16:31:55,32.53,0.0,0.0,0.01,0.00,,,,,
3517,05/12/2026 16:32:00,32.51,0.0,0.0,0.01,0.00,,,,,
3518,05/12/2026 16:32:05,32.48,0.0,0.0,0.01,0.00,,,,,
3519,05/12/2026 16:32:10,32.46,0.0,0.0,0.01,0.00,,,,,
3520,05/12/2026 16:32:15,32.43,0.0,0.0,0.01,0.00,,,,,
3521,05/12/2026 16:32:20,32.41,0.0,0.0,0.01,0.00,,,,,
3522,05/12/2026 16:32:25,32.38,0.0,0.0,0.01,0.00,,,,,
3523,05/12/2026 16:32:30,32.36,0.0,0.0,0.01,0.00,,,,,
3524,05/12/2026 16:32:35,32.34,0.0,0.0,0.01,0.00,,,,,
3525,05/12/2026 16:32:40,32.31,0.0,0.0,0.01,0.00,,,,,
3526,05/12/2026 16:32:45,32.29,0.0,0.0,0.01,0.00,,,,,
3527,05/12/2026 16:32:50,32.26,0.0,0.0,0.01,0.00,,,,,
3528,05/12/2026 16:32:55,32.24,0.0,0.0,0.01,0.00,,,,,
3529,05/12/2026 16:33:00,32.21,0.0,0.0,0.01,0.00,,,,,
3530,05/12/2026 16:33:05,32.18,0.0,0.0,0.01,0.00,,,,,
3531,05/12/2026 16:33:10,32.16,0.0,0.0,0.01,0.00,,,,,
3532,05/12/2026 16:33:15,32.14,0.0,0.0,0.01,0.00,,,,,
3533,05/12/2026 16:33:20,32.11,0.0,0.0,0.01,0.00,,,,,
3534,05/12/2026 16:33:25,32.09,0.0,0.0,0.01,0.00,,,,,
3535,05/12/2026 16:33:30,32.07,0.0,0.0,0.01,0.00,,,,,
3536,05/12/2026 16:33:35,32.04,0.0,0.0,0.01,0.00,,,,,
3537,05/12/2026 16:33:40,32.02,0.0,0.0,0.01,0.00,,,,,
3538,05/12/2026 16:33:45,32.00,0.0,0.0,0.01,0.00,,,,,
3539,05/12/2026 16:33:50,31.97,0.0,0.0,0.01,0.00,,,,,
3540,05/12/2026 16:33:55,31.94,0.0,0.0,0.01,0.00,,,,,
3541,05/12/2026 16:34:00,31.92,0.0,0.0,0.01,0.00,,,,,
3542,05/12/2026 16:34:05,31.90,0.0,0.0,0.01,0.00,,,,,
3543,05/12/2026 16:34:10,31.87,0.0,0.0,0.01,0.00,,,,,
3544,05/12/2026 16:34:15,31.84,0.0,0.0,0.01,0.00,,,,,
3545,05/12/2026 16:34:20,31.82,0.0,0.0,0.01,0.00,,,,,
3546,05/12/2026 16:34:25,31.80,0.0,0.0,0.01,0.00,,,,,
3547,05/12/2026 16:34:30,31.77,0.0,0.0,0.01,0.00,,,,,
3548,05/12/2026 16:34:35,31.75,0.0,0.0,0.01,0.00,,,,,
3549,05/12/2026 16:34:40,31.73,0.0,0.0,0.01,0.00,,,,,
3550,05/12/2026 16:34:45,31.70,0.0,0.0,0.01,0.00,,,,,
3551,05/12/2026 16:34:50,31.68,0.0,0.0,0.01,0.00,,,,,
3552,05/12/2026 16:34:55,31.65,0.0,0.0,0.01,0.00,,,,,
3553,05/12/2026 16:35:00,31.62,0.0,0.0,0.01,0.00,,,,,
3554,05/12/2026 16:35:05,31.59,0.0,0.0,0.01,0.00,,,,,
3555,05/12/2026 16:35:10,31.56,0.0,0.0,0.01,0.00,,,,,
3556,05/12/2026 16:35:15,31.54,0.0,0.0,0.01,0.00,,,,,
3557,05/12/2026 16:35:20,31.52,0.0,0.0,0.01,0.00,,,,,
3558,05/12/2026 16:35:25,31.49,0.0,0.0,0.01,0.00,,,,,
3559,05/12/2026 16:35:30,31.47,0.0,0.0,0.01,0.00,,,,,
3560,05/12/2026 16:35:35,31.44,0.0,0.0,0.01,0.00,,,,,
3561,05/12/2026 16:35:40,31.42,0.0,0.0,0.01,0.00,,,,,
3562,05/12/2026 16:35:45,31.39,0.0,0.0,0.01,0.00,,,,,
3563,05/12/2026 16:35:50,31.37,0.0,0.0,0.01,0.00,,,,,
3564,05/12/2026 16:35:55,31.34,0.0,0.0,0.01,0.00,,,,,
3565,05/12/2026 16:36:00,31.31,0.0,0.0,0.01,0.00,,,,,
3566,05/12/2026 16:36:05,31.29,0.0,0.0,0.01,0.00,,,,,
3567,05/12/2026 16:36:10,31.27,0.0,0.0,0.01,0.00,,,,,
3568,05/12/2026 16:36:15,31.24,0.0,0.0,0.01,0.00,,,,,
3569,05/12/2026 16:36:20,31.22,0.0,0.0,0.01,0.00,,,,,
3570,05/12/2026 16:36:25,31.19,0.0,0.0,0.01,0.00,,,,,
3571,05/12/2026 16:36:30,31.17,0.0,0.0,0.01,0.00,,,,,
3572,05/12/2026 16:36:35,31.15,0.0,0.0,0.01,0.00,,,,,
3573,05/12/2026 16:36:40,31.12,0.0,0.0,0.01,0.00,,,,,
3574,05/12/2026 16:36:45,31.10,0.0,0.0,0.01,0.00,,,,,
3575,05/12/2026 16:36:50,31.07,0.0,0.0,0.01,0.00,,,,,
3576,05/12/2026 16:36:55,31.05,0.0,0.0,0.01,0.00,,,,,
3577,05/12/2026 16:37:00,31.03,0.0,0.0,0.01,0.00,,,,,
3578,05/12/2026 16:37:05,31.00,0.0,0.0,0.01,0.00,,,,,
3579,05/12/2026 16:37:10,30.97,0.0,0.0,0.01,0.00,,,,,
3580,05/12/2026 16:37:15,30.95,0.0,0.0,0.01,0.00,,,,,
3581,05/12/2026 16:37:20,30.92,0.0,0.0,0.01,0.00,,,,,
3582,05/12/2026 16:37:25,30.90,0.0,0.0,0.01,0.00,,,,,
3583,05/12/2026 16:37:30,30.87,0.0,0.0,0.01,0.00,,,,,
3584,05/12/2026 16:37:35,30.85,0.0,0.0,0.01,0.00,,,,,
3585,05/12/2026 16:37:40,30.83,0.0,0.0,0.01,0.00,,,,,
3586,05/12/2026 16:37:45,30.80,0.0,0.0,0.01,0.00,,,,,
3587,05/12/2026 16:37:50,30.78,0.0,0.0,0.01,0.00,,,,,
3588,05/12/2026 16:37:55,30.76,0.0,0.0,0.01,0.00,,,,,
3589,05/12/2026 16:38:00,30.74,0.0,0.0,0.01,0.00,,,,,
3590,05/12/2026 16:38:05,30.72,0.0,0.0,0.01,0.00,,,,,
3591,05/12/2026 16:38:10,30.70,0.0,0.0,0.01,0.00,,,,,
3592,05/12/2026 16:38:15,30.67,0.0,0.0,0.01,0.00,,,,,
3593,05/12/2026 16:38:20,30.65,0.0,0.0,0.01,0.00,,,,,
3594,05/12/2026 16:38:25,30.63,0.0,0.0,0.01,0.00,,,,,
3595,05/12/2026 16:38:30,30.61,0.0,0.0,0.01,0.00,,,,,
3596,05/12/2026 16:38:35,30.59,0.0,0.0,0.01,0.00,,,,,
3597,05/12/2026 16:38:40,30.57,0.0,0.0,0.01,0.00,,,,,
3598,05/12/2026 16:38:45,30.55,0.0,0.0,0.01,0.00,,,,,
3599,05/12/2026 16:38:50,30.53,0.0,0.0,0.01,0.00,,,,,
3600,05/12/2026 16:38:55,30.51,0.0,0.0,0.01,0.00,,,,,
3601,05/12/2026 16:39:00,30.49,0.0,0.0,0.01,0.00,,,,,
3602,05/12/2026 16:39:05,30.47,0.0,0.0,0.01,0.00,,,,,
3603,05/12/2026 16:39:10,30.46,0.0,0.0,0.01,0.00,,,,,
3604,05/12/2026 16:39:15,30.43,0.0,0.0,0.01,0.00,,,,,
3605,05/12/2026 16:39:20,30.41,0.0,0.0,0.01,0.00,,,,,
3606,05/12/2026 16:39:25,30.39,0.0,0.0,0.01,0.00,,,,,
3607,05/12/2026 16:39:30,30.37,0.0,0.0,0.01,0.00,,,,,
3608,05/12/2026 16:39:35,30.35,0.0,0.0,0.01,0.00,,,,,
3609,05/12/2026 16:39:40,30.33,0.0,0.0,0.01,0.00,,,,,
3610,05/12/2026 16:39:45,30.31,0.0,0.0,0.01,0.00,,,,,
3611,05/12/2026 16:39:50,30.30,0.0,0.0,0.01,0.00,,,,,
3612,05/12/2026 16:39:55,30.27,0.0,0.0,0.01,0.00,,,,,
3613,05/12/2026 16:40:00,30.25,0.0,0.0,0.01,0.00,,,,,
3614,05/12/2026 16:40:05,30.24,0.0,0.0,0.01,0.00,,,,,
3615,05/12/2026 16:40:10,30.21,0.0,0.0,0.01,0.00,,,,,
3616,05/12/2026 16:40:15,30.19,0.0,0.0,0.01,0.00,,,,,
3617,05/12/2026 16:40:20,30.18,0.0,0.0,0.01,0.00,,,,,
3618,05/12/2026 16:40:25,30.16,0.0,0.0,0.01,0.00,,,,,
3619,05/12/2026 16:40:30,30.14,0.0,0.0,0.01,0.00,,,,,
3620,05/12/2026 16:40:35,30.12,0.0,0.0,0.01,0.00,,,,,
3621,05/12/2026 16:40:40,30.10,0.0,0.0,0.01,0.00,,,,,
3622,05/12/2026 16:40:45,30.08,0.0,0.0,0.01,0.00,,,,,
3623,05/12/2026 16:40:50,30.06,0.0,0.0,0.01,0.00,,,,,
3624,05/12/2026 16:40:55,30.04,0.0,0.0,0.01,0.00,,,,,
3625,05/12/2026 16:41:00,30.03,0.0,0.0,0.01,0.00,,,,,
3626,05/12/2026 16:41:05,30.01,0.0,0.0,0.01,0.00,,,,,
3627,05/12/2026 16:41:10,29.99,0.0,0.0,0.01,0.00,,,,,
3628,05/12/2026 16:41:15,29.97,0.0,0.0,0.01,0.00,,,,,
3629,05/12/2026 16:41:20,29.95,0.0,0.0,0.01,0.00,,,,,
3630,05/12/2026 16:41:25,29.93,0.0,0.0,0.01,0.00,,,,,
3631,05/12/2026 16:41:30,29.91,0.0,0.0,0.01,0.00,,,,,
3632,05/12/2026 16:41:35,29.89,0.0,0.0,0.01,0.00,,,,,
3633,05/12/2026 16:41:40,29.88,0.0,0.0,0.01,0.00,,,,,
3634,05/12/2026 16:41:45,29.86,0.0,0.0,0.01,0.00,,,,,
3635,05/12/2026 16:41:50,29.84,0.0,0.0,0.01,0.00,,,,,
3636,05/12/2026 16:41:55,29.83,0.0,0.0,0.01,0.00,,,,,
3637,05/12/2026 16:42:00,29.81,0.0,0.0,0.01,0.00,,,,,
3638,05/12/2026 16:42:05,29.79,0.0,0.0,0.01,0.00,,,,,
3639,05/12/2026 16:42:10,29.77,0.0,0.0,0.01,0.00,,,,,
3640,05/12/2026 16:42:15,29.76,0.0,0.0,0.01,0.00,,,,,
3641,05/12/2026 16:42:20,29.74,0.0,0.0,0.01,0.00,,,,,
3642,05/12/2026 16:42:25,29.72,0.0,0.0,0.01,0.00,,,,,
3643,05/12/2026 16:42:30,29.70,0.0,0.0,0.01,0.00,,,,,
3644,05/12/2026 16:42:35,29.69,0.0,0.0,0.01,0.00,,,,,
3645,05/12/2026 16:42:40,29.67,0.0,0.0,0.01,0.00,,,,,
3646,05/12/2026 16:42:45,29.65,0.0,0.0,0.01,0.00,,,,,
3647,05/12/2026 16:42:50,29.63,0.0,0.0,0.01,0.00,,,,,
3648,05/12/2026 16:42:55,29.61,0.0,0.0,0.01,0.00,,,,,
3649,05/12/2026 16:43:00,29.59,0.0,0.0,0.01,0.00,,,,,
3650,05/12/2026 16:43:05,29.58,0.0,0.0,0.01,0.00,,,,,
3651,05/12/2026 16:43:10,29.56,0.0,0.0,0.01,0.00,,,,,
3652,05/12/2026 16:43:15,29.54,0.0,0.0,0.01,0.00,,,,,
3653,05/12/2026 16:43:20,29.53,0.0,0.0,0.01,0.00,,,,,
3654,05/12/2026 16:43:25,29.51,0.0,0.0,0.01,0.00,,,,,
3655,05/12/2026 16:43:30,29.49,0.0,0.0,0.01,0.00,,,,,
3656,05/12/2026 16:43:35,29.48,0.0,0.0,0.01,0.00,,,,,
3657,05/12/2026 16:43:40,29.46,0.0,0.0,0.01,0.00,,,,,
3658,05/12/2026 16:43:45,29.44,0.0,0.0,0.01,0.00,,,,,
3659,05/12/2026 16:43:50,29.43,0.0,0.0,0.01,0.00,,,,,
3660,05/12/2026 16:43:55,29.41,0.0,0.0,0.01,0.00,,,,,
3661,05/12/2026 16:44:00,29.40,0.0,0.0,0.01,0.00,,,,,
3662,05/12/2026 16:44:05,29.38,0.0,0.0,0.01,0.00,,,,,
3663,05/12/2026 16:44:10,29.37,0.0,0.0,0.01,0.00,,,,,
3664,05/12/2026 16:44:15,29.35,0.0,0.0,0.01,0.00,,,,,
3665,05/12/2026 16:44:20,29.34,0.0,0.0,0.01,0.00,,,,,
3666,05/12/2026 16:44:25,29.32,0.0,0.0,0.01,0.00,,,,,
3667,05/12/2026 16:44:30,29.31,0.0,0.0,0.01,0.00,,,,,
3668,05/12/2026 16:44:35,29.29,0.0,0.0,0.01,0.00,,,,,
3669,05/12/2026 16:44:40,29.28,0.0,0.0,0.01,0.00,,,,,
3670,05/12/2026 16:44:45,29.26,0.0,0.0,0.01,0.00,,,,,
3671,05/12/2026 16:44:50,29.24,0.0,0.0,0.01,0.00,,,,,
3672,05/12/2026 16:44:55,29.23,0.0,0.0,0.01,0.00,,,,,
3673,05/12/2026 16:45:00,29.21,0.0,0.0,0.01,0.00,,,,,
3674,05/12/2026 16:45:05,29.19,0.0,0.0,0.01,0.00,,,,,
3675,05/12/2026 16:45:10,29.18,0.0,0.0,0.01,0.00,,,,,
3676,05/12/2026 16:45:15,29.16,0.0,0.0,0.01,0.00,,,,,
3677,05/12/2026 16:45:20,29.15,0.0,0.0,0.01,0.00,,,,,
3678,05/12/2026 16:45:25,29.13,0.0,0.0,0.01,0.00,,,,,
3679,05/12/2026 16:45:30,29.12,0.0,0.0,0.01,0.00,,,,,
3680,05/12/2026 16:45:35,29.10,0.0,0.0,0.01,0.00,,,,,
3681,05/12/2026 16:45:40,29.09,0.0,0.0,0.01,0.00,,,,,
3682,05/12/2026 16:45:45,29.07,0.0,0.0,0.01,0.00,,,,,
3683,05/12/2026 16:45:50,29.06,0.0,0.0,0.01,0.00,,,,,
3684,05/12/2026 16:45:55,29.04,0.0,0.0,0.01,0.00,,,,,
3685,05/12/2026 16:46:00,29.03,0.0,0.0,0.01,0.00,,,,,
3686,05/12/2026 16:46:05,29.01,0.0,0.0,0.01,0.00,,,,,
3687,05/12/2026 16:46:10,29.00,0.0,0.0,0.01,0.00,,,,,
3688,05/12/2026 16:46:15,28.98,0.0,0.0,0.01,0.00,,,,,
3689,05/12/2026 16:46:20,28.97,0.0,0.0,0.01,0.00,,,,,
3690,05/12/2026 16:46:25,28.95,0.0,0.0,0.01,0.00,,,,,
3691,05/12/2026 16:46:30,28.94,0.0,0.0,0.01,0.00,,,,,
3692,05/12/2026 16:46:35,28.92,0.0,0.0,0.01,0.00,,,,,
3693,05/12/2026 16:46:40,28.91,0.0,0.0,0.01,0.00,,,,,
3694,05/12/2026 16:46:45,28.89,0.0,0.0,0.01,0.00,,,,,
3695,05/12/2026 16:46:50,28.88,0.0,0.0,0.01,0.00,,,,,
3696,05/12/2026 16:46:55,28.86,0.0,0.0,0.01,0.00,,,,,
3697,05/12/2026 16:47:00,28.85,0.0,0.0,0.01,0.00,,,,,
3698,05/12/2026 16:47:05,28.84,0.0,0.0,0.01,0.00,,,,,
3699,05/12/2026 16:47:10,28.82,0.0,0.0,0.01,0.00,,,,,
3700,05/12/2026 16:47:15,28.81,0.0,0.0,0.01,0.00,,,,,
3701,05/12/2026 16:47:20,28.79,0.0,0.0,0.01,0.00,,,,,
3702,05/12/2026 16:47:25,28.78,0.0,0.0,0.01,0.00,,,,,
3703,05/12/2026 16:47:30,28.76,0.0,0.0,0.01,0.00,,,,,
3704,05/12/2026 16:47:35,28.75,0.0,0.0,0.01,0.00,,,,,
3705,05/12/2026 16:47:40,28.74,0.0,0.0,0.01,0.00,,,,,
3706,05/12/2026 16:47:45,28.72,0.0,0.0,0.01,0.00,,,,,
3707,05/12/2026 16:47:50,28.71,0.0,0.0,0.01,0.00,,,,,
3708,05/12/2026 16:47:55,28.69,0.0,0.0,0.01,0.00,,,,,
3709,05/12/2026 16:48:00,28.68,0.0,0.0,0.01,0.00,,,,,
3710,05/12/2026 16:48:05,28.67,0.0,0.0,0.01,0.00,,,,,
3711,05/12/2026 16:48:10,28.65,0.0,0.0,0.01,0.00,,,,,
3712,05/12/2026 16:48:15,28.63,0.0,0.0,0.01,0.00,,,,,
3713,05/12/2026 16:48:20,28.62,0.0,0.0,0.01,0.00,,,,,
3714,05/12/2026 16:48:25,28.60,0.0,0.0,0.01,0.00,,,,,
3715,05/12/2026 16:48:30,28.59,0.0,0.0,0.01,0.00,,,,,
3716,05/12/2026 16:48:35,28.57,0.0,0.0,0.01,0.00,,,,,
3717,05/12/2026 16:48:40,28.56,0.0,0.0,0.01,0.00,,,,,
3718,05/12/2026 16:48:45,28.54,0.0,0.0,0.01,0.00,,,,,
3719,05/12/2026 16:48:50,28.53,0.0,0.0,0.01,0.00,,,,,
3720,05/12/2026 16:48:55,28.51,0.0,0.0,0.01,0.00,,,,,
3721,05/12/2026 16:49:00,28.49,0.0,0.0,0.01,0.00,,,,,
3722,05/12/2026 16:49:05,28.48,0.0,0.0,0.01,0.00,,,,,
3723,05/12/2026 16:49:10,28.47,0.0,0.0,0.01,0.00,,,,,
3724,05/12/2026 16:49:15,28.45,0.0,0.0,0.01,0.00,,,,,
3725,05/12/2026 16:49:20,28.44,0.0,0.0,0.01,0.00,,,,,
3726,05/12/2026 16:49:25,28.42,0.0,0.0,0.01,0.00,,,,,
3727,05/12/2026 16:49:30,28.40,0.0,0.0,0.01,0.00,,,,,
3728,05/12/2026 16:49:35,28.39,0.0,0.0,0.01,0.00,,,,,
3729,05/12/2026 16:49:40,28.37,0.0,0.0,0.01,0.00,,,,,
3730,05/12/2026 16:49:45,28.36,0.0,0.0,0.01,0.00,,,,,
3731,05/12/2026 16:49:50,28.34,0.0,0.0,0.01,0.00,,,,,
3732,05/12/2026 16:49:55,28.32,0.0,0.0,0.01,0.00,,,,,
3733,05/12/2026 16:50:00,28.31,0.0,0.0,0.01,0.00,,,,,
3734,05/12/2026 16:50:05,28.29,0.0,0.0,0.01,0.00,,,,,
3735,05/12/2026 16:50:10,28.28,0.0,0.0,0.01,0.00,,,,,
3736,05/12/2026 16:50:15,28.27,0.0,0.0,0.01,0.00,,,,,
3737,05/12/2026 16:50:20,28.25,0.0,0.0,0.01,0.00,,,,,
3738,05/12/2026 16:50:25,28.23,0.0,0.0,0.01,0.00,,,,,
3739,05/12/2026 16:50:30,28.22,0.0,0.0,0.01,0.00,,,,,
3740,05/12/2026 16:50:35,28.21,0.0,0.0,0.01,0.00,,,,,
3741,05/12/2026 16:50:40,28.19,0.0,0.0,0.01,0.00,,,,,
3742,05/12/2026 16:50:45,28.18,0.0,0.0,0.01,0.00,,,,,
3743,05/12/2026 16:50:50,28.17,0.0,0.0,0.01,0.00,,,,,
3744,05/12/2026 16:50:55,28.15,0.0,0.0,0.01,0.00,,,,,
3745,05/12/2026 16:51:00,28.14,0.0,0.0,0.01,0.00,,,,,
3746,05/12/2026 16:51:05,28.13,0.0,0.0,0.01,0.00,,,,,
3747,05/12/2026 16:51:10,28.11,0.0,0.0,0.01,0.00,,,,,
3748,05/12/2026 16:51:15,28.10,0.0,0.0,0.01,0.00,,,,,
3749,05/12/2026 16:51:20,28.09,0.0,0.0,0.01,0.00,,,,,
3750,05/12/2026 16:51:25,28.08,0.0,0.0,0.01,0.00,,,,,
3751,05/12/2026 16:51:30,28.06,0.0,0.0,0.01,0.00,,,,,
3752,05/12/2026 16:51:35,28.05,0.0,0.0,0.01,0.00,,,,,
3753,05/12/2026 16:51:40,28.03,0.0,0.0,0.01,0.00,,,,,
3754,05/12/2026 16:51:45,28.02,0.0,0.0,0.01,0.00,,,,,
3755,05/12/2026 16:51:50,28.01,0.0,0.0,0.01,0.00,,,,,
3756,05/12/2026 16:51:55,28.00,0.0,0.0,0.01,0.00,,,,,
3757,05/12/2026 16:52:00,27.98,0.0,0.0,0.01,0.00,,,,,
3758,05/12/2026 16:52:05,27.97,0.0,0.0,0.01,0.00,,,,,
3759,05/12/2026 16:52:10,27.95,0.0,0.0,0.01,0.00,,,,,
3760,05/12/2026 16:52:15,27.94,0.0,0.0,0.01,0.00,,,,,
3761,05/12/2026 16:52:20,27.93,0.0,0.0,0.01,0.00,,,,,
3762,05/12/2026 16:52:25,27.91,0.0,0.0,0.01,0.00,,,,,
3763,05/12/2026 16:52:30,27.90,0.0,0.0,0.01,0.00,,,,,
3764,05/12/2026 16:52:35,27.89,0.0,0.0,0.01,0.00,,,,,
3765,05/12/2026 16:52:40,27.87,0.0,0.0,0.01,0.00,,,,,
3766,05/12/2026 16:52:45,27.86,0.0,0.0,0.01,0.00,,,,,
3767,05/12/2026 16:52:50,27.85,0.0,0.0,0.01,0.00,,,,,
3768,05/12/2026 16:52:55,27.84,0.0,0.0,0.01,0.00,,,,,
3769,05/12/2026 16:53:00,27.83,0.0,0.0,0.01,0.00,,,,,
3770,05/12/2026 16:53:05,27.81,0.0,0.0,0.01,0.00,,,,,
3771,05/12/2026 16:53:10,27.80,0.0,0.0,0.01,0.00,,,,,
3772,05/12/2026 16:53:15,27.79,0.0,0.0,0.01,0.00,,,,,
3773,05/12/2026 16:53:20,27.78,0.0,0.0,0.01,0.00,,,,,
3774,05/12/2026 16:53:25,27.77,0.0,0.0,0.01,0.00,,,,,
3775,05/12/2026 16:53:30,27.75,0.0,0.0,0.01,0.00,,,,,
3776,05/12/2026 16:53:35,27.74,0.0,0.0,0.01,0.00,,,,,
3777,05/12/2026 16:53:40,27.72,0.0,0.0,0.01,0.00,,,,,
3778,05/12/2026 16:53:45,27.71,0.0,0.0,0.01,0.00,,,,,
3779,05/12/2026 16:53:50,27.70,0.0,0.0,0.01,0.00,,,,,
3780,05/12/2026 16:53:55,27.69,0.0,0.0,0.01,0.00,,,,,
3781,05/12/2026 16:54:00,27.68,0.0,0.0,0.01,0.00,,,,,
3782,05/12/2026 16:54:05,27.67,0.0,0.0,0.01,0.00,,,,,
3783,05/12/2026 16:54:10,27.65,0.0,0.0,0.01,0.00,,,,,
3784,05/12/2026 16:54:15,27.64,0.0,0.0,0.01,0.00,,,,,
3785,05/12/2026 16:54:20,27.63,0.0,0.0,0.01,0.00,,,,,
3786,05/12/2026 16:54:25,27.61,0.0,0.0,0.01,0.00,,,,,
3787,05/12/2026 16:54:30,27.60,0.0,0.0,0.01,0.00,,,,,
3788,05/12/2026 16:54:35,27.59,0.0,0.0,0.01,0.00,,,,,
3789,05/12/2026 16:54:40,27.58,0.0,0.0,0.01,0.00,,,,,
3790,05/12/2026 16:54:45,27.56,0.0,0.0,0.01,0.00,,,,,
3791,05/12/2026 16:54:50,27.55,0.0,0.0,0.01,0.00,,,,,
3792,05/12/2026 16:54:55,27.54,0.0,0.0,0.01,0.00,,,,,
3793,05/12/2026 16:55:00,27.52,0.0,0.0,0.01,0.00,,,,,
3794,05/12/2026 16:55:05,27.51,0.0,0.0,0.01,0.00,,,,,
3795,05/12/2026 16:55:10,27.50,0.0,0.0,0.01,0.00,,,,,
3796,05/12/2026 16:55:15,27.48,0.0,0.0,0.01,0.00,,,,,
3797,05/12/2026 16:55:20,27.47,0.0,0.0,0.01,0.00,,,,,
3798,05/12/2026 16:55:25,27.46,0.0,0.0,0.01,0.00,,,,,
3799,05/12/2026 16:55:30,27.45,0.0,0.0,0.01,0.00,,,,,
3800,05/12/2026 16:55:35,27.43,0.0,0.0,0.01,0.00,,,,,
3801,05/12/2026 16:55:40,27.42,0.0,0.0,0.01,0.00,,,,,
3802,05/12/2026 16:55:45,27.41,0.0,0.0,0.01,0.00,,,,,
3803,05/12/2026 16:55:50,27.40,0.0,0.0,0.01,0.00,,,,,
3804,05/12/2026 16:55:55,27.39,0.0,0.0,0.01,0.00,,,,,
3805,05/12/2026 16:56:00,27.37,0.0,0.0,0.01,0.00,,,,,
3806,05/12/2026 16:56:05,27.36,0.0,0.0,0.01,0.00,,,,,
3807,05/12/2026 16:56:10,27.35,0.0,0.0,0.01,0.00,,,,,
3808,05/12/2026 16:56:15,27.34,0.0,0.0,0.01,0.00,,,,,
3809,05/12/2026 16:56:20,27.33,0.0,0.0,0.01,0.00,,,,,
3810,05/12/2026 16:56:25,27.32,0.0,0.0,0.01,0.00,,,,,
3811,05/12/2026 16:56:30,27.30,0.0,0.0,0.01,0.00,,,,,
3812,05/12/2026 16:56:35,27.29,0.0,0.0,0.01,0.00,,,,,
3813,05/12/2026 16:56:40,27.28,0.0,0.0,0.01,0.00,,,,,
3814,05/12/2026 16:56:45,27.27,0.0,0.0,0.01,0.00,,,,,
3815,05/12/2026 16:56:50,27.26,0.0,0.0,0.01,0.00,,,,,
3816,05/12/2026 16:56:55,27.25,0.0,0.0,0.01,0.00,,,,,
3817,05/12/2026 16:57:00,27.24,0.0,0.0,0.01,0.00,,,,,
3818,05/12/2026 16:57:05,27.22,0.0,0.0,0.01,0.00,,,,,
3819,05/12/2026 16:57:10,27.21,0.0,0.0,0.01,0.00,,,,,
3820,05/12/2026 16:57:15,27.20,0.0,0.0,0.01,0.00,,,,,
3821,05/12/2026 16:57:20,27.19,0.0,0.0,0.01,0.00,,,,,
3822,05/12/2026 16:57:25,27.18,0.0,0.0,0.01,0.00,,,,,
3823,05/12/2026 16:57:30,27.17,0.0,0.0,0.01,0.00,,,,,
3824,05/12/2026 16:57:35,27.15,0.0,0.0,0.01,0.00,,,,,
3825,05/12/2026 16:57:40,27.14,0.0,0.0,0.01,0.00,,,,,
3826,05/12/2026 16:57:45,27.13,0.0,0.0,0.01,0.00,,,,,
3827,05/12/2026 16:57:50,27.11,0.0,0.0,0.01,0.00,,,,,
3828,05/12/2026 16:57:55,27.10,0.0,0.0,0.01,0.00,,,,,
3829,05/12/2026 16:58:00,27.09,0.0,0.0,0.01,0.00,,,,,
3830,05/12/2026 16:58:05,27.08,0.0,0.0,0.01,0.00,,,,,
3831,05/12/2026 16:58:10,27.06,0.0,0.0,0.01,0.00,,,,,
3832,05/12/2026 16:58:15,27.05,0.0,0.0,0.01,0.00,,,,,
3833,05/12/2026 16:58:20,27.04,0.0,0.0,0.01,0.00,,,,,
3834,05/12/2026 16:58:25,27.02,0.0,0.0,0.01,0.00,,,,,
3835,05/12/2026 16:58:30,27.01,0.0,0.0,0.01,0.00,,,,,
3836,05/12/2026 16:58:35,27.00,0.0,0.0,0.01,0.00,,,,,
3837,05/12/2026 16:58:40,26.99,0.0,0.0,0.01,0.00,,,,,
3838,05/12/2026 16:58:45,26.98,0.0,0.0,0.01,0.00,,,,,
3839,05/12/2026 16:58:50,26.97,0.0,0.0,0.01,0.00,,,,,
3840,05/12/2026 16:58:55,26.96,0.0,0.0,0.01,0.00,,,,,
3841,05/12/2026 16:59:00,26.94,0.0,0.0,0.01,0.00,,,,,
3842,05/12/2026 16:59:05,26.93,0.0,0.0,0.01,0.00,,,,,
3843,05/12/2026 16:59:10,26.92,0.0,0.0,0.01,0.00,,,,,
3844,05/12/2026 16:59:15,26.91,0.0,0.0,0.01,0.00,,,,,
3845,05/12/2026 16:59:20,26.90,0.0,0.0,0.01,0.00,,,,,
3846,05/12/2026 16:59:25,26.89,0.0,0.0,0.01,0.00,,,,,
3847,05/12/2026 16:59:30,26.88,0.0,0.0,0.01,0.00,,,,,
3848,05/12/2026 16:59:35,26.87,0.0,0.0,0.01,0.00,,,,,
3849,05/12/2026 16:59:40,26.86,0.0,0.0,0.01,0.00,,,,,
3850,05/12/2026 16:59:45,26.86,0.0,0.0,0.01,0.00,,,,,
3851,05/12/2026 16:59:50,26.85,0.0,0.0,0.01,0.00,,,,,
3852,05/12/2026 16:59:55,26.84,0.0,0.0,0.01,0.00,,,,,
3853,05/12/2026 17:00:00,26.83,0.0,0.0,0.01,0.00,,,,,
3854,05/12/2026 17:00:05,26.82,0.0,0.0,0.01,0.00,,,,,
3855,05/12/2026 17:00:10,26.81,0.0,0.0,0.01,0.00,,,,,
3856,05/12/2026 17:00:15,26.79,0.0,0.0,0.01,0.00,,,,,
3857,05/12/2026 17:00:20,26.79,0.0,0.0,0.01,0.00,,,,,
3858,05/12/2026 17:00:25,26.77,0.0,0.0,0.01,0.00,,,,,
3859,05/12/2026 17:00:30,26.76,0.0,0.0,0.01,0.00,,,,,
3860,05/12/2026 17:00:35,26.75,0.0,0.0,0.01,0.00,,,,,
3861,05/12/2026 17:00:40,26.74,0.0,0.0,0.01,0.00,,,,,
3862,05/12/2026 17:00:45,26.73,0.0,0.0,0.01,0.00,,,,,
3863,05/12/2026 17:00:50,26.72,0.0,0.0,0.01,0.00,,,,,
3864,05/12/2026 17:00:55,26.71,0.0,0.0,0.01,0.00,,,,,
3865,05/12/2026 17:01:00,26.70,0.0,0.0,0.01,0.00,,,,,
3866,05/12/2026 17:01:05,26.69,0.0,0.0,0.01,0.00,,,,,
3867,05/12/2026 17:01:10,26.67,0.0,0.0,0.01,0.00,,,,,
3868,05/12/2026 17:01:15,26.66,0.0,0.0,0.01,0.00,,,,,
3869,05/12/2026 17:01:20,26.65,0.0,0.0,0.01,0.00,,,,,
3870,05/12/2026 17:01:25,26.64,0.0,0.0,0.01,0.00,,,,,
3871,05/12/2026 17:01:30,26.63,0.0,0.0,0.01,0.00,,,,,
3872,05/12/2026 17:01:35,26.62,0.0,0.0,0.01,0.00,,,,,
3873,05/12/2026 17:01:40,26.61,0.0,0.0,0.01,0.00,,,,,
3874,05/12/2026 17:01:45,26.60,0.0,0.0,0.01,0.00,,,,,
3875,05/12/2026 17:01:50,26.60,0.0,0.0,0.01,0.00,,,,,
3876,05/12/2026 17:01:55,26.59,0.0,0.0,0.01,0.00,,,,,
3877,05/12/2026 17:02:00,26.58,0.0,0.0,0.01,0.00,,,,,
3878,05/12/2026 17:02:05,26.57,0.0,0.0,0.01,0.00,,,,,
3879,05/12/2026 17:02:10,26.56,0.0,0.0,0.01,0.00,,,,,
3880,05/12/2026 17:02:15,26.55,0.0,0.0,0.01,0.00,,,,,
3881,05/12/2026 17:02:20,26.54,0.0,0.0,0.01,0.00,,,,,
3882,05/12/2026 17:02:25,26.53,0.0,0.0,0.01,0.00,,,,,
3883,05/12/2026 17:02:30,26.52,0.0,0.0,0.01,0.00,,,,,
3884,05/12/2026 17:02:35,26.51,0.0,0.0,0.01,0.00,,,,,
3885,05/12/2026 17:02:40,26.50,0.0,0.0,0.01,0.00,,,,,
3886,05/12/2026 17:02:45,26.49,0.0,0.0,0.01,0.00,,,,,
3887,05/12/2026 17:02:50,26.48,0.0,0.0,0.01,0.00,,,,,
3888,05/12/2026 17:02:55,26.47,0.0,0.0,0.01,0.00,,,,,
3889,05/12/2026 17:03:00,26.46,0.0,0.0,0.01,0.00,,,,,
3890,05/12/2026 17:03:05,26.45,0.0,0.0,0.01,0.00,,,,,
3891,05/12/2026 17:03:10,26.44,0.0,0.0,0.01,0.00,,,,,
3892,05/12/2026 17:03:15,26.44,0.0,0.0,0.01,0.00,,,,,
3893,05/12/2026 17:03:20,26.42,0.0,0.0,0.01,0.00,,,,,
3894,05/12/2026 17:03:25,26.42,0.0,0.0,0.01,0.00,,,,,
3895,05/12/2026 17:03:30,26.41,0.0,0.0,0.01,0.00,,,,,
3896,05/12/2026 17:03:35,26.40,0.0,0.0,0.01,0.00,,,,,
3897,05/12/2026 17:03:40,26.39,0.0,0.0,0.01,0.00,,,,,
3898,05/12/2026 17:03:45,26.38,0.0,0.0,0.01,0.00,,,,,
3899,05/12/2026 17:03:50,26.37,0.0,0.0,0.01,0.00,,,,,
3900,05/12/2026 17:03:55,26.37,0.0,0.0,0.01,0.00,,,,,
3901,05/12/2026 17:04:00,26.36,0.0,0.0,0.01,0.00,,,,,
3902,05/12/2026 17:04:05,26.34,0.0,0.0,0.01,0.00,,,,,
3903,05/12/2026 17:04:10,26.34,0.0,0.0,0.01,0.00,,,,,
3904,05/12/2026 17:04:15,26.33,0.0,0.0,0.01,0.00,,,,,
3905,05/12/2026 17:04:20,26.32,0.0,0.0,0.01,0.00,,,,,
3906,05/12/2026 17:04:25,26.31,0.0,0.0,0.01,0.00,,,,,
3907,05/12/2026 17:04:30,26.30,0.0,0.0,0.01,0.00,,,,,
3908,05/12/2026 17:04:35,26.29,0.0,0.0,0.01,0.00,,,,,
3909,05/12/2026 17:04:40,26.28,0.0,0.0,0.01,0.00,,,,,
3910,05/12/2026 17:04:45,26.27,0.0,0.0,0.01,0.00,,,,,
3911,05/12/2026 17:04:50,26.26,0.0,0.0,0.01,0.00,,,,,
3912,05/12/2026 17:04:55,26.26,0.0,0.0,0.01,0.00,,,,,
3913,05/12/2026 17:05:00,26.24,0.0,0.0,0.01,0.00,,,,,
3914,05/12/2026 17:05:05,26.24,0.0,0.0,0.01,0.00,,,,,
3915,05/12/2026 17:05:10,26.22,0.0,0.0,0.01,0.00,,,,,
3916,05/12/2026 17:05:15,26.22,0.0,0.0,0.01,0.00,,,,,
3917,05/12/2026 17:05:20,26.20,0.0,0.0,0.01,0.00,,,,,
3918,05/12/2026 17:05:25,26.20,0.0,0.0,0.01,0.00,,,,,
3919,05/12/2026 17:05:30,26.19,0.0,0.0,0.01,0.00,,,,,
3920,05/12/2026 17:05:35,26.18,0.0,0.0,0.01,0.00,,,,,
3921,05/12/2026 17:05:40,26.17,0.0,0.0,0.01,0.00,,,,,
3922,05/12/2026 17:05:45,26.16,0.0,0.0,0.01,0.00,,,,,
3923,05/12/2026 17:05:50,26.15,0.0,0.0,0.01,0.00,,,,,
3924,05/12/2026 17:05:55,26.14,0.0,0.0,0.01,0.00,,,,,
3925,05/12/2026 17:06:00,26.13,0.0,0.0,0.01,0.00,,,,,
3926,05/12/2026 17:06:05,26.12,0.0,0.0,0.01,0.00,,,,,
3927,05/12/2026 17:06:10,26.11,0.0,0.0,0.01,0.00,,,,,
3928,05/12/2026 17:06:15,26.10,0.0,0.0,0.01,0.00,,,,,
3929,05/12/2026 17:06:20,26.09,0.0,0.0,0.01,0.00,,,,,
3930,05/12/2026 17:06:25,26.08,0.0,0.0,0.01,0.00,,,,,
3931,05/12/2026 17:06:30,26.07,0.0,0.0,0.01,0.00,,,,,
3932,05/12/2026 17:06:35,26.07,0.0,0.0,0.01,0.00,,,,,
3933,05/12/2026 17:06:40,26.05,0.0,0.0,0.01,0.00,,,,,
3934,05/12/2026 17:06:45,26.04,0.0,0.0,0.01,0.00,,,,,
3935,05/12/2026 17:06:50,26.04,0.0,0.0,0.01,0.00,,,,,
3936,05/12/2026 17:06:55,26.02,0.0,0.0,0.01,0.00,,,,,
3937,05/12/2026 17:07:00,26.02,0.0,0.0,0.01,0.00,,,,,
3938,05/12/2026 17:07:05,26.01,0.0,0.0,0.01,0.00,,,,,
3939,05/12/2026 17:07:10,26.00,0.0,0.0,0.01,0.00,,,,,
3940,05/12/2026 17:07:15,26.00,0.0,0.0,0.01,0.00,,,,,
3941,05/12/2026 17:07:20,25.99,0.0,0.0,0.01,0.00,,,,,
3942,05/12/2026 17:07:25,25.99,0.0,0.0,0.01,0.00,,,,,
3943,05/12/2026 17:07:30,25.98,0.0,0.0,0.01,0.00,,,,,
3944,05/12/2026 17:07:35,25.97,0.0,0.0,0.01,0.00,,,,,
3945,05/12/2026 17:07:40,25.96,0.0,0.0,0.01,0.00,,,,,
3946,05/12/2026 17:07:45,25.96,0.0,0.0,0.01,0.00,,,,,
3947,05/12/2026 17:07:50,25.95,0.0,0.0,0.01,0.00,,,,,
3948,05/12/2026 17:07:55,25.94,0.0,0.0,0.01,0.00,,,,,
3949,05/12/2026 17:08:00,25.93,0.0,0.0,0.01,0.00,,,,,
3950,05/12/2026 17:08:05,25.92,0.0,0.0,0.01,0.00,,,,,
3951,05/12/2026 17:08:10,25.92,0.0,0.0,0.01,0.00,,,,,
3952,05/12/2026 17:08:15,25.91,0.0,0.0,0.01,0.00,,,,,
3953,05/12/2026 17:08:20,25.90,0.0,0.0,0.01,0.00,,,,,
3954,05/12/2026 17:08:25,25.90,0.0,0.0,0.01,0.00,,,,,
3955,05/12/2026 17:08:30,25.89,0.0,0.0,0.01,0.00,,,,,
3956,05/12/2026 17:08:35,25.88,0.0,0.0,0.01,0.00,,,,,
3957,05/12/2026 17:08:40,25.88,0.0,0.0,0.01,0.00,,,,,
3958,05/12/2026 17:08:45,25.86,0.0,0.0,0.01,0.00,,,,,
3959,05/12/2026 17:08:50,25.85,0.0,0.0,0.01,0.00,,,,,
3960,05/12/2026 17:08:55,25.85,0.0,0.0,0.01,0.00,,,,,
3961,05/12/2026 17:09:00,25.85,0.0,0.0,0.01,0.00,,,,,
3962,05/12/2026 17:09:05,25.84,0.0,0.0,0.01,0.00,,,,,
3963,05/12/2026 17:09:10,25.82,0.0,0.0,0.01,0.00,,,,,
3964,05/12/2026 17:09:15,25.82,0.0,0.0,0.01,0.00,,,,,
3965,05/12/2026 17:09:20,25.82,0.0,0.0,0.01,0.00,,,,,
3966,05/12/2026 17:09:25,25.81,0.0,0.0,0.01,0.00,,,,,
3967,05/12/2026 17:09:30,25.80,0.0,0.0,0.01,0.00,,,,,
3968,05/12/2026 17:09:35,25.79,0.0,0.0,0.01,0.00,,,,,
3969,05/12/2026 17:09:40,25.79,0.0,0.0,0.01,0.00,,,,,
3970,05/12/2026 17:09:45,25.78,0.0,0.0,0.01,0.00,,,,,
3971,05/12/2026 17:09:50,25.78,0.0,0.0,0.01,0.00,,,,,
3972,05/12/2026 17:09:55,25.77,0.0,0.0,0.01,0.00,,,,,
3973,05/12/2026 17:10:00,25.76,0.0,0.0,0.01,0.00,,,,,
3974,05/12/2026 17:10:05,25.75,0.0,0.0,0.01,0.00,,,,,
3975,05/12/2026 17:10:10,25.75,0.0,0.0,0.01,0.00,,,,,
3976,05/12/2026 17:10:15,25.74,0.0,0.0,0.01,0.00,,,,,
3977,05/12/2026 17:10:20,25.73,0.0,0.0,0.01,0.00,,,,,
3978,05/12/2026 17:10:25,25.73,0.0,0.0,0.01,0.00,,,,,
3979,05/12/2026 17:10:30,25.72,0.0,0.0,0.01,0.00,,,,,
3980,05/12/2026 17:10:35,25.71,0.0,0.0,0.01,0.00,,,,,
3981,05/12/2026 17:10:40,25.70,0.0,0.0,0.01,0.00,,,,,
3982,05/12/2026 17:10:45,25.70,0.0,0.0,0.01,0.00,,,,,
3983,05/12/2026 17:10:50,25.69,0.0,0.0,0.01,0.00,,,,,
3984,05/12/2026 17:10:55,25.68,0.0,0.0,0.01,0.00,,,,,
3985,05/12/2026 17:11:00,25.67,0.0,0.0,0.01,0.00,,,,,
3986,05/12/2026 17:11:05,25.67,0.0,0.0,0.01,0.00,,,,,
3987,05/12/2026 17:11:10,25.66,0.0,0.0,0.01,0.00,,,,,
3988,05/12/2026 17:11:15,25.65,0.0,0.0,0.01,0.00,,,,,
3989,05/12/2026 17:11:20,25.65,0.0,0.0,0.01,0.00,,,,,
3990,05/12/2026 17:11:25,25.64,0.0,0.0,0.01,0.00,,,,,
3991,05/12/2026 17:11:30,25.64,0.0,0.0,0.01,0.00,,,,,
3992,05/12/2026 17:11:35,25.64,0.0,0.0,0.01,0.00,,,,,
3993,05/12/2026 17:11:40,25.63,0.0,0.0,0.01,0.00,,,,,
3994,05/12/2026 17:11:45,25.62,0.0,0.0,0.01,0.00,,,,,
3995,05/12/2026 17:11:50,25.62,0.0,0.0,0.01,0.00,,,,,
3996,05/12/2026 17:11:55,25.61,0.0,0.0,0.01,0.00,,,,,
3997,05/12/2026 17:12:00,25.60,0.0,0.0,0.01,0.00,,,,,
3998,05/12/2026 17:12:05,25.60,0.0,0.0,0.01,0.00,,,,,
3999,05/12/2026 17:12:10,25.59,0.0,0.0,0.01,0.00,,,,,
4000,05/12/2026 17:12:15,25.59,0.0,0.0,0.01,0.00,,,,,
4001,05/12/2026 17:12:20,25.59,0.0,0.0,0.01,0.00,,,,,
4002,05/12/2026 17:12:25,25.57,0.0,0.0,0.01,0.00,,,,,
4003,05/12/2026 17:12:30,25.57,0.0,0.0,0.01,0.00,,,,,
4004,05/12/2026 17:12:35,25.57,0.0,0.0,0.01,0.00,,,,,
4005,05/12/2026 17:12:40,25.56,0.0,0.0,0.01,0.00,,,,,
4006,05/12/2026 17:12:45,25.56,0.0,0.0,0.01,0.00,,,,,
4007,05/12/2026 17:12:50,25.55,0.0,0.0,0.01,0.00,,,,,
4008,05/12/2026 17:12:55,25.55,0.0,0.0,0.01,0.00,,,,,
4009,05/12/2026 17:13:00,25.54,0.0,0.0,0.01,0.00,,,,,
4010,05/12/2026 17:13:05,25.53,0.0,0.0,0.01,0.00,,,,,
4011,05/12/2026 17:13:10,25.53,0.0,0.0,0.01,0.00,,,,,
4012,05/12/2026 17:13:15,25.52,0.0,0.0,0.01,0.00,,,,,
4013,05/12/2026 17:13:20,25.51,0.0,0.0,0.01,0.00,,,,,
4014,05/12/2026 17:13:25,25.51,0.0,0.0,0.01,0.00,,,,,
4015,05/12/2026 17:13:30,25.50,0.0,0.0,0.01,0.00,,,,,
4016,05/12/2026 17:13:35,25.50,0.0,0.0,0.01,0.00,,,,,
4017,05/12/2026 17:13:40,25.49,0.0,0.0,0.01,0.00,,,,,
4018,05/12/2026 17:13:45,25.49,0.0,0.0,0.01,0.00,,,,,
4019,05/12/2026 17:13:50,25.48,0.0,0.0,0.01,0.00,,,,,
4020,05/12/2026 17:13:55,25.48,0.0,0.0,0.01,0.00,,,,,
4021,05/12/2026 17:14:00,25.47,0.0,0.0,0.01,0.00,,,,,
4022,05/12/2026 17:14:05,25.47,0.0,0.0,0.01,0.00,,,,,
4023,05/12/2026 17:14:10,25.46,0.0,0.0,0.01,0.00,,,,,
4024,05/12/2026 17:14:15,25.46,0.0,0.0,0.01,0.00,,,,,
4025,05/12/2026 17:14:20,25.46,0.0,0.0,0.01,0.00,,,,,
4026,05/12/2026 17:14:25,25.45,0.0,0.0,0.01,0.00,,,,,
4027,05/12/2026 17:14:30,25.45,0.0,0.0,0.01,0.00,,,,,
4028,05/12/2026 17:14:35,25.43,0.0,0.0,0.01,0.00,,,,,
4029,05/12/2026 17:14:40,25.43,0.0,0.0,0.01,0.00,,,,,
4030,05/12/2026 17:14:45,25.43,0.0,0.0,0.01,0.00,,,,,
4031,05/12/2026 17:14:50,25.42,0.0,0.0,0.01,0.00,,,,,
4032,05/12/2026 17:14:55,25.42,0.0,0.0,0.01,0.00,,,,,
4033,05/12/2026 17:15:00,25.41,0.0,0.0,0.01,0.00,,,,,
4034,05/12/2026 17:15:05,25.41,0.0,0.0,0.01,0.00,,,,,
4035,05/12/2026 17:15:10,25.40,0.0,0.0,0.01,0.00,,,,,
4036,05/12/2026 17:15:15,25.40,0.0,0.0,0.01,0.00,,,,,
4037,05/12/2026 17:15:20,25.39,0.0,0.0,0.01,0.00,,,,,
4038,05/12/2026 17:15:25,25.39,0.0,0.0,0.01,0.00,,,,,
4039,05/12/2026 17:15:30,25.37,0.0,0.0,0.01,0.00,,,,,
4040,05/12/2026 17:15:35,25.38,0.0,0.0,0.01,0.00,,,,,
4041,05/12/2026 17:15:40,25.37,0.0,0.0,0.01,0.00,,,,,
4042,05/12/2026 17:15:45,25.37,0.0,0.0,0.01,0.00,,,,,
4043,05/12/2026 17:15:50,25.35,0.0,0.0,0.01,0.00,,,,,
4044,05/12/2026 17:15:55,25.35,0.0,0.0,0.01,0.00,,,,,
4045,05/12/2026 17:16:00,25.34,0.0,0.0,0.01,0.00,,,,,
4046,05/12/2026 17:16:05,25.34,0.0,0.0,0.01,0.00,,,,,
4047,05/12/2026 17:16:10,25.33,0.0,0.0,0.01,0.00,,,,,
4048,05/12/2026 17:16:15,25.33,0.0,0.0,0.01,0.00,,,,,
4049,05/12/2026 17:16:20,25.32,0.0,0.0,0.01,0.00,,,,,
4050,05/12/2026 17:16:25,25.32,0.0,0.0,0.01,0.00,,,,,
4051,05/12/2026 17:16:30,25.32,0.0,0.0,0.01,0.00,,,,,
4052,05/12/2026 17:16:35,25.31,0.0,0.0,0.01,0.00,,,,,
4053,05/12/2026 17:16:40,25.30,0.0,0.0,0.01,0.00,,,,,
4054,05/12/2026 17:16:45,25.29,0.0,0.0,0.01,0.00,,,,,
4055,05/12/2026 17:16:50,25.29,0.0,0.0,0.01,0.00,,,,,
4056,05/12/2026 17:16:55,25.28,0.0,0.0,0.01,0.00,,,,,
4057,05/12/2026 17:17:00,25.28,0.0,0.0,0.01,0.00,,,,,
4058,05/12/2026 17:17:05,25.27,0.0,0.0,0.01,0.00,,,,,
4059,05/12/2026 17:17:10,25.27,0.0,0.0,0.01,0.00,,,,,
4060,05/12/2026 17:17:15,25.26,0.0,0.0,0.01,0.00,,,,,
4061,05/12/2026 17:17:20,25.25,0.0,0.0,0.01,0.00,,,,,
4062,05/12/2026 17:17:25,25.24,0.0,0.0,0.01,0.00,,,,,
4063,05/12/2026 17:17:30,25.24,0.0,0.0,0.01,0.00,,,,,
4064,05/12/2026 17:17:35,25.24,0.0,0.0,0.01,0.00,,,,,
4065,05/12/2026 17:17:40,25.23,0.0,0.0,0.01,0.00,,,,,
4066,05/12/2026 17:17:45,25.22,0.0,0.0,0.01,0.00,,,,,
4067,05/12/2026 17:17:50,25.21,0.0,0.0,0.01,0.00,,,,,
4068,05/12/2026 17:17:55,25.20,0.0,0.0,0.01,0.00,,,,,
4069,05/12/2026 17:18:00,25.20,0.0,0.0,0.01,0.00,,,,,
4070,05/12/2026 17:18:05,25.20,0.0,0.0,0.01,0.00,,,,,
4071,05/12/2026 17:18:10,25.19,0.0,0.0,0.01,0.00,,,,,
4072,05/12/2026 17:18:15,25.18,0.0,0.0,0.01,0.00,,,,,
4073,05/12/2026 17:18:20,25.18,0.0,0.0,0.01,0.00,,,,,
4074,05/12/2026 17:18:25,25.18,0.0,0.0,0.01,0.00,,,,,
4075,05/12/2026 17:18:30,25.17,0.0,0.0,0.01,0.00,,,,,
4076,05/12/2026 17:18:35,25.16,0.0,0.0,0.01,0.00,,,,,
4077,05/12/2026 17:18:40,25.16,0.0,0.0,0.01,0.00,,,,,
4078,05/12/2026 17:18:45,25.15,0.0,0.0,0.01,0.00,,,,,
4079,05/12/2026 17:18:50,25.14,0.0,0.0,0.01,0.00,,,,,
4080,05/12/2026 17:18:55,25.14,0.0,0.0,0.01,0.00,,,,,
4081,05/12/2026 17:19:00,25.13,0.0,0.0,0.01,0.00,,,,,
4082,05/12/2026 17:19:05,25.13,0.0,0.0,0.01,0.00,,,,,
4083,05/12/2026 17:19:10,25.12,0.0,0.0,0.01,0.00,,,,,
4084,05/12/2026 17:19:15,25.12,0.0,0.0,0.01,0.00,,,,,
4085,05/12/2026 17:19:20,25.11,0.0,0.0,0.01,0.00,,,,,
4086,05/12/2026 17:19:25,25.10,0.0,0.0,0.01,0.00,,,,,
4087,05/12/2026 17:19:30,25.10,0.0,0.0,0.01,0.00,,,,,
4088,05/12/2026 17:19:35,25.10,0.0,0.0,0.01,0.00,,,,,
4089,05/12/2026 17:19:40,25.09,0.0,0.0,0.01,0.00,,,,,
4090,05/12/2026 17:19:45,25.09,0.0,0.0,0.01,0.00,,,,,
4091,05/12/2026 17:19:50,25.08,0.0,0.0,0.01,0.00,,,,,
4092,05/12/2026 17:19:55,25.07,0.0,0.0,0.01,0.00,,,,,
4093,05/12/2026 17:20:00,25.07,0.0,0.0,0.01,0.00,,,,,
4094,05/12/2026 17:20:05,25.06,0.0,0.0,0.01,0.00,,,,,
4095,05/12/2026 17:20:10,25.06,0.0,0.0,0.01,0.00,,,,,
4096,05/12/2026 17:20:15,25.05,0.0,0.0,0.01,0.00,,,,,
4097,05/12/2026 17:20:20,25.04,0.0,0.0,0.01,0.00,,,,,
4098,05/12/2026 17:20:25,25.03,0.0,0.0,0.01,0.00,,,,,
4099,05/12/2026 17:20:30,25.03,0.0,0.0,0.01,0.00,,,,,
4100,05/12/2026 17:20:35,25.03,0.0,0.0,0.01,0.00,,,,,
4101,05/12/2026 17:20:40,25.02,0.0,0.0,0.01,0.00,,,,,
4102,05/12/2026 17:20:45,25.02,0.0,0.0,0.01,0.00,,,,,
4103,05/12/2026 17:20:50,25.01,0.0,0.0,0.01,0.00,,,,,
4104,05/12/2026 17:20:55,25.01,0.0,0.0,0.01,0.00,,,,,
4105,05/12/2026 17:21:00,25.00,0.0,0.0,0.01,0.00,,,,,
4106,05/12/2026 17:21:05,25.00,0.0,0.0,0.01,0.00,,,,,
4107,05/12/2026 17:21:10,24.99,0.0,0.0,0.01,0.00,,,,,
4108,05/12/2026 17:21:15,24.98,0.0,0.0,0.01,0.00,,,,,
4109,05/12/2026 17:21:20,24.99,0.0,0.0,0.01,0.00,,,,,
4110,05/12/2026 17:21:25,24.98,0.0,0.0,0.01,0.00,,,,,
4111,05/12/2026 17:21:30,24.97,0.0,0.0,0.01,0.00,,,,,
4112,05/12/2026 17:21:35,24.97,0.0,0.0,0.01,0.00,,,,,
4113,05/12/2026 17:21:40,24.96,0.0,0.0,0.01,0.00,,,,,
4114,05/12/2026 17:21:45,24.95,0.0,0.0,0.01,0.00,,,,,
4115,05/12/2026 17:21:50,24.95,0.0,0.0,0.01,0.00,,,,,
4116,05/12/2026 17:21:55,24.94,0.0,0.0,0.01,0.00,,,,,
4117,05/12/2026 17:22:00,24.94,0.0,0.0,0.01,0.00,,,,,
4118,05/12/2026 17:22:05,24.93,0.0,0.0,0.01,0.00,,,,,
4119,05/12/2026 17:22:10,24.93,0.0,0.0,0.01,0.00,,,,,
4120,05/12/2026 17:22:15,24.93,0.0,0.0,0.01,0.00,,,,,
4121,05/12/2026 17:22:20,24.92,0.0,0.0,0.01,0.00,,,,,
4122,05/12/2026 17:22:25,24.92,0.0,0.0,0.01,0.00,,,,,
4123,05/12/2026 17:22:30,24.91,0.0,0.0,0.01,0.00,,,,,
4124,05/12/2026 17:22:35,24.92,0.0,0.0,0.01,0.00,,,,,
4125,05/12/2026 17:22:40,24.91,0.0,0.0,0.01,0.00,,,,,
4126,05/12/2026 17:22:45,24.91,0.0,0.0,0.01,0.00,,,,,
4127,05/12/2026 17:22:50,24.90,0.0,0.0,0.01,0.00,,,,,
4128,05/12/2026 17:22:55,24.90,0.0,0.0,0.01,0.00,,,,,
4129,05/12/2026 17:23:00,24.90,0.0,0.0,0.01,0.00,,,,,
4130,05/12/2026 17:23:05,24.89,0.0,0.0,0.01,0.00,,,,,
4131,05/12/2026 17:23:10,24.89,0.0,0.0,0.01,0.00,,,,,
4132,05/12/2026 17:23:15,24.88,0.0,0.0,0.01,0.00,,,,,
4133,05/12/2026 17:23:20,24.88,0.0,0.0,0.01,0.00,,,,,
4134,05/12/2026 17:23:25,24.88,0.0,0.0,0.01,0.00,,,,,
4135,05/12/2026 17:23:30,24.88,0.0,0.0,0.01,0.00,,,,,
4136,05/12/2026 17:23:35,24.87,0.0,0.0,0.01,0.00,,,,,
4137,05/12/2026 17:23:40,24.87,0.0,0.0,0.01,0.00,,,,,
4138,05/12/2026 17:23:45,24.86,0.0,0.0,0.01,0.00,,,,,
4139,05/12/2026 17:23:50,24.86,0.0,0.0,0.01,0.00,,,,,
4140,05/12/2026 17:23:55,24.85,0.0,0.0,0.01,0.00,,,,,
4141,05/12/2026 17:24:00,24.85,0.0,0.0,0.01,0.00,,,,,
4142,05/12/2026 17:24:05,24.84,0.0,0.0,0.01,0.00,,,,,
4143,05/12/2026 17:24:10,24.84,0.0,0.0,0.01,0.00,,,,,
4144,05/12/2026 17:24:15,24.84,0.0,0.0,0.01,0.00,,,,,
4145,05/12/2026 17:24:20,24.83,0.0,0.0,0.01,0.00,,,,,
4146,05/12/2026 17:24:25,24.83,0.0,0.0,0.01,0.00,,,,,
4147,05/12/2026 17:24:30,24.83,0.0,0.0,0.01,0.00,,,,,
4148,05/12/2026 17:24:35,24.82,0.0,0.0,0.01,0.00,,,,,
4149,05/12/2026 17:24:40,24.82,0.0,0.0,0.01,0.00,,,,,
4150,05/12/2026 17:24:45,24.81,0.0,0.0,0.01,0.00,,,,,
4151,05/12/2026 17:24:50,24.81,0.0,0.0,0.01,0.00,,,,,
4152,05/12/2026 17:24:55,24.80,0.0,0.0,0.01,0.00,,,,,
4153,05/12/2026 17:25:00,24.80,0.0,0.0,0.01,0.00,,,,,
4154,05/12/2026 17:25:05,24.80,0.0,0.0,0.01,0.00,,,,,
4155,05/12/2026 17:25:10,24.79,0.0,0.0,0.01,0.00,,,,,
4156,05/12/2026 17:25:15,24.79,0.0,0.0,0.01,0.00,,,,,
4157,05/12/2026 17:25:20,24.79,0.0,0.0,0.01,0.00,,,,,
4158,05/12/2026 17:25:25,24.78,0.0,0.0,0.01,0.00,,,,,
4159,05/12/2026 17:25:30,24.78,0.0,0.0,0.01,0.00,,,,,
4160,05/12/2026 17:25:35,24.78,0.0,0.0,0.01,0.00,,,,,
4161,05/12/2026 17:25:40,24.77,0.0,0.0,0.01,0.00,,,,,
4162,05/12/2026 17:25:45,24.77,0.0,0.0,0.01,0.00,,,,,
4163,05/12/2026 17:25:50,24.77,0.0,0.0,0.01,0.00,,,,,
4164,05/12/2026 17:25:55,24.76,0.0,0.0,0.01,0.00,,,,,
4165,05/12/2026 17:26:00,24.76,0.0,0.0,0.01,0.00,,,,,
4166,05/12/2026 17:26:05,24.76,0.0,0.0,0.01,0.00,,,,,
4167,05/12/2026 17:26:10,24.75,0.0,0.0,0.01,0.00,,,,,
4168,05/12/2026 17:26:15,24.75,0.0,0.0,0.01,0.00,,,,,
4169,05/12/2026 17:26:20,24.75,0.0,0.0,0.01,0.00,,,,,
4170,05/12/2026 17:26:25,24.74,0.0,0.0,0.01,0.00,,,,,
4171,05/12/2026 17:26:30,24.74,0.0,0.0,0.01,0.00,,,,,
4172,05/12/2026 17:26:35,24.74,0.0,0.0,0.01,0.00,,,,,
4173,05/12/2026 17:26:40,24.74,0.0,0.0,0.01,0.00,,,,,
4174,05/12/2026 17:26:45,24.73,0.0,0.0,0.01,0.00,,,,,
4175,05/12/2026 17:26:50,24.73,0.0,0.0,0.01,0.00,,,,,
4176,05/12/2026 17:26:55,24.72,0.0,0.0,0.01,0.00,,,,,
4177,05/12/2026 17:27:00,24.72,0.0,0.0,0.01,0.00,,,,,
4178,05/12/2026 17:27:05,24.72,0.0,0.0,0.01,0.00,,,,,
4179,05/12/2026 17:27:10,24.72,0.0,0.0,0.01,0.00,,,,,
4180,05/12/2026 17:27:15,24.71,0.0,0.0,0.01,0.00,,,,,
4181,05/12/2026 17:27:20,24.71,0.0,0.0,0.01,0.00,,,,,
4182,05/12/2026 17:27:25,24.71,0.0,0.0,0.01,0.00,,,,,
4183,05/12/2026 17:27:30,24.70,0.0,0.0,0.01,0.00,,,,,
4184,05/12/2026 17:27:35,24.70,0.0,0.0,0.01,0.00,,,,,
4185,05/12/2026 17:27:40,24.70,0.0,0.0,0.01,0.00,,,,,
4186,05/12/2026 17:27:45,24.70,0.0,0.0,0.01,0.00,,,,,
4187,05/12/2026 17:27:50,24.70,0.0,0.0,0.01,0.00,,,,,
4188,05/12/2026 17:27:55,24.69,0.0,0.0,0.01,0.00,,,,,
4189,05/12/2026 17:28:00,24.69,0.0,0.0,0.01,0.00,,,,,
4190,05/12/2026 17:28:05,24.68,0.0,0.0,0.01,0.00,,,,,
4191,05/12/2026 17:28:10,24.68,0.0,0.0,0.01,0.00,,,,,
4192,05/12/2026 17:28:15,24.68,0.0,0.0,0.01,0.00,,,,,
4193,05/12/2026 17:28:20,24.68,0.0,0.0,0.01,0.00,,,,,
4194,05/12/2026 17:28:25,24.67,0.0,0.0,0.01,0.00,,,,,
4195,05/12/2026 17:28:30,24.67,0.0,0.0,0.01,0.00,,,,,
4196,05/12/2026 17:28:35,24.67,0.0,0.0,0.01,0.00,,,,,
4197,05/12/2026 17:28:40,24.67,0.0,0.0,0.01,0.00,,,,,
4198,05/12/2026 17:28:45,24.66,0.0,0.0,0.01,0.00,,,,,
4199,05/12/2026 17:28:50,24.66,0.0,0.0,0.01,0.00,,,,,
4200,05/12/2026 17:28:55,24.66,0.0,0.0,0.01,0.00,,,,,
4201,05/12/2026 17:29:00,24.65,0.0,0.0,0.01,0.00,,,,,
4202,05/12/2026 17:29:05,24.65,0.0,0.0,0.01,0.00,,,,,
4203,05/12/2026 17:29:10,24.65,0.0,0.0,0.01,0.00,,,,,
4204,05/12/2026 17:29:15,24.65,0.0,0.0,0.01,0.00,,,,,
4205,05/12/2026 17:29:20,24.64,0.0,0.0,0.01,0.00,,,,,
4206,05/12/2026 17:29:25,24.64,0.0,0.0,0.01,0.00,,,,,
4207,05/12/2026 17:29:30,24.64,0.0,0.0,0.01,0.00,,,,,
4208,05/12/2026 17:29:35,24.64,0.0,0.0,0.01,0.00,,,,,
4209,05/12/2026 17:29:40,24.63,0.0,0.0,0.01,0.00,,,,,
4210,05/12/2026 17:29:45,24.63,0.0,0.0,0.01,0.00,,,,,
4211,05/12/2026 17:29:50,24.63,0.0,0.0,0.01,0.00,,,,,
4212,05/12/2026 17:29:55,24.62,0.0,0.0,0.01,0.00,,,,,
4213,05/12/2026 17:30:00,24.62,0.0,0.0,0.01,0.00,,,,,
4214,05/12/2026 17:30:05,24.62,0.0,0.0,0.01,0.00,,,,,
4215,05/12/2026 17:30:10,24.61,0.0,0.0,0.01,0.00,,,,,
4216,05/12/2026 17:30:15,24.61,0.0,0.0,0.01,0.00,,,,,
4217,05/12/2026 17:30:20,24.61,0.0,0.0,0.01,0.00,,,,,
4218,05/12/2026 17:30:25,24.61,0.0,0.0,0.01,0.00,,,,,
4219,05/12/2026 17:30:30,24.61,0.0,0.0,0.01,0.00,,,,,
4220,05/12/2026 17:30:35,24.60,0.0,0.0,0.01,0.00,,,,,
4221,05/12/2026 17:30:40,24.60,0.0,0.0,0.01,0.00,,,,,
4222,05/12/2026 17:30:45,24.60,0.0,0.0,0.01,0.00,,,,,
4223,05/12/2026 17:30:50,24.59,0.0,0.0,0.01,0.00,,,,,
4224,05/12/2026 17:30:55,24.59,0.0,0.0,0.01,0.00,,,,,
4225,05/12/2026 17:31:00,24.59,0.0,0.0,0.01,0.00,,,,,
4226,05/12/2026 17:31:05,24.58,0.0,0.0,0.01,0.00,,,,,
4227,05/12/2026 17:31:10,24.58,0.0,0.0,0.01,0.00,,,,,
4228,05/12/2026 17:31:15,24.58,0.0,0.0,0.01,0.00,,,,,
4229,05/12/2026 17:31:20,24.58,0.0,0.0,0.01,0.00,,,,,
4230,05/12/2026 17:31:25,24.57,0.0,0.0,0.01,0.00,,,,,
4231,05/12/2026 17:31:30,24.57,0.0,0.0,0.01,0.00,,,,,
4232,05/12/2026 17:31:35,24.56,0.0,0.0,0.01,0.00,,,,,
4233,05/12/2026 17:31:40,24.56,0.0,0.0,0.01,0.00,,,,,
4234,05/12/2026 17:31:45,24.56,0.0,0.0,0.01,0.00,,,,,
4235,05/12/2026 17:31:50,24.55,0.0,0.0,0.01,0.00,,,,,
4236,05/12/2026 17:31:55,24.55,0.0,0.0,0.01,0.00,,,,,
4237,05/12/2026 17:32:00,24.54,0.0,0.0,0.01,0.00,,,,,
4238,05/12/2026 17:32:05,24.54,0.0,0.0,0.01,0.00,,,,,
4239,05/12/2026 17:32:10,24.54,0.0,0.0,0.01,0.00,,,,,
4240,05/12/2026 17:32:15,24.53,0.0,0.0,0.01,0.00,,,,,
4241,05/12/2026 17:32:20,24.53,0.0,0.0,0.01,0.00,,,,,
4242,05/12/2026 17:32:25,24.52,0.0,0.0,0.01,0.00,,,,,
4243,05/12/2026 17:32:30,24.52,0.0,0.0,0.01,0.00,,,,,
4244,05/12/2026 17:32:35,24.51,0.0,0.0,0.01,0.00,,,,,
4245,05/12/2026 17:32:40,24.51,0.0,0.0,0.01,0.00,,,,,
4246,05/12/2026 17:32:45,24.51,0.0,0.0,0.01,0.00,,,,,
4247,05/12/2026 17:32:50,24.51,0.0,0.0,0.01,0.00,,,,,
4248,05/12/2026 17:32:55,24.50,0.0,0.0,0.01,0.00,,,,,
4249,05/12/2026 17:33:00,24.50,0.0,0.0,0.01,0.00,,,,,
4250,05/12/2026 17:33:05,24.50,0.0,0.0,0.01,0.00,,,,,
4251,05/12/2026 17:33:10,24.49,0.0,0.0,0.01,0.00,,,,,
4252,05/12/2026 17:33:15,24.49,0.0,0.0,0.01,0.00,,,,,
4253,05/12/2026 17:33:20,24.49,0.0,0.0,0.01,0.00,,,,,
4254,05/12/2026 17:33:25,24.48,0.0,0.0,0.01,0.00,,,,,
4255,05/12/2026 17:33:30,24.48,0.0,0.0,0.01,0.00,,,,,
4256,05/12/2026 17:33:35,24.48,0.0,0.0,0.01,0.00,,,,,
4257,05/12/2026 17:33:40,24.47,0.0,0.0,0.01,0.00,,,,,
4258,05/12/2026 17:33:45,24.47,0.0,0.0,0.01,0.00,,,,,
4259,05/12/2026 17:33:50,24.46,0.0,0.0,0.01,0.00,,,,,
4260,05/12/2026 17:33:55,24.46,0.0,0.0,0.01,0.00,,,,,
4261,05/12/2026 17:34:00,24.46,0.0,0.0,0.01,0.00,,,,,
4262,05/12/2026 17:34:05,24.46,0.0,0.0,0.01,0.00,,,,,
4263,05/12/2026 17:34:10,24.45,0.0,0.0,0.01,0.00,,,,,
4264,05/12/2026 17:34:15,24.45,0.0,0.0,0.01,0.00,,,,,
4265,05/12/2026 17:34:20,24.45,0.0,0.0,0.01,0.00,,,,,
4266,05/12/2026 17:34:25,24.45,0.0,0.0,0.01,0.00,,,,,
4267,05/12/2026 17:34:30,24.45,0.0,0.0,0.01,0.00,,,,,
4268,05/12/2026 17:34:35,24.44,0.0,0.0,0.01,0.00,,,,,
4269,05/12/2026 17:34:40,24.44,0.0,0.0,0.01,0.00,,,,,
4270,05/12/2026 17:34:45,24.44,0.0,0.0,0.01,0.00,,,,,
4271,05/12/2026 17:34:50,24.44,0.0,0.0,0.01,0.00,,,,,
4272,05/12/2026 17:34:55,24.43,0.0,0.0,0.01,0.00,,,,,
4273,05/12/2026 17:35:00,24.43,0.0,0.0,0.01,0.00,,,,,
4274,05/12/2026 17:35:05,24.43,0.0,0.0,0.01,0.00,,,,,
4275,05/12/2026 17:35:10,24.43,0.0,0.0,0.01,0.00,,,,,
4276,05/12/2026 17:35:15,24.42,0.0,0.0,0.01,0.00,,,,,
4277,05/12/2026 17:35:20,24.42,0.0,0.0,0.01,0.00,,,,,
4278,05/12/2026 17:35:25,24.42,0.0,0.0,0.01,0.00,,,,,
4279,05/12/2026 17:35:30,24.42,0.0,0.0,0.01,0.00,,,,,
4280,05/12/2026 17:35:35,24.42,0.0,0.0,0.01,0.00,,,,,
4281,05/12/2026 17:35:40,24.41,0.0,0.0,0.01,0.00,,,,,
4282,05/12/2026 17:35:45,24.41,0.0,0.0,0.01,0.00,,,,,
4283,05/12/2026 17:35:50,24.41,0.0,0.0,0.01,0.00,,,,,
4284,05/12/2026 17:35:55,24.40,0.0,0.0,0.01,0.00,,,,,
4285,05/12/2026 17:36:00,24.40,0.0,0.0,0.01,0.00,,,,,
4286,05/12/2026 17:36:05,24.40,0.0,0.0,0.01,0.00,,,,,
4287,05/12/2026 17:36:10,24.40,0.0,0.0,0.01,0.00,,,,,
4288,05/12/2026 17:36:15,24.40,0.0,0.0,0.01,0.00,,,,,
4289,05/12/2026 17:36:20,24.39,0.0,0.0,0.01,0.00,,,,,
4290,05/12/2026 17:36:25,24.39,0.0,0.0,0.01,0.00,,,,,
4291,05/12/2026 17:36:30,24.39,0.0,0.0,0.01,0.00,,,,,
4292,05/12/2026 17:36:35,24.39,0.0,0.0,0.01,0.00,,,,,
4293,05/12/2026 17:36:40,24.38,0.0,0.0,0.01,0.00,,,,,
4294,05/12/2026 17:36:45,24.38,0.0,0.0,0.01,0.00,,,,,
4295,05/12/2026 17:36:50,24.38,0.0,0.0,0.01,0.00,,,,,
4296,05/12/2026 17:36:55,24.38,0.0,0.0,0.01,0.00,,,,,
4297,05/12/2026 17:37:00,24.38,0.0,0.0,0.01,0.00,,,,,
4298,05/12/2026 17:37:05,24.37,0.0,0.0,0.01,0.00,,,,,
4299,05/12/2026 17:37:10,24.37,0.0,0.0,0.01,0.00,,,,,
4300,05/12/2026 17:37:15,24.37,0.0,0.0,0.01,0.00,,,,,
4301,05/12/2026 17:37:20,24.37,0.0,0.0,0.01,0.00,,,,,
4302,05/12/2026 17:37:25,24.37,0.0,0.0,0.01,0.00,,,,,
4303,05/12/2026 17:37:30,24.36,0.0,0.0,0.01,0.00,,,,,
4304,05/12/2026 17:37:35,24.36,0.0,0.0,0.01,0.00,,,,,
4305,05/12/2026 17:37:40,24.36,0.0,0.0,0.01,0.00,,,,,
4306,05/12/2026 17:37:45,24.36,0.0,0.0,0.01,0.00,,,,,
4307,05/12/2026 17:37:50,24.35,0.0,0.0,0.01,0.00,,,,,
4308,05/12/2026 17:37:55,24.35,0.0,0.0,0.01,0.00,,,,,
4309,05/12/2026 17:38:00,24.35,0.0,0.0,0.01,0.00,,,,,
4310,05/12/2026 17:38:05,24.35,0.0,0.0,0.01,0.00,,,,,
4311,05/12/2026 17:38:10,24.35,0.0,0.0,0.01,0.00,,,,,
4312,05/12/2026 17:38:15,24.35,0.0,0.0,0.01,0.00,,,,,
4313,05/12/2026 17:38:20,24.34,0.0,0.0,0.01,0.00,,,,,
4314,05/12/2026 17:38:25,24.34,0.0,0.0,0.01,0.00,,,,,
4315,05/12/2026 17:38:30,24.34,0.0,0.0,0.01,0.00,,,,,
4316,05/12/2026 17:38:35,24.34,0.0,0.0,0.01,0.00,,,,,
4317,05/12/2026 17:38:40,24.33,0.0,0.0,0.01,0.00,,,,,
4318,05/12/2026 17:38:45,24.33,0.0,0.0,0.01,0.00,,,,,
4319,05/12/2026 17:38:50,24.33,0.0,0.0,0.01,0.00,,,,,
4320,05/12/2026 17:38:55,24.33,0.0,0.0,0.01,0.00,,,,,
4321,05/12/2026 17:39:00,24.32,0.0,0.0,0.01,0.00,,,,,
4322,05/12/2026 17:39:05,24.32,0.0,0.0,0.01,0.00,,,,,
4323,05/12/2026 17:39:10,24.32,0.0,0.0,0.01,0.00,,,,,
4324,05/12/2026 17:39:15,24.32,0.0,0.0,0.01,0.00,,,,,
4325,05/12/2026 17:39:20,24.32,0.0,0.0,0.01,0.00,,,,,
4326,05/12/2026 17:39:25,24.32,0.0,0.0,0.01,0.00,,,,,
4327,05/12/2026 17:39:30,24.31,0.0,0.0,0.01,0.00,,,,,
4328,05/12/2026 17:39:35,24.31,0.0,0.0,0.01,0.00,,,,,
4329,05/12/2026 17:39:40,24.31,0.0,0.0,0.01,0.00,,,,,
4330,05/12/2026 17:39:45,24.30,0.0,0.0,0.01,0.00,,,,,
4331,05/12/2026 17:39:50,24.30,0.0,0.0,0.01,0.00,,,,,
4332,05/12/2026 17:39:55,24.30,0.0,0.0,0.01,0.00,,,,,
4333,05/12/2026 17:40:00,24.30,0.0,0.0,0.01,0.00,,,,,
4334,05/12/2026 17:40:05,24.29,0.0,0.0,0.01,0.00,,,,,
4335,05/12/2026 17:40:10,24.29,0.0,0.0,0.01,0.00,,,,,
4336,05/12/2026 17:40:15,24.29,0.0,0.0,0.01,0.00,,,,,
4337,05/12/2026 17:40:20,24.29,0.0,0.0,0.01,0.00,,,,,
4338,05/12/2026 17:40:25,24.29,0.0,0.0,0.01,0.00,,,,,
4339,05/12/2026 17:40:30,24.29,0.0,0.0,0.01,0.00,,,,,
4340,05/12/2026 17:40:35,24.28,0.0,0.0,0.01,0.00,,,,,
4341,05/12/2026 17:40:40,24.28,0.0,0.0,0.01,0.00,,,,,
4342,05/12/2026 17:40:45,24.28,0.0,0.0,0.01,0.00,,,,,
4343,05/12/2026 17:40:50,24.28,0.0,0.0,0.01,0.00,,,,,
4344,05/12/2026 17:40:55,24.28,0.0,0.0,0.01,0.00,,,,,
4345,05/12/2026 17:41:00,24.28,0.0,0.0,0.01,0.00,,,,,
4346,05/12/2026 17:41:05,24.27,0.0,0.0,0.01,0.00,,,,,
4347,05/12/2026 17:41:10,24.27,0.0,0.0,0.01,0.00,,,,,
4348,05/12/2026 17:41:15,24.27,0.0,0.0,0.01,0.00,,,,,
4349,05/12/2026 17:41:20,24.27,0.0,0.0,0.01,0.00,,,,,
4350,05/12/2026 17:41:25,24.27,0.0,0.0,0.01,0.00,,,,,
4351,05/12/2026 17:41:30,24.27,0.0,0.0,0.01,0.00,,,,,
4352,05/12/2026 17:41:35,24.27,0.0,0.0,0.01,0.00,,,,,
4353,05/12/2026 17:41:40,24.26,0.0,0.0,0.01,0.00,,,,,
4354,05/12/2026 17:41:45,24.26,0.0,0.0,0.01,0.00,,,,,
4355,05/12/2026 17:41:50,24.26,0.0,0.0,0.01,0.00,,,,,
4356,05/12/2026 17:41:55,24.26,0.0,0.0,0.01,0.00,,,,,
4357,05/12/2026 17:42:00,24.26,0.0,0.0,0.01,0.00,,,,,
4358,05/12/2026 17:42:05,24.26,0.0,0.0,0.01,0.00,,,,,
4359,05/12/2026 17:42:10,24.25,0.0,0.0,0.01,0.00,,,,,
4360,05/12/2026 17:42:15,24.25,0.0,0.0,0.01,0.00,,,,,
4361,05/12/2026 17:42:20,24.25,0.0,0.0,0.01,0.00,,,,,
4362,05/12/2026 17:42:25,24.25,0.0,0.0,0.01,0.00,,,,,
4363,05/12/2026 17:42:30,24.25,0.0,0.0,0.01,0.00,,,,,
4364,05/12/2026 17:42:35,24.24,0.0,0.0,0.01,0.00,,,,,
4365,05/12/2026 17:42:40,24.24,0.0,0.0,0.01,0.00,,,,,
4366,05/12/2026 17:42:45,24.24,0.0,0.0,0.01,0.00,,,,,
4367,05/12/2026 17:42:50,24.24,0.0,0.0,0.01,0.00,,,,,
4368,05/12/2026 17:42:55,24.23,0.0,0.0,0.01,0.00,,,,,
4369,05/12/2026 17:43:00,24.23,0.0,0.0,0.01,0.00,,,,,
4370,05/12/2026 17:43:05,24.23,0.0,0.0,0.01,0.00,,,,,
4371,05/12/2026 17:43:10,24.23,0.0,0.0,0.01,0.00,,,,,
4372,05/12/2026 17:43:15,24.23,0.0,0.0,0.01,0.00,,,,,
4373,05/12/2026 17:43:20,24.22,0.0,0.0,0.01,0.00,,,,,
4374,05/12/2026 17:43:25,24.22,0.0,0.0,0.01,0.00,,,,,
4375,05/12/2026 17:43:30,24.22,0.0,0.0,0.01,0.00,,,,,
4376,05/12/2026 17:43:35,24.22,0.0,0.0,0.01,0.00,,,,,
4377,05/12/2026 17:43:40,24.22,0.0,0.0,0.01,0.00,,,,,
4378,05/12/2026 17:43:45,24.22,0.0,0.0,0.01,0.00,,,,,
4379,05/12/2026 17:43:50,24.22,0.0,0.0,0.01,0.00,,,,,
4380,05/12/2026 17:43:55,24.21,0.0,0.0,0.01,0.00,,,,,
4381,05/12/2026 17:44:00,24.21,0.0,0.0,0.01,0.00,,,,,
4382,05/12/2026 17:44:05,24.21,0.0,0.0,0.01,0.00,,,,,
4383,05/12/2026 17:44:10,24.21,0.0,0.0,0.01,0.00,,,,,
4384,05/12/2026 17:44:15,24.21,0.0,0.0,0.01,0.00,,,,,
4385,05/12/2026 17:44:20,24.21,0.0,0.0,0.01,0.00,,,,,
4386,05/12/2026 17:44:25,24.20,0.0,0.0,0.01,0.00,,,,,
4387,05/12/2026 17:44:30,24.20,0.0,0.0,0.01,0.00,,,,,
4388,05/12/2026 17:44:35,24.20,0.0,0.0,0.01,0.00,,,,,
4389,05/12/2026 17:44:40,24.20,0.0,0.0,0.01,0.00,,,,,
4390,05/12/2026 17:44:45,24.20,0.0,0.0,0.01,0.00,,,,,
4391,05/12/2026 17:44:50,24.20,0.0,0.0,0.01,0.00,,,,,
4392,05/12/2026 17:44:55,24.20,0.0,0.0,0.01,0.00,,,,,
4393,05/12/2026 17:45:00,24.19,0.0,0.0,0.01,0.00,,,,,
4394,05/12/2026 17:45:05,24.19,0.0,0.0,0.01,0.00,,,,,
4395,05/12/2026 17:45:10,24.19,0.0,0.0,0.01,0.00,,,,,
4396,05/12/2026 17:45:15,24.19,0.0,0.0,0.01,0.00,,,,,
4397,05/12/2026 17:45:20,24.19,0.0,0.0,0.01,0.00,,,,,
4398,05/12/2026 17:45:25,24.19,0.0,0.0,0.01,0.00,,,,,
4399,05/12/2026 17:45:30,24.19,0.0,0.0,0.01,0.00,,,,,
4400,05/12/2026 17:45:35,24.19,0.0,0.0,0.01,0.00,,,,,
4401,05/12/2026 17:45:40,24.19,0.0,0.0,0.01,0.00,,,,,
4402,05/12/2026 17:45:45,24.18,0.0,0.0,0.01,0.00,,,,,
4403,05/12/2026 17:45:50,24.18,0.0,0.0,0.01,0.00,,,,,
4404,05/12/2026 17:45:55,24.18,0.0,0.0,0.01,0.00,,,,,
4405,05/12/2026 17:46:00,24.18,0.0,0.0,0.01,0.00,,,,,
4406,05/12/2026 17:46:05,24.18,0.0,0.0,0.01,0.00,,,,,
4407,05/12/2026 17:46:10,24.18,0.0,0.0,0.01,0.00,,,,,
4408,05/12/2026 17:46:15,24.17,0.0,0.0,0.01,0.00,,,,,
4409,05/12/2026 17:46:20,24.17,0.0,0.0,0.01,0.00,,,,,
4410,05/12/2026 17:46:25,24.17,0.0,0.0,0.01,0.00,,,,,
4411,05/12/2026 17:46:30,24.17,0.0,0.0,0.01,0.00,,,,,
4412,05/12/2026 17:46:35,24.17,0.0,0.0,0.01,0.00,,,,,
4413,05/12/2026 17:46:40,24.16,0.0,0.0,0.01,0.00,,,,,
4414,05/12/2026 17:46:45,24.17,0.0,0.0,0.01,0.00,,,,,
4415,05/12/2026 17:46:50,24.16,0.0,0.0,0.01,0.00,,,,,
4416,05/12/2026 17:46:55,24.16,0.0,0.0,0.01,0.00,,,,,
4417,05/12/2026 17:47:00,24.16,0.0,0.0,0.01,0.00,,,,,
4418,05/12/2026 17:47:05,24.16,0.0,0.0,0.01,0.00,,,,,
4419,05/12/2026 17:47:10,24.16,0.0,0.0,0.01,0.00,,,,,
4420,05/12/2026 17:47:15,24.16,0.0,0.0,0.01,0.00,,,,,
4421,05/12/2026 17:47:20,24.16,0.0,0.0,0.01,0.00,,,,,
4422,05/12/2026 17:47:25,24.16,0.0,0.0,0.01,0.00,,,,,
4423,05/12/2026 17:47:30,24.16,0.0,0.0,0.01,0.00,,,,,
4424,05/12/2026 17:47:35,24.15,0.0,0.0,0.01,0.00,,,,,
4425,05/12/2026 17:47:40,24.15,0.0,0.0,0.01,0.00,,,,,
4426,05/12/2026 17:47:45,24.15,0.0,0.0,0.01,0.00,,,,,
4427,05/12/2026 17:47:50,24.15,0.0,0.0,0.01,0.00,,,,,
4428,05/12/2026 17:47:55,24.15,0.0,0.0,0.01,0.00,,,,,
4429,05/12/2026 17:48:00,24.15,0.0,0.0,0.01,0.00,,,,,
4430,05/12/2026 17:48:05,24.14,0.0,0.0,0.01,0.00,,,,,
4431,05/12/2026 17:48:10,24.14,0.0,0.0,0.01,0.00,,,,,
4432,05/12/2026 17:48:15,24.14,0.0,0.0,0.01,0.00,,,,,
4433,05/12/2026 17:48:20,24.14,0.0,0.0,0.01,0.00,,,,,
4434,05/12/2026 17:48:25,24.14,0.0,0.0,0.01,0.00,,,,,
4435,05/12/2026 17:48:30,24.14,0.0,0.0,0.01,0.00,,,,,
4436,05/12/2026 17:48:35,24.13,0.0,0.0,0.01,0.00,,,,,
4437,05/12/2026 17:48:40,24.13,0.0,0.0,0.01,0.00,,,,,
4438,05/12/2026 17:48:45,24.13,0.0,0.0,0.01,0.00,,,,,
4439,05/12/2026 17:48:50,24.13,0.0,0.0,0.01,0.00,,,,,
4440,05/12/2026 17:48:55,24.13,0.0,0.0,0.01,0.00,,,,,
4441,05/12/2026 17:49:00,24.13,0.0,0.0,0.01,0.00,,,,,
4442,05/12/2026 17:49:05,24.13,0.0,0.0,0.01,0.00,,,,,
4443,05/12/2026 17:49:10,24.13,0.0,0.0,0.01,0.00,,,,,
4444,05/12/2026 17:49:15,24.13,0.0,0.0,0.01,0.00,,,,,
4445,05/12/2026 17:49:20,24.13,0.0,0.0,0.01,0.00,,,,,
4446,05/12/2026 17:49:25,24.12,0.0,0.0,0.01,0.00,,,,,
4447,05/12/2026 17:49:30,24.12,0.0,0.0,0.01,0.00,,,,,
4448,05/12/2026 17:49:35,24.12,0.0,0.0,0.01,0.00,,,,,
4449,05/12/2026 17:49:40,24.12,0.0,0.0,0.01,0.00,,,,,
4450,05/12/2026 17:49:45,24.12,0.0,0.0,0.01,0.00,,,,,
4451,05/12/2026 17:49:50,24.12,0.0,0.0,0.01,0.00,,,,,
4452,05/12/2026 17:49:55,24.12,0.0,0.0,0.01,0.00,,,,,
4453,05/12/2026 17:50:00,24.11,0.0,0.0,0.01,0.00,,,,,
4454,05/12/2026 17:50:05,24.11,0.0,0.0,0.01,0.00,,,,,
4455,05/12/2026 17:50:10,24.11,0.0,0.0,0.01,0.00,,,,,
4456,05/12/2026 17:50:15,24.11,0.0,0.0,0.01,0.00,,,,,
4457,05/12/2026 17:50:20,24.11,0.0,0.0,0.01,0.00,,,,,
4458,05/12/2026 17:50:25,24.11,0.0,0.0,0.01,0.00,,,,,
4459,05/12/2026 17:50:30,24.11,0.0,0.0,0.01,0.00,,,,,
4460,05/12/2026 17:50:35,24.11,0.0,0.0,0.01,0.00,,,,,
4461,05/12/2026 17:50:40,24.11,0.0,0.0,0.01,0.00,,,,,
4462,05/12/2026 17:50:45,24.10,0.0,0.0,0.01,0.00,,,,,
4463,05/12/2026 17:50:50,24.10,0.0,0.0,0.01,0.00,,,,,
4464,05/12/2026 17:50:55,24.10,0.0,0.0,0.01,0.00,,,,,
4465,05/12/2026 17:51:00,24.10,0.0,0.0,0.01,0.00,,,,,
4466,05/12/2026 17:51:05,24.10,0.0,0.0,0.01,0.00,,,,,
4467,05/12/2026 17:51:10,24.10,0.0,0.0,0.01,0.00,,,,,
4468,05/12/2026 17:51:15,24.10,0.0,0.0,0.01,0.00,,,,,
4469,05/12/2026 17:51:20,24.10,0.0,0.0,0.01,0.00,,,,,
4470,05/12/2026 17:51:25,24.10,0.0,0.0,0.01,0.00,,,,,
4471,05/12/2026 17:51:30,24.09,0.0,0.0,0.01,0.00,,,,,
4472,05/12/2026 17:51:35,24.09,0.0,0.0,0.01,0.00,,,,,
4473,05/12/2026 17:51:40,24.09,0.0,0.0,0.01,0.00,,,,,
4474,05/12/2026 17:51:45,24.09,0.0,0.0,0.01,0.00,,,,,
4475,05/12/2026 17:51:50,24.09,0.0,0.0,0.01,0.00,,,,,
4476,05/12/2026 17:51:55,24.09,0.0,0.0,0.01,0.00,,,,,
4477,05/12/2026 17:52:00,24.09,0.0,0.0,0.01,0.00,,,,,
4478,05/12/2026 17:52:05,24.08,0.0,0.0,0.01,0.00,,,,,
4479,05/12/2026 17:52:10,24.08,0.0,0.0,0.01,0.00,,,,,
4480,05/12/2026 17:52:15,24.08,0.0,0.0,0.01,0.00,,,,,
4481,05/12/2026 17:52:20,24.08,0.0,0.0,0.01,0.00,,,,,
4482,05/12/2026 17:52:25,24.08,0.0,0.0,0.01,0.00,,,,,
4483,05/12/2026 17:52:30,24.08,0.0,0.0,0.01,0.00,,,,,
4484,05/12/2026 17:52:35,24.08,0.0,0.0,0.01,0.00,,,,,
4485,05/12/2026 17:52:40,24.07,0.0,0.0,0.01,0.00,,,,,
4486,05/12/2026 17:52:45,24.08,0.0,0.0,0.01,0.00,,,,,
4487,05/12/2026 17:52:50,24.07,0.0,0.0,0.01,0.00,,,,,
4488,05/12/2026 17:52:55,24.07,0.0,0.0,0.01,0.00,,,,,
4489,05/12/2026 17:53:00,24.07,0.0,0.0,0.01,0.00,,,,,
4490,05/12/2026 17:53:05,24.07,0.0,0.0,0.01,0.00,,,,,
4491,05/12/2026 17:53:10,24.07,0.0,0.0,0.01,0.00,,,,,
4492,05/12/2026 17:53:15,24.07,0.0,0.0,0.01,0.00,,,,,
4493,05/12/2026 17:53:20,24.07,0.0,0.0,0.01,0.00,,,,,
4494,05/12/2026 17:53:25,24.07,0.0,0.0,0.01,0.00,,,,,
4495,05/12/2026 17:53:30,24.07,0.0,0.0,0.01,0.00,,,,,
4496,05/12/2026 17:53:35,24.06,0.0,0.0,0.01,0.00,,,,,
4497,05/12/2026 17:53:40,24.06,0.0,0.0,0.01,0.00,,,,,
4498,05/12/2026 17:53:45,24.06,0.0,0.0,0.01,0.00,,,,,
4499,05/12/2026 17:53:50,24.06,0.0,0.0,0.01,0.00,,,,,
4500,05/12/2026 17:53:55,24.06,0.0,0.0,0.01,0.00,,,,,
4501,05/12/2026 17:54:00,24.06,0.0,0.0,0.01,0.00,,,,,
4502,05/12/2026 17:54:05,24.06,0.0,0.0,0.01,0.00,,,,,
4503,05/12/2026 17:54:10,24.06,0.0,0.0,0.01,0.00,,,,,
4504,05/12/2026 17:54:15,24.06,0.0,0.0,0.01,0.00,,,,,
4505,05/12/2026 17:54:20,24.06,0.0,0.0,0.01,0.00,,,,,
4506,05/12/2026 17:54:25,24.05,0.0,0.0,0.01,0.00,,,,,
4507,05/12/2026 17:54:30,24.05,0.0,0.0,0.01,0.00,,,,,
4508,05/12/2026 17:54:35,24.05,0.0,0.0,0.01,0.00,,,,,
4509,05/12/2026 17:54:40,24.05,0.0,0.0,0.01,0.00,,,,,
4510,05/12/2026 17:54:45,24.05,0.0,0.0,0.01,0.00,,,,,
4511,05/12/2026 17:54:50,24.05,0.0,0.0,0.01,0.00,,,,,
4512,05/12/2026 17:54:55,24.05,0.0,0.0,0.01,0.00,,,,,
4513,05/12/2026 17:55:00,24.04,0.0,0.0,0.01,0.00,,,,,
4514,05/12/2026 17:55:05,24.04,0.0,0.0,0.01,0.00,,,,,
4515,05/12/2026 17:55:10,24.04,0.0,0.0,0.01,0.00,,,,,
4516,05/12/2026 17:55:15,24.04,0.0,0.0,0.01,0.00,,,,,
4517,05/12/2026 17:55:20,24.04,0.0,0.0,0.01,0.00,,,,,
4518,05/12/2026 17:55:25,24.04,0.0,0.0,0.01,0.00,,,,,
4519,05/12/2026 17:55:30,24.04,0.0,0.0,0.01,0.00,,,,,
4520,05/12/2026 17:55:35,24.04,0.0,0.0,0.01,0.00,,,,,
4521,05/12/2026 17:55:40,24.04,0.0,0.0,0.01,0.00,,,,,
4522,05/12/2026 17:55:45,24.04,0.0,0.0,0.01,0.00,,,,,
4523,05/12/2026 17:55:50,24.04,0.0,0.0,0.01,0.00,,,,,
4524,05/12/2026 17:55:55,24.04,0.0,0.0,0.01,0.00,,,,,
4525,05/12/2026 17:56:00,24.04,0.0,0.0,0.01,0.00,,,,,
4526,05/12/2026 17:56:05,24.03,0.0,0.0,0.01,0.00,,,,,
4527,05/12/2026 17:56:10,24.03,0.0,0.0,0.01,0.00,,,,,
4528,05/12/2026 17:56:15,24.03,0.0,0.0,0.01,0.00,,,,,
4529,05/12/2026 17:56:20,24.03,0.0,0.0,0.01,0.00,,,,,
4530,05/12/2026 17:56:25,24.03,0.0,0.0,0.01,0.00,,,,,
4531,05/12/2026 17:56:30,24.03,0.0,0.0,0.01,0.00,,,,,
4532,05/12/2026 17:56:35,24.03,0.0,0.0,0.01,0.00,,,,,
4533,05/12/2026 17:56:40,24.03,0.0,0.0,0.01,0.00,,,,,
4534,05/12/2026 17:56:45,24.02,0.0,0.0,0.01,0.00,,,,,
4535,05/12/2026 17:56:50,24.02,0.0,0.0,0.01,0.00,,,,,
4536,05/12/2026 17:56:55,24.02,0.0,0.0,0.01,0.00,,,,,
4537,05/12/2026 17:57:00,24.02,0.0,0.0,0.01,0.00,,,,,
4538,05/12/2026 17:57:05,24.02,0.0,0.0,0.01,0.00,,,,,
4539,05/12/2026 17:57:10,24.02,0.0,0.0,0.01,0.00,,,,,
4540,05/12/2026 17:57:15,24.02,0.0,0.0,0.01,0.00,,,,,
4541,05/12/2026 17:57:20,24.02,0.0,0.0,0.01,0.00,,,,,
4542,05/12/2026 17:57:25,24.02,0.0,0.0,0.01,0.00,,,,,
4543,05/12/2026 17:57:30,24.02,0.0,0.0,0.01,0.00,,,,,
4544,05/12/2026 17:57:35,24.01,0.0,0.0,0.01,0.00,,,,,
4545,05/12/2026 17:57:40,24.01,0.0,0.0,0.01,0.00,,,,,
4546,05/12/2026 17:57:45,24.01,0.0,0.0,0.01,0.00,,,,,
4547,05/12/2026 17:57:50,24.01,0.0,0.0,0.01,0.00,,,,,
4548,05/12/2026 17:57:55,24.01,0.0,0.0,0.01,0.00,,,,,
4549,05/12/2026 17:58:00,24.01,0.0,0.0,0.01,0.00,,,,,
4550,05/12/2026 17:58:05,24.00,0.0,0.0,0.01,0.00,,,,,
4551,05/12/2026 17:58:10,24.00,0.0,0.0,0.01,0.00,,,,,
4552,05/12/2026 17:58:15,24.00,0.0,0.0,0.01,0.00,,,,,
4553,05/12/2026 17:58:20,24.00,0.0,0.0,0.01,0.00,,,,,
4554,05/12/2026 17:58:25,24.00,0.0,0.0,0.01,0.00,,,,,
4555,05/12/2026 17:58:30,24.00,0.0,0.0,0.01,0.00,,,,,
4556,05/12/2026 17:58:35,24.00,0.0,0.0,0.01,0.00,,,,,
4557,05/12/2026 17:58:40,24.00,0.0,0.0,0.01,0.00,,,,,
4558,05/12/2026 17:58:45,24.00,0.0,0.0,0.01,0.00,,,,,
4559,05/12/2026 17:58:50,24.00,0.0,0.0,0.01,0.00,,,,,
4560,05/12/2026 17:58:55,24.00,0.0,0.0,0.01,0.00,,,,,
4561,05/12/2026 17:59:00,24.00,0.0,0.0,0.01,0.00,,,,,
4562,05/12/2026 17:59:05,24.00,0.0,0.0,0.01,0.00,,,,,
4563,05/12/2026 17:59:10,24.00,0.0,0.0,0.01,0.00,,,,,
4564,05/12/2026 17:59:15,24.00,0.0,0.0,0.01,0.00,,,,,
4565,05/12/2026 17:59:20,23.99,0.0,0.0,0.01,0.00,,,,,
4566,05/12/2026 17:59:25,23.99,0.0,0.0,0.01,0.00,,,,,
4567,05/12/2026 17:59:30,23.99,0.0,0.0,0.01,0.00,,,,,
4568,05/12/2026 17:59:35,23.99,0.0,0.0,0.01,0.00,,,,,
4569,05/12/2026 17:59:40,23.99,0.0,0.0,0.01,0.00,,,,,
4570,05/12/2026 17:59:45,23.99,0.0,0.0,0.01,0.00,,,,,
4571,05/12/2026 17:59:50,23.98,0.0,0.0,0.01,0.00,,,,,
4572,05/12/2026 17:59:55,23.98,0.0,0.0,0.01,0.00,,,,,
4573,05/12/2026 18:00:00,23.98,0.0,0.0,0.01,0.00,,,,,
4574,05/12/2026 18:00:05,23.98,0.0,0.0,0.01,0.00,,,,,
4575,05/12/2026 18:00:10,23.98,0.0,0.0,0.01,0.00,,,,,
4576,05/12/2026 18:00:15,23.98,0.0,0.0,0.01,0.00,,,,,
4577,05/12/2026 18:00:20,23.98,0.0,0.0,0.01,0.00,,,,,
4578,05/12/2026 18:00:25,23.98,0.0,0.0,0.01,0.00,,,,,
4579,05/12/2026 18:00:30,23.97,0.0,0.0,0.01,0.00,,,,,
4580,05/12/2026 18:00:35,23.97,0.0,0.0,0.01,0.00,,,,,
4581,05/12/2026 18:00:40,23.97,0.0,0.0,0.01,0.00,,,,,
4582,05/12/2026 18:00:45,23.97,0.0,0.0,0.01,0.00,,,,,
4583,05/12/2026 18:00:50,23.97,0.0,0.0,0.01,0.00,,,,,
4584,05/12/2026 18:00:55,23.97,0.0,0.0,0.01,0.00,,,,,
4585,05/12/2026 18:01:00,23.97,0.0,0.0,0.01,0.00,,,,,
4586,05/12/2026 18:01:05,23.97,0.0,0.0,0.01,0.00,,,,,
4587,05/12/2026 18:01:10,23.97,0.0,0.0,0.01,0.00,,,,,
4588,05/12/2026 18:01:15,23.97,0.0,0.0,0.01,0.00,,,,,
4589,05/12/2026 18:01:20,23.96,0.0,0.0,0.01,0.00,,,,,
4590,05/12/2026 18:01:25,23.96,0.0,0.0,0.01,0.00,,,,,
4591,05/12/2026 18:01:30,23.96,0.0,0.0,0.01,0.00,,,,,
4592,05/12/2026 18:01:35,23.96,0.0,0.0,0.01,0.00,,,,,
4593,05/12/2026 18:01:40,23.96,0.0,0.0,0.01,0.00,,,,,
4594,05/12/2026 18:01:45,23.96,0.0,0.0,0.01,0.00,,,,,
4595,05/12/2026 18:01:50,23.96,0.0,0.0,0.01,0.00,,,,,
4596,05/12/2026 18:01:55,23.96,0.0,0.0,0.01,0.00,,,,,
4597,05/12/2026 18:02:00,23.95,0.0,0.0,0.01,0.00,,,,,
4598,05/12/2026 18:02:05,23.95,0.0,0.0,0.01,0.00,,,,,
4599,05/12/2026 18:02:10,23.95,0.0,0.0,0.01,0.00,,,,,
4600,05/12/2026 18:02:15,23.95,0.0,0.0,0.01,0.00,,,,,
4601,05/12/2026 18:02:20,23.95,0.0,0.0,0.01,0.00,,,,,
4602,05/12/2026 18:02:25,23.95,0.0,0.0,0.01,0.00,,,,,
4603,05/12/2026 18:02:30,23.95,0.0,0.0,0.01,0.00,,,,,
4604,05/12/2026 18:02:35,23.95,0.0,0.0,0.01,0.00,,,,,
4605,05/12/2026 18:02:40,23.94,0.0,0.0,0.01,0.00,,,,,
4606,05/12/2026 18:02:45,23.94,0.0,0.0,0.01,0.00,,,,,
4607,05/12/2026 18:02:50,23.94,0.0,0.0,0.01,0.00,,,,,
4608,05/12/2026 18:02:55,23.94,0.0,0.0,0.01,0.00,,,,,
4609,05/12/2026 18:03:00,23.94,0.0,0.0,0.01,0.00,,,,,
4610,05/12/2026 18:03:05,23.94,0.0,0.0,0.01,0.00,,,,,
4611,05/12/2026 18:03:10,23.94,0.0,0.0,0.01,0.00,,,,,
4612,05/12/2026 18:03:15,23.94,0.0,0.0,0.01,0.00,,,,,
4613,05/12/2026 18:03:20,23.94,0.0,0.0,0.01,0.00,,,,,
4614,05/12/2026 18:03:25,23.94,0.0,0.0,0.01,0.00,,,,,
4615,05/12/2026 18:03:30,23.93,0.0,0.0,0.01,0.00,,,,,
4616,05/12/2026 18:03:35,23.93,0.0,0.0,0.01,0.00,,,,,
4617,05/12/2026 18:03:40,23.93,0.0,0.0,0.01,0.00,,,,,
4618,05/12/2026 18:03:45,23.93,0.0,0.0,0.01,0.00,,,,,
4619,05/12/2026 18:03:50,23.93,0.0,0.0,0.01,0.00,,,,,
4620,05/12/2026 18:03:55,23.93,0.0,0.0,0.01,0.00,,,,,
4621,05/12/2026 18:04:00,23.93,0.0,0.0,0.01,0.00,,,,,
4622,05/12/2026 18:04:05,23.93,0.0,0.0,0.01,0.00,,,,,
4623,05/12/2026 18:04:10,23.93,0.0,0.0,0.01,0.00,,,,,
4624,05/12/2026 18:04:15,23.92,0.0,0.0,0.01,0.00,,,,,
4625,05/12/2026 18:04:20,23.92,0.0,0.0,0.01,0.00,,,,,
4626,05/12/2026 18:04:25,23.92,0.0,0.0,0.01,0.00,,,,,
4627,05/12/2026 18:04:30,23.92,0.0,0.0,0.01,0.00,,,,,
4628,05/12/2026 18:04:35,23.92,0.0,0.0,0.01,0.00,,,,,
4629,05/12/2026 18:04:40,23.92,0.0,0.0,0.01,0.00,,,,,
4630,05/12/2026 18:04:45,23.92,0.0,0.0,0.01,0.00,,,,,
4631,05/12/2026 18:04:50,23.92,0.0,0.0,0.01,0.00,,,,,
4632,05/12/2026 18:04:55,23.91,0.0,0.0,0.01,0.00,,,,,
4633,05/12/2026 18:05:00,23.91,0.0,0.0,0.01,0.00,,,,,
4634,05/12/2026 18:05:05,23.91,0.0,0.0,0.01,0.00,,,,,
4635,05/12/2026 18:05:10,23.91,0.0,0.0,0.01,0.00,,,,,
4636,05/12/2026 18:05:15,23.91,0.0,0.0,0.01,0.00,,,,,
4637,05/12/2026 18:05:20,23.91,0.0,0.0,0.01,0.00,,,,,
4638,05/12/2026 18:05:25,23.91,0.0,0.0,0.01,0.00,,,,,
4639,05/12/2026 18:05:30,23.91,0.0,0.0,0.01,0.00,,,,,
4640,05/12/2026 18:05:35,23.91,0.0,0.0,0.01,0.00,,,,,
4641,05/12/2026 18:05:40,23.91,0.0,0.0,0.01,0.00,,,,,
4642,05/12/2026 18:05:45,23.90,0.0,0.0,0.01,0.00,,,,,
4643,05/12/2026 18:05:50,23.90,0.0,0.0,0.01,0.00,,,,,
4644,05/12/2026 18:05:55,23.90,0.0,0.0,0.01,0.00,,,,,
4645,05/12/2026 18:06:00,23.90,0.0,0.0,0.01,0.00,,,,,
4646,05/12/2026 18:06:05,23.90,0.0,0.0,0.01,0.00,,,,,
4647,05/12/2026 18:06:10,23.90,0.0,0.0,0.01,0.00,,,,,
4648,05/12/2026 18:06:15,23.90,0.0,0.0,0.01,0.00,,,,,
4649,05/12/2026 18:06:20,23.90,0.0,0.0,0.01,0.00,,,,,
4650,05/12/2026 18:06:25,23.90,0.0,0.0,0.01,0.00,,,,,
4651,05/12/2026 18:06:30,23.89,0.0,0.0,0.01,0.00,,,,,
4652,05/12/2026 18:06:35,23.89,0.0,0.0,0.01,0.00,,,,,
4653,05/12/2026 18:06:40,23.89,0.0,0.0,0.01,0.00,,,,,
4654,05/12/2026 18:06:45,23.89,0.0,0.0,0.01,0.00,,,,,
4655,05/12/2026 18:06:50,23.89,0.0,0.0,0.01,0.00,,,,,
4656,05/12/2026 18:06:55,23.89,0.0,0.0,0.01,0.00,,,,,
4657,05/12/2026 18:07:00,23.89,0.0,0.0,0.01,0.00,,,,,
4658,05/12/2026 18:07:05,23.89,0.0,0.0,0.01,0.00,,,,,
4659,05/12/2026 18:07:10,23.89,0.0,0.0,0.01,0.00,,,,,
4660,05/12/2026 18:07:15,23.88,0.0,0.0,0.01,0.00,,,,,
4661,05/12/2026 18:07:20,23.88,0.0,0.0,0.01,0.00,,,,,
4662,05/12/2026 18:07:25,23.88,0.0,0.0,0.01,0.00,,,,,
4663,05/12/2026 18:07:30,23.88,0.0,0.0,0.01,0.00,,,,,
4664,05/12/2026 18:07:35,23.88,0.0,0.0,0.01,0.00,,,,,
4665,05/12/2026 18:07:40,23.88,0.0,0.0,0.01,0.00,,,,,
4666,05/12/2026 18:07:45,23.88,0.0,0.0,0.01,0.00,,,,,
4667,05/12/2026 18:07:50,23.88,0.0,0.0,0.01,0.00,,,,,
4668,05/12/2026 18:07:55,23.88,0.0,0.0,0.01,0.00,,,,,
4669,05/12/2026 18:08:00,23.88,0.0,0.0,0.01,0.00,,,,,
4670,05/12/2026 18:08:05,23.87,0.0,0.0,0.01,0.00,,,,,
4671,05/12/2026 18:08:10,23.87,0.0,0.0,0.01,0.00,,,,,
4672,05/12/2026 18:08:15,23.87,0.0,0.0,0.01,0.00,,,,,
4673,05/12/2026 18:08:20,23.87,0.0,0.0,0.01,0.00,,,,,
4674,05/12/2026 18:08:25,23.87,0.0,0.0,0.01,0.00,,,,,
4675,05/12/2026 18:08:30,23.87,0.0,0.0,0.01,0.00,,,,,
4676,05/12/2026 18:08:35,23.87,0.0,0.0,0.01,0.00,,,,,
4677,05/12/2026 18:08:40,23.87,0.0,0.0,0.01,0.00,,,,,
4678,05/12/2026 18:08:45,23.87,0.0,0.0,0.01,0.00,,,,,
4679,05/12/2026 18:08:50,23.86,0.0,0.0,0.01,0.00,,,,,
4680,05/12/2026 18:08:55,23.86,0.0,0.0,0.01,0.00,,,,,
4681,05/12/2026 18:09:00,23.86,0.0,0.0,0.01,0.00,,,,,
4682,05/12/2026 18:09:05,23.86,0.0,0.0,0.01,0.00,,,,,
4683,05/12/2026 18:09:10,23.86,0.0,0.0,0.01,0.00,,,,,
4684,05/12/2026 18:09:15,23.86,0.0,0.0,0.01,0.00,,,,,
4685,05/12/2026 18:09:20,23.86,0.0,0.0,0.01,0.00,,,,,
4686,05/12/2026 18:09:25,23.86,0.0,0.0,0.01,0.00,,,,,
4687,05/12/2026 18:09:30,23.86,0.0,0.0,0.01,0.00,,,,,
4688,05/12/2026 18:09:35,23.85,0.0,0.0,0.01,0.00,,,,,
4689,05/12/2026 18:09:40,23.85,0.0,0.0,0.01,0.00,,,,,
4690,05/12/2026 18:09:45,23.85,0.0,0.0,0.01,0.00,,,,,
4691,05/12/2026 18:09:50,23.85,0.0,0.0,0.01,0.00,,,,,
4692,05/12/2026 18:09:55,23.85,0.0,0.0,0.01,0.00,,,,,
4693,05/12/2026 18:10:00,23.85,0.0,0.0,0.01,0.00,,,,,
4694,05/12/2026 18:10:05,23.85,0.0,0.0,0.01,0.00,,,,,
4695,05/12/2026 18:10:10,23.85,0.0,0.0,0.01,0.00,,,,,
4696,05/12/2026 18:10:15,23.85,0.0,0.0,0.01,0.00,,,,,
4697,05/12/2026 18:10:20,23.85,0.0,0.0,0.01,0.00,,,,,
4698,05/12/2026 18:10:25,23.85,0.0,0.0,0.01,0.00,,,,,
4699,05/12/2026 18:10:30,23.85,0.0,0.0,0.01,0.00,,,,,
4700,05/12/2026 18:10:35,23.84,0.0,0.0,0.01,0.00,,,,,
4701,05/12/2026 18:10:40,23.84,0.0,0.0,0.01,0.00,,,,,
4702,05/12/2026 18:10:45,23.84,0.0,0.0,0.01,0.00,,,,,
4703,05/12/2026 18:10:50,23.84,0.0,0.0,0.01,0.00,,,,,
4704,05/12/2026 18:10:55,23.84,0.0,0.0,0.01,0.00,,,,,
4705,05/12/2026 18:11:00,23.84,0.0,0.0,0.01,0.00,,,,,
4706,05/12/2026 18:11:05,23.84,0.0,0.0,0.01,0.00,,,,,
4707,05/12/2026 18:11:10,23.84,0.0,0.0,0.01,0.00,,,,,
4708,05/12/2026 18:11:15,23.83,0.0,0.0,0.01,0.00,,,,,
4709,05/12/2026 18:11:20,23.83,0.0,0.0,0.01,0.00,,,,,
4710,05/12/2026 18:11:25,23.83,0.0,0.0,0.01,0.00,,,,,
4711,05/12/2026 18:11:30,23.83,0.0,0.0,0.01,0.00,,,,,
4712,05/12/2026 18:11:35,23.83,0.0,0.0,0.01,0.00,,,,,
4713,05/12/2026 18:11:40,23.83,0.0,0.0,0.01,0.00,,,,,
4714,05/12/2026 18:11:45,23.83,0.0,0.0,0.01,0.00,,,,,
4715,05/12/2026 18:11:50,23.83,0.0,0.0,0.01,0.00,,,,,
4716,05/12/2026 18:11:55,23.83,0.0,0.0,0.01,0.00,,,,,
4717,05/12/2026 18:12:00,23.82,0.0,0.0,0.01,0.00,,,,,
4718,05/12/2026 18:12:05,23.82,0.0,0.0,0.01,0.00,,,,,
4719,05/12/2026 18:12:10,23.82,0.0,0.0,0.01,0.00,,,,,
4720,05/12/2026 18:12:15,23.82,0.0,0.0,0.01,0.00,,,,,
4721,05/12/2026 18:12:20,23.82,0.0,0.0,0.01,0.00,,,,,
4722,05/12/2026 18:12:25,23.82,0.0,0.0,0.01,0.00,,,,,
4723,05/12/2026 18:12:30,23.82,0.0,0.0,0.01,0.00,,,,,
4724,05/12/2026 18:12:35,23.82,0.0,0.0,0.01,0.00,,,,,
4725,05/12/2026 18:12:40,23.82,0.0,0.0,0.01,0.00,,,,,
4726,05/12/2026 18:12:45,23.82,0.0,0.0,0.01,0.00,,,,,
4727,05/12/2026 18:12:50,23.82,0.0,0.0,0.01,0.00,,,,,
4728,05/12/2026 18:12:55,23.82,0.0,0.0,0.01,0.00,,,,,
4729,05/12/2026 18:13:00,23.82,0.0,0.0,0.01,0.00,,,,,
4730,05/12/2026 18:13:05,23.82,0.0,0.0,0.01,0.00,,,,,
4731,05/12/2026 18:13:10,23.81,0.0,0.0,0.01,0.00,,,,,
4732,05/12/2026 18:13:15,23.81,0.0,0.0,0.01,0.00,,,,,
4733,05/12/2026 18:13:20,23.81,0.0,0.0,0.01,0.00,,,,,
4734,05/12/2026 18:13:25,23.81,0.0,0.0,0.01,0.00,,,,,
4735,05/12/2026 18:13:30,23.80,0.0,0.0,0.01,0.00,,,,,
4736,05/12/2026 18:13:35,23.80,0.0,0.0,0.01,0.00,,,,,
4737,05/12/2026 18:13:40,23.80,0.0,0.0,0.01,0.00,,,,,
4738,05/12/2026 18:13:45,23.80,0.0,0.0,0.01,0.00,,,,,
4739,05/12/2026 18:13:50,23.80,0.0,0.0,0.01,0.00,,,,,
4740,05/12/2026 18:13:55,23.79,0.0,0.0,0.01,0.00,,,,,
4741,05/12/2026 18:14:00,23.79,0.0,0.0,0.01,0.00,,,,,
4742,05/12/2026 18:14:05,23.78,0.0,0.0,0.01,0.00,,,,,
4743,05/12/2026 18:14:07,,,,,,,,Logged,,
4744,05/12/2026 18:14:08,,,,,,,,,Logged,
4745,05/12/2026 18:14:10,23.76,0.0,0.0,0.01,0.00,,,,,
4746,05/12/2026 18:14:15,23.74,0.0,0.0,0.01,0.00,,,,,
4747,05/12/2026 18:14:20,23.71,0.0,0.0,0.01,0.00,,,,,
4748,05/12/2026 18:14:23,,,,,,,Logged,,,
4749,05/12/2026 18:14:25,23.69,0.0,0.0,0.01,0.00,,,,,Logged